total_t,total_$,tw0,tw1,tw3,tw4
607,37440203,40,162,101,124
606,35332470,42,148,99,178
605,34347728,43,174,105,170
620,34102256,45,131,121,166
609,33774601,45,131,103,175
622,33349122,47,134,125,132
611,33292990,48,166,117,125
620,33206048,48,131,104,161
610,33202014,48,128,126,156
621,32993801,48,177,99,167
609,32944483,47,138,84,177
617,32913801,46,164,87,170
607,32909766,48,173,112,157
614,32885726,46,175,86,156
615,32873801,46,172,90,163
626,32710170,50,135,109,138
611,32678662,47,180,115,165
614,32460416,49,168,97,123
634,32406290,50,165,125,168
620,32403885,49,120,98,168
628,32399482,50,180,126,142
619,32383270,50,168,102,149
609,32315069,50,156,114,119
610,32289721,50,168,130,128
618,32280673,50,126,103,163
623,32231637,49,160,106,171
621,32191637,50,179,104,177
618,32131637,49,170,95,163
601,31987603,51,162,117,149
633,31905217,54,134,94,147
624,31883435,54,152,87,127
617,31880804,53,131,95,121
629,31856821,55,170,108,135
637,31826063,52,151,114,130
621,31818967,55,160,116,123
632,31807329,54,147,112,143
632,31771411,53,169,105,135
631,31752025,55,132,104,172
630,31731411,55,182,87,131
623,31694792,55,148,84,137
616,31693338,54,135,105,148
615,31689823,55,145,98,127
630,31686063,54,167,107,133
614,31683319,55,139,96,129
633,31672970,54,166,98,146
632,31652970,54,170,103,140
616,31628557,53,183,101,128
630,31603467,54,133,112,180
627,31588814,54,132,94,177
625,31586063,52,160,117,136
630,31581044,54,148,104,168
636,31574431,55,165,120,162
605,31557593,52,143,96,128
625,31548814,54,137,103,168
629,31547622,55,162,109,138
632,31539778,54,164,106,170
631,31519778,55,159,90,170
606,31518967,53,164,113,124
619,31512025,55,133,94,178
628,31509289,55,148,89,141
622,31508345,55,132,103,168
630,31499778,55,171,102,165
626,31487622,53,173,110,135
633,31483417,51,107,97,140
642,31472419,59,136,109,129
600,31457593,54,137,92,123
610,31444780,52,130,122,148
638,31437766,59,137,93,127
614,31421091,53,179,90,153
641,31414555,58,137,87,134
625,31399778,55,166,101,169
623,31359778,53,176,101,171
619,31359023,54,137,98,173
625,31354431,55,170,127,163
618,31341044,52,151,95,161
636,31336670,61,137,79,139
619,31329289,54,170,96,147
623,31314431,54,168,113,166
621,31294217,54,166,71,176
640,31287008,58,129,94,136
607,31281091,52,164,88,151
619,31279778,53,162,104,176
646,31278450,61,138,113,147
643,31263797,61,137,101,137
638,31247008,61,132,98,133
628,31224154,61,132,93,129
631,31214555,56,133,100,133
640,31203797,61,141,104,136
638,31201661,58,127,109,133
646,31196876,60,160,75,131
622,31195391,55,161,97,185
597,31194283,53,173,93,133
641,31188567,61,140,97,149
636,31187634,59,171,82,134
637,31185519,61,164,97,127
639,31183797,61,141,94,131
618,31176565,55,159,121,162
646,31174761,61,169,92,131
635,31167634,59,166,79,130
636,31165519,59,158,97,130
638,31160172,58,173,110,134
644,31156876,60,162,84,139
640,31154824,61,161,133,139
636,31145912,61,141,85,137
600,31141091,53,170,94,155
615,31125182,53,153,106,174
623,31124154,58,135,106,127
634,31121661,61,132,117,137
634,31119716,59,124,111,135
620,31116701,61,132,86,126
639,31116027,61,151,106,130
618,31115391,55,163,93,178
643,31114761,60,177,98,132
632,31107634,61,178,84,135
638,31096027,57,145,88,140
642,31094761,60,172,101,136
617,31094565,59,126,109,121
610,31081178,58,114,99,118
615,31079835,54,170,109,176
636,31078450,58,129,118,135
641,31075376,59,126,91,162
628,31073173,61,152,97,114
635,31068567,59,129,92,136
633,31063797,56,137,92,137
624,31060943,59,135,99,124
640,31055376,61,135,100,160
638,31051294,61,117,120,163
638,31050680,56,145,108,133
624,31047665,61,159,104,126
637,31047471,61,141,81,159
638,31045356,61,142,98,141
632,31043797,61,135,105,134
603,31039023,53,142,94,171
634,31038450,59,140,121,130
641,31030028,61,142,112,181
610,31029987,55,174,93,168
641,31029414,59,183,114,132
629,31025519,61,163,90,128
639,31025332,60,159,129,135
631,31023797,59,126,90,137
622,31020943,57,141,104,123
631,31020172,61,166,123,133
637,31017491,60,128,83,160
638,31014761,60,170,98,136
635,30998992,59,158,70,135
636,30997491,57,128,77,165
637,30995376,57,130,106,163
637,30994761,57,187,104,134
627,30981661,57,135,113,137
632,30976642,60,112,93,168
636,30974761,59,161,98,140
627,30971907,61,165,96,123
638,30969414,60,167,124,144
630,30968567,61,129,101,153
625,30967826,60,149,110,117
628,30963797,61,141,104,137
622,30962318,61,176,123,120
657,30956406,72,123,81,133
641,30956320,61,186,95,137
635,30955376,59,126,92,169
637,30950028,60,136,109,172
632,30944887,61,121,92,154
633,30937491,58,132,81,166
634,30935376,61,134,104,166
634,30934761,56,195,100,139
636,30929414,59,184,112,144
645,30923128,60,164,96,160
617,30920943,57,128,89,128
626,30920172,59,162,108,127
634,30920009,61,140,115,136
621,30916689,60,135,106,156
633,30915376,61,133,96,162
633,30914761,57,160,90,133
655,30914461,72,118,79,129
637,30912164,58,141,97,166
624,30911907,61,171,98,128
623,30911341,60,124,108,149
631,30911294,57,116,111,187
643,30905244,59,164,81,160
632,30895376,58,142,105,169
632,30894761,56,195,105,141
620,30894743,61,138,106,147
636,30892164,61,135,91,168
634,30889414,58,175,120,137
626,30888567,58,125,98,150
615,30880943,61,141,101,122
632,30880009,59,135,115,141
631,30874761,60,161,105,134
635,30872164,61,137,93,163
633,30870028,60,130,108,187
614,30869780,61,168,84,123
630,30855376,60,123,99,169
634,30852164,58,127,101,161
621,30851907,60,171,100,127
601,30849987,53,169,102,180
632,30849414,60,171,119,132
632,30845754,60,124,77,174
630,30840009,60,135,121,144
643,30837781,60,165,112,168
628,30836876,59,174,85,134
635,30836320,56,187,87,138
609,30835790,59,162,99,111
615,30835596,61,137,123,127
629,30835376,61,133,102,181
608,30831354,58,138,117,110
622,30829938,58,147,74,157
631,30829414,61,197,110,137
654,30828944,72,120,109,135
622,30826560,61,165,117,128
628,30824441,60,177,106,148
640,30823128,60,168,90,168
634,30815433,60,121,107,178
628,30815376,61,132,104,172
620,30813477,58,141,101,156
632,30812164,59,137,98,166
631,30811695,60,126,94,179
630,30809414,58,155,120,138
653,30808944,72,129,113,130
638,30805244,61,169,83,165
607,30804154,59,129,91,129
631,30803639,61,116,102,177
639,30803128,60,155,97,163
650,30794291,72,133,92,134
630,30794280,61,140,81,169
653,30793195,72,140,78,141
631,30792164,60,140,98,171
618,30791907,57,167,93,129
617,30791341,61,134,107,157
635,30790973,56,172,119,144
623,30787002,61,118,85,151
656,30785732,71,139,123,133
637,30785244,61,164,83,170
624,30784887,59,135,86,148
634,30784394,56,151,102,162
654,30783596,72,123,133,127
657,30783310,72,146,103,133
638,30783128,58,179,98,167
635,30781470,57,131,128,163
624,30779606,61,141,70,170
628,30777586,61,144,91,139
632,30776320,59,165,94,145
626,30775376,60,128,96,169
626,30774761,57,160,91,132
630,30772164,56,139,95,171
617,30771907,60,166,96,129
628,30769414,58,171,115,135
606,30768931,58,145,101,126
623,30764887,61,126,106,156
628,30764090,56,133,106,163
630,30764066,60,172,132,143
629,30763639,59,120,106,170
625,30755376,57,124,102,173
650,30755310,68,128,71,129
648,30754291,70,128,90,134
628,30754280,58,136,80,171
629,30752164,61,134,105,170
652,30751080,72,132,101,144
633,30750973,56,168,113,146
623,30750680,57,145,118,156
650,30748944,72,126,108,131
619,30748567,58,122,90,141
652,30746914,71,117,83,134
624,30744441,59,186,91,152
632,30744394,60,144,99,168
628,30743639,58,119,106,171
636,30743128,61,190,95,160
626,30741676,57,126,89,139
624,30739540,59,131,107,155
638,30737781,61,167,117,164
646,30736406,67,131,80,135
647,30734291,71,134,97,131
627,30731695,61,127,102,170
651,30731080,69,134,91,127
620,30729587,59,139,70,146
649,30728944,67,128,123,133
618,30728567,61,143,100,143
612,30728324,59,154,87,140
633,30727359,60,173,72,161
630,30726817,56,137,115,165
617,30726560,59,158,116,127
653,30725732,72,129,112,135
635,30723128,58,171,95,170
631,30722373,61,139,91,169
625,30719094,61,161,116,154
633,30719047,59,153,123,165
637,30717781,57,183,111,161
629,30714299,61,141,106,164
646,30714291,71,129,89,131
614,30711907,60,162,105,129
650,30711080,68,132,101,135
648,30708944,72,132,120,135
612,30707826,56,149,110,129
623,30705736,61,132,85,160
652,30705732,72,134,117,128
654,30705648,72,140,79,130
650,30703596,68,127,130,139
655,30703533,71,122,92,132
634,30703128,61,176,95,181
624,30701676,60,141,97,147
644,30696406,71,128,85,127
622,30694761,61,165,103,156
645,30694291,70,133,99,127
613,30691907,61,154,106,128
649,30691080,66,139,91,131
637,30688533,61,163,94,187
651,30685732,67,138,107,127
632,30685244,59,180,84,161
633,30683128,61,175,100,159
656,30682044,72,172,105,127
628,30679684,58,137,83,181
635,30677781,60,170,115,161
626,30676414,57,129,76,158
623,30674192,61,120,134,148
630,30672640,59,178,97,159
624,30671695,58,131,88,175
648,30671080,64,141,101,130
618,30668672,60,171,69,149
650,30665732,68,138,124,134
620,30664441,60,148,93,149
654,30664159,72,172,75,127
631,30663604,61,143,130,156
653,30663533,72,124,90,132
651,30663310,71,148,103,128
632,30663128,58,165,101,167
655,30662044,71,165,106,142
630,30659047,58,150,119,166
610,30658899,61,151,105,132
625,30658435,58,177,80,139
630,30657026,60,139,111,170
657,30656696,72,172,108,132
637,30656437,71,124,100,124
620,30655376,59,128,97,159
629,30652640,59,179,100,148
624,30652164,57,138,98,175
647,30651080,70,138,93,135
634,30650648,57,174,84,179
622,30649414,61,172,108,143
645,30648944,66,125,108,142
650,30647764,71,133,70,139
613,30646560,60,165,119,126
615,30645707,59,179,91,150
630,30645244,61,163,81,171
619,30644441,61,166,93,158
652,30643533,72,133,102,131
649,30643238,65,154,61,133
631,30643128,60,161,102,169
627,30642373,61,129,94,166
654,30642044,71,167,106,127
654,30638186,72,135,110,131
633,30637781,60,172,118,174
629,30637026,61,143,107,173
656,30636696,72,176,108,133
636,30636437,72,129,91,118
619,30635376,61,125,92,165
642,30634291,64,123,98,130
610,30631907,60,167,98,122
646,30631080,70,133,92,133
630,30629799,59,153,97,174
644,30628944,64,118,107,134
634,30628533,60,164,86,185
648,30625732,67,137,110,143
618,30624441,58,172,96,157
651,30623533,72,126,88,134
630,30623128,58,174,104,178
653,30622044,71,165,103,129
650,30620385,70,139,128,127
655,30620322,72,133,88,134
653,30618186,70,129,114,142
632,30617781,60,180,109,190
628,30616718,61,148,83,172
635,30616437,72,125,100,122
623,30616414,58,130,80,142
640,30616406,70,134,83,127
627,30612640,57,160,97,154
609,30611907,58,170,102,129
621,30611695,57,134,90,172
645,30611080,67,134,103,127
624,30606817,57,136,107,173
647,30605732,70,141,114,136
649,30605648,71,136,85,145
646,30604799,70,117,106,134
617,30604441,59,171,101,148
625,30604394,56,144,105,169
650,30603533,69,132,100,130
629,30603128,57,174,104,178
653,30602437,70,130,85,137
625,30602373,59,135,106,191
652,30602044,70,174,96,130
654,30600322,70,132,103,130
604,30598804,57,128,83,158
652,30598186,70,133,127,147
650,30597962,71,152,120,134
652,30597878,72,145,81,151
631,30597781,56,192,109,169
654,30596696,70,172,115,129
634,30596437,70,130,93,121
632,30593337,60,163,100,177
636,30591090,70,131,113,122
625,30590973,57,176,122,143
619,30589414,59,159,115,138
611,30587823,58,158,84,150
628,30587292,58,181,112,141
649,30586274,72,172,70,132
648,30585648,70,131,79,136
627,30585244,56,155,84,172
645,30584799,70,114,86,135
644,30583596,63,128,136,128
649,30583533,71,139,102,132
647,30583310,71,145,100,128
628,30583128,60,167,97,167
624,30582373,61,134,94,173
651,30582044,72,170,97,139
614,30580360,61,151,108,158
653,30580322,72,142,91,134
618,30579094,56,162,119,156
630,30577781,59,162,107,159
653,30576696,70,166,111,134
639,30574291,71,126,97,137
643,30571080,67,141,98,127
627,30569799,59,145,93,178
631,30568533,59,167,100,180
646,30567764,72,122,74,132
645,30565732,62,135,113,132
647,30565648,72,134,82,138
615,30564441,60,161,102,157
649,30564159,70,169,84,128
643,30563596,72,130,133,128
648,30563533,69,136,90,131
627,30563128,60,158,103,174
651,30562437,71,140,83,143
623,30562373,59,139,91,177
650,30562044,72,162,104,130
648,30561588,72,123,90,139
652,30560322,72,132,99,139
631,30559915,61,168,117,150
639,30558734,72,123,90,129
650,30558186,69,128,114,139
648,30557962,68,164,107,132
629,30557781,57,171,110,173
652,30556696,72,165,107,129
632,30556437,71,124,89,122
637,30556406,65,130,75,128
654,30554974,71,138,119,141
638,30554291,62,138,100,134
655,30552552,69,147,87,135
618,30551695,61,122,86,161
654,30551349,72,173,128,134
634,30551090,71,128,111,116
623,30550973,61,159,109,156
640,30548944,72,124,116,127
626,30547292,60,168,118,154
646,30545648,71,131,84,141
628,30545263,60,169,89,165
612,30544887,60,132,95,152
648,30544159,70,176,84,135
647,30543533,71,129,101,136
626,30543128,60,164,97,161
637,30542794,72,119,84,123
649,30542044,68,175,102,129
651,30540322,70,125,98,130
618,30538274,60,123,120,164
647,30537962,71,150,111,141
628,30537781,57,164,112,173
651,30536696,69,184,111,130
631,30536437,68,119,101,119
649,30536240,71,124,111,131
650,30535763,67,150,106,148
653,30534974,71,132,122,135
620,30534299,57,142,98,158
637,30534291,68,127,94,130
629,30533337,60,158,96,168
635,30533226,68,129,106,126
640,30533195,70,142,85,132
623,30532640,59,165,97,149
629,30532356,71,110,114,117
637,30532346,63,116,103,128
658,30531286,72,164,99,137
641,30531080,68,132,101,130
655,30529627,72,127,131,138
643,30525732,65,130,112,127
645,30525648,70,128,82,145
627,30525263,57,177,104,147
624,30525244,57,154,82,163
613,30524441,56,187,97,157
621,30524394,59,146,99,169
647,30524159,72,191,83,131
646,30523533,72,130,87,152
625,30523128,58,169,93,168
649,30522437,72,142,83,134
648,30522044,63,174,106,136
646,30521588,67,124,106,132
637,30520679,71,134,105,122
650,30520322,71,138,96,137
623,30519047,59,171,124,167
648,30518186,71,123,116,142
627,30517781,61,172,109,168
650,30516696,71,168,116,141
630,30516437,66,125,103,110
652,30514974,72,137,109,137
628,30513337,57,175,106,185
634,30513226,70,135,92,120
639,30513195,71,142,79,130
650,30512838,72,130,132,137
632,30511090,68,130,108,121
640,30511080,69,136,96,127
627,30510648,60,168,78,180
638,30508944,68,128,117,134
630,30507990,60,179,111,172
625,30507378,61,174,82,147
622,30507359,61,172,71,165
655,30507204,71,159,120,133
651,30505092,72,127,97,136
644,30503703,72,121,84,139
640,30503596,66,120,135,130
645,30503533,71,119,90,135
643,30503310,72,144,94,128
624,30503128,61,159,99,170
647,30502044,72,167,102,131
636,30500679,70,129,103,129
627,30500668,71,118,69,126
649,30500322,69,133,105,136
674,30498417,72,138,102,196
647,30498186,72,121,109,132
645,30497962,66,151,107,131
649,30496696,72,166,115,135
629,30496437,70,124,101,121
647,30496240,71,122,119,137
626,30495452,61,181,85,171
651,30494974,70,136,120,131
679,30494729,72,171,86,196
655,30494016,72,132,75,160
655,30493401,72,165,80,131
627,30493337,61,187,102,172
652,30492552,72,148,98,136
656,30491286,71,172,94,136
631,30491090,72,139,110,124
637,30488944,65,132,120,136
617,30486422,61,151,128,163
640,30484799,72,117,100,143
611,30484441,61,157,94,156
644,30483533,66,127,95,133
634,30482794,71,142,83,129
646,30482044,72,166,105,131
648,30480322,69,141,101,136
613,30479094,61,165,114,157
646,30478186,70,135,111,138
648,30476696,71,160,122,132
617,30476320,61,161,100,163
631,30475341,71,135,80,122
650,30474974,72,134,111,133
650,30474667,70,150,82,135
654,30473401,71,168,82,134
626,30473337,60,174,106,175
632,30473226,66,129,104,126
651,30473166,71,129,99,155
651,30472552,72,155,101,133
655,30471900,72,131,100,161
655,30471286,70,162,105,132
630,30471090,72,121,109,110
638,30471080,66,142,101,133
628,30467990,60,167,117,182
640,30465732,64,129,116,127
642,30465648,67,122,80,137
621,30465244,60,175,81,163
649,30465092,71,128,102,140
623,30464562,71,134,105,111
610,30464441,61,178,91,147
643,30463533,68,119,88,132
641,30463310,71,152,97,132
622,30463128,59,162,91,162
646,30462437,72,129,83,134
645,30462044,71,156,89,129
634,30460679,69,120,106,127
647,30460322,69,140,86,132
641,30459452,69,117,107,131
627,30458362,72,131,100,130
645,30458186,70,133,118,152
624,30457781,56,183,112,161
623,30457568,59,157,66,179
647,30456696,68,174,112,128
627,30456437,63,137,91,122
624,30455452,58,163,78,185
636,30455332,71,122,116,117
649,30454974,72,132,108,132
653,30454016,72,128,82,161
625,30453337,59,166,90,170
631,30453226,68,142,88,117
647,30452838,70,127,130,141
650,30452552,70,146,92,136
654,30451286,71,150,103,132
650,30451221,72,112,106,155
629,30451090,71,126,109,121
618,30450973,57,170,109,143
635,30448944,67,133,109,128
627,30447990,60,161,108,169
633,30447878,72,143,107,126
640,30447764,72,125,74,133
647,30447207,67,129,77,141
644,30446358,72,113,96,149
637,30446305,72,155,85,116
639,30445732,66,136,121,128
641,30445648,70,133,78,134
609,30444441,61,177,97,149
638,30444190,71,188,91,124
643,30444159,67,182,85,136
642,30443533,65,130,91,141
617,30442373,61,136,91,171
644,30442044,69,162,105,130
635,30441698,72,143,70,125
633,30440679,72,132,96,122
646,30440322,70,139,90,137
611,30439094,56,183,113,158
644,30438186,69,136,116,145
642,30437962,71,148,121,132
623,30437781,60,154,117,178
646,30436696,72,171,117,128
631,30436598,72,113,126,126
615,30436320,58,161,104,140
629,30435341,68,140,79,123
648,30434974,71,143,109,133
652,30433401,69,172,85,138
624,30433337,58,170,100,164
630,30433226,70,138,90,121
646,30432838,71,126,137,139
649,30432552,63,161,93,136
639,30432120,72,137,124,123
653,30431900,69,129,101,172
648,30431349,71,155,135,128
653,30431286,70,165,100,130
657,30428689,71,141,92,160
651,30427204,70,144,126,134
643,30426358,72,111,100,151
655,30425938,71,171,111,142
633,30425456,72,158,104,122
608,30424441,57,168,92,154
641,30423533,72,131,100,138
620,30423128,59,163,100,172
634,30422531,72,128,128,119
616,30422373,59,141,88,169
643,30422044,70,185,102,130
632,30420679,68,119,104,128
645,30420322,70,140,97,140
635,30420108,72,147,118,122
643,30418186,66,126,114,141
622,30417781,61,163,111,169
645,30416696,72,193,110,130
647,30414974,72,142,119,143
647,30414667,66,144,78,131
636,30414479,68,131,105,140
631,30414291,71,137,90,138
611,30414086,68,116,93,104
651,30413401,70,165,85,130
639,30413383,71,131,81,148
629,30413226,70,141,104,124
648,30413166,68,115,99,165
648,30412552,70,144,95,135
652,30411286,72,164,100,152
627,30411090,69,125,121,125
613,30409303,60,159,109,157
650,30407204,70,145,111,133
606,30406557,59,170,82,154
654,30406553,71,130,113,159
642,30406358,72,116,95,143
635,30406305,68,168,82,126
654,30405938,72,189,112,134
632,30405456,68,145,91,117
646,30405092,70,131,98,137
649,30403996,69,131,77,144
640,30403533,71,137,97,151
619,30403128,60,153,106,167
643,30402437,71,128,84,148
642,30402044,72,166,96,133
631,30400679,72,136,98,116
644,30400322,66,130,95,131
634,30400108,70,155,108,121
642,30398186,65,125,107,135
640,30397962,69,145,114,127
621,30397781,60,154,111,179
601,30397633,58,156,95,132
635,30397468,68,133,95,120
644,30396696,65,175,111,128
633,30395332,71,120,107,128
646,30394974,70,142,111,141
610,30394650,57,183,106,150
622,30393337,56,164,106,190
628,30393226,71,138,103,126
647,30392552,72,155,97,131
603,30392286,56,172,114,132
637,30392120,72,131,110,125
651,30391900,68,132,94,161
646,30391349,69,162,139,136
651,30391286,72,168,87,130
626,30391090,72,131,118,122
648,30389627,67,134,132,135
653,30385938,71,175,126,134
638,30385648,64,119,83,140
631,30385456,71,150,104,125
645,30385092,67,133,106,135
635,30384190,70,161,93,126
639,30383533,72,137,86,141
629,30383320,71,148,120,126
618,30383128,60,165,100,169
641,30382044,71,156,104,129
649,30381881,70,139,102,138
630,30380679,68,132,90,128
643,30380322,72,138,96,147
633,30379583,69,141,83,120
608,30379094,60,180,111,155
637,30378842,72,157,114,125
641,30378186,72,141,109,143
643,30376696,70,162,112,129
623,30376437,70,124,90,126
645,30374974,69,137,117,140
645,30374667,70,146,84,141
629,30374291,64,136,98,133
652,30374111,71,154,105,143
649,30373401,65,170,83,132
621,30373337,59,156,105,167
646,30372552,72,160,105,134
636,30372120,70,136,120,124
650,30371900,70,131,101,162
645,30371349,65,164,130,131
650,30371286,68,169,92,134
625,30371090,72,124,124,124
653,30370804,72,138,84,167
654,30368689,72,133,105,169
670,30367779,87,139,79,133
643,30367207,71,138,80,150
648,30367204,72,156,118,134
604,30366557,61,166,84,157
652,30365938,72,177,119,137
635,30365732,71,126,116,134
630,30365456,67,150,92,126
619,30365263,60,158,106,158
644,30365092,70,126,104,144
634,30364799,72,117,92,132
652,30364608,72,123,114,164
634,30364190,72,162,93,124
638,30363533,68,119,92,137
617,30363128,59,167,95,164
641,30362437,64,140,85,134
653,30362185,72,148,99,157
640,30362044,63,181,96,130
629,30360679,72,125,96,127
654,30360591,70,174,128,132
642,30360322,67,135,94,144
636,30358842,72,172,112,112
621,30358552,67,133,77,118
640,30358186,63,127,112,131
638,30357962,71,153,110,134
633,30357468,72,142,104,120
642,30356696,72,173,121,133
650,30356533,71,137,115,139
644,30354974,71,142,109,135
648,30354016,69,129,79,161
648,30353401,70,160,82,137
620,30353337,60,186,94,174
626,30353226,65,129,89,125
645,30353166,70,115,101,173
645,30352552,69,148,94,135
649,30351900,67,133,93,172
649,30351286,69,170,87,140
637,30351268,71,128,99,150
624,30351090,71,123,122,122
632,30351080,66,137,103,128
652,30350804,70,138,83,160
653,30348689,68,137,93,165
640,30348432,72,175,91,116
647,30347819,71,108,112,170
647,30347204,70,151,115,133
651,30346553,69,123,119,164
651,30345938,69,172,113,132
643,30345092,72,133,88,144
651,30344608,66,138,112,158
639,30344552,64,132,71,136
633,30344190,72,183,90,121
637,30343533,72,127,98,135
626,30342964,71,123,73,128
639,30342044,72,147,100,130
641,30340322,66,139,102,135
645,30339745,70,141,119,144
635,30338842,69,165,120,124
639,30338186,72,127,115,148
632,30337468,70,136,104,126
641,30336696,67,173,127,130
649,30336533,72,132,116,143
630,30335332,69,131,108,128
643,30335282,69,114,82,173
643,30334974,71,141,108,140
632,30334479,69,109,94,154
647,30334016,69,131,80,160
647,30333401,69,166,84,133
619,30333337,57,175,86,177
636,30333213,71,126,105,158
644,30332552,68,150,99,136
634,30332120,70,132,117,127
647,30332070,68,139,79,157
648,30331900,68,125,102,161
672,30331497,69,166,84,195
643,30331349,62,183,134,129
648,30331286,71,158,104,147
652,30328689,72,137,106,170
639,30328432,72,167,100,129
646,30327204,72,144,112,145
650,30326553,72,119,123,164
631,30326305,70,169,85,126
650,30325938,66,165,112,131
635,30325648,71,131,84,138
628,30325456,66,146,104,120
642,30325092,66,123,103,143
632,30324190,71,177,94,123
636,30323533,70,126,88,134
638,30322044,70,163,102,130
646,30321881,71,142,89,152
648,30321857,70,144,132,141
640,30321011,66,114,113,148
627,30320679,71,136,96,125
640,30320322,70,130,88,149
644,30319745,71,135,108,145
634,30318842,70,153,107,115
638,30318186,71,125,112,131
617,30317781,59,183,108,174
631,30317468,70,137,90,126
633,30317444,72,132,73,146
640,30316696,65,164,115,127
648,30316533,69,142,119,138
620,30316437,69,136,102,126
617,30315452,58,166,79,186
629,30315332,70,131,110,127
634,30315329,70,140,77,142
642,30315282,71,111,84,180
642,30314974,71,132,113,134
642,30314667,72,145,77,141
645,30314186,72,122,73,171
646,30313401,65,183,82,132
618,30313337,58,177,102,172
624,30313226,69,136,90,113
635,30313213,69,132,90,157
630,30312909,68,146,99,128
633,30312120,70,134,112,129
647,30311900,70,130,94,163
642,30311349,71,166,134,128
647,30311286,72,170,95,131
622,30311090,65,124,122,124
631,30309984,68,137,136,129
634,30309698,71,145,103,126
644,30309627,72,141,132,149
651,30308689,72,140,94,163
618,30308533,60,157,97,181
638,30308432,72,169,93,116
629,30308420,63,176,65,120
637,30307866,72,140,113,141
614,30307292,60,170,115,157
645,30307204,63,150,111,132
664,30306930,81,112,94,132
649,30306553,70,128,116,172
637,30306358,71,111,103,135
630,30306305,71,163,85,125
643,30306111,69,141,69,163
649,30305938,66,167,119,131
668,30305664,89,118,92,144
627,30305456,70,147,100,109
616,30305263,57,186,104,149
652,30305150,72,150,72,168
631,30304190,69,167,88,116
636,30304159,67,181,81,128
644,30303996,63,127,78,152
635,30303533,69,138,98,132
637,30302044,64,169,101,127
645,30301881,72,141,105,154
631,30301058,70,123,121,127
654,30300919,72,179,94,160
626,30300679,67,140,104,128
639,30300322,66,132,101,140
643,30299745,69,133,113,138
633,30299452,69,112,107,137
633,30298842,72,169,119,121
626,30298734,71,123,104,129
637,30298186,65,134,109,135
635,30297962,68,156,111,129
630,30297468,70,135,103,128
639,30296696,68,175,110,131
647,30296533,69,141,113,144
641,30294974,70,136,107,135
641,30294667,67,144,84,130
645,30294397,69,130,128,165
645,30294016,68,133,83,163
635,30293495,71,177,138,123
645,30293401,71,172,82,133
617,30293337,57,153,103,176
623,30293226,72,138,106,123
634,30293213,71,132,95,149
642,30293166,72,115,106,162
642,30292552,68,152,105,135
632,30292120,67,136,110,112
646,30291900,64,128,102,159
641,30291349,70,174,130,132
646,30291286,71,167,99,133
621,30291090,64,128,122,118
636,30290547,71,171,76,125
646,30289955,70,129,102,161
643,30289627,65,132,135,134
650,30288689,69,138,104,161
617,30288533,61,171,95,183
637,30288432,70,171,100,129
625,30287878,72,133,107,124
648,30286553,66,132,110,165
636,30286358,70,117,94,146
648,30285938,72,162,108,132
667,30285664,89,137,101,127
640,30285092,72,123,100,144
614,30284562,65,122,99,111
630,30284190,71,158,101,126
634,30283533,72,118,90,137
613,30283128,57,183,105,170
652,30283034,72,153,76,157
636,30282044,72,174,100,132
644,30281881,67,128,91,135
646,30281857,69,145,130,132
647,30281535,69,135,66,176
650,30281206,66,127,130,168
630,30281058,68,132,108,134
653,30280919,70,190,106,155
625,30280679,69,133,93,122
650,30280591,69,170,131,131
638,30280322,70,134,100,131
669,30280316,93,124,109,130
642,30279745,71,122,115,144
632,30279452,72,104,126,141
632,30278842,70,165,122,126
636,30278186,62,122,107,136
639,30278151,71,144,108,149
649,30277075,71,154,74,158
655,30275572,71,161,109,153
627,30275332,71,138,117,127
640,30274974,72,132,111,130
640,30274667,68,156,78,131
604,30274650,57,165,94,156
644,30274016,71,137,82,162
634,30273495,68,167,129,125
644,30273401,72,173,84,134
641,30273166,67,115,103,166
651,30272845,72,171,86,146
634,30272662,69,154,69,127
641,30272552,68,158,105,139
631,30272120,72,140,127,124
645,30271900,68,138,102,164
631,30271813,69,165,78,123
645,30271286,71,182,105,140
620,30271090,67,128,113,118
635,30270547,68,178,85,125
632,30269698,70,158,97,121
649,30268689,72,140,101,174
636,30268432,72,169,99,129
618,30267990,57,157,108,190
665,30267779,89,126,79,127
624,30267571,72,151,82,125
638,30267207,70,130,80,142
662,30266930,93,104,97,141
647,30266553,72,134,117,165
628,30266305,69,163,76,113
647,30265938,72,162,121,155
665,30265834,85,111,85,128
639,30265092,71,130,89,145
629,30264190,68,160,96,122
648,30264130,72,149,91,167
642,30263996,71,143,83,141
633,30263533,67,122,102,135
651,30263342,71,127,110,165
638,30263084,72,160,120,129
638,30262678,72,111,95,152
636,30262437,72,127,80,143
635,30262044,71,159,104,134
643,30261881,69,140,93,142
664,30261582,85,112,107,127
617,30261350,70,136,89,109
652,30260919,72,146,97,169
624,30260679,70,129,91,129
641,30259745,71,123,118,146
631,30258842,71,160,119,113
635,30258186,71,130,117,140
633,30257962,71,144,108,148
628,30257468,70,134,92,120
648,30257075,68,157,71,139
637,30256696,62,165,120,128
645,30256533,70,136,123,144
670,30255960,69,170,118,180
630,30255499,68,121,73,153
626,30255332,70,134,109,129
646,30254111,69,146,105,135
643,30254016,72,133,81,165
643,30253401,65,173,81,142
626,30253386,69,124,122,127
631,30253383,71,138,80,141
632,30253213,70,135,92,150
640,30252552,70,145,105,132
630,30252120,72,141,120,127
644,30251900,71,143,98,159
644,30251286,71,165,97,131
636,30250002,72,134,102,155
644,30249955,67,118,106,169
663,30249894,89,138,69,136
631,30249698,72,156,99,127
641,30249627,70,140,130,138
648,30248689,70,141,96,165
635,30248432,72,179,88,120
642,30247819,66,119,113,158
642,30247204,70,148,109,141
646,30246553,68,129,112,166
627,30246305,72,168,80,111
640,30246111,65,133,71,142
646,30245938,68,168,107,132
665,30245664,88,125,100,135
629,30245309,71,138,76,134
638,30245092,71,131,105,154
628,30244799,71,114,99,144
633,30244350,68,158,114,125
646,30244300,70,149,84,152
628,30244190,72,197,104,125
647,30244130,70,151,101,160
641,30243996,70,143,84,146
632,30243533,65,121,106,136
650,30243342,70,136,107,176
637,30243084,72,167,119,128
622,30242794,66,119,83,122
635,30242437,66,139,83,138
642,30241881,67,138,90,147
644,30241857,71,152,131,142
654,30241768,72,161,84,171
628,30241058,70,142,111,133
651,30240919,70,144,101,165
623,30240679,71,134,97,127
648,30240591,65,175,130,138
636,30240322,62,137,100,136
640,30239745,71,134,126,137
655,30239653,72,170,101,161
646,30239420,71,129,80,173
630,30238842,67,158,127,126
634,30238186,67,128,127,141
632,30237962,72,150,109,128
632,30237846,72,140,117,130
627,30237468,69,131,90,124
636,30236696,64,159,111,146
644,30236533,72,138,116,143
616,30236437,62,140,98,126
641,30236131,72,132,70,177
653,30235572,71,188,114,156
625,30235332,67,122,112,129
630,30235329,69,141,78,156
638,30234974,72,140,114,140
648,30234960,70,179,82,157
638,30234667,67,148,85,138
627,30234479,70,129,92,147
642,30234016,70,133,84,168
628,30233928,70,145,71,129
642,30233401,68,163,80,137
625,30233386,72,122,118,129
645,30232920,66,141,71,167
649,30232845,72,174,98,141
639,30232552,68,160,88,142
629,30232120,72,138,120,124
643,30231900,72,125,86,171
643,30231286,70,174,92,154
631,30231268,72,115,92,156
633,30230547,69,170,82,125
635,30230002,72,142,100,146
627,30229984,67,132,129,121
629,30229132,72,111,109,153
647,30228689,71,126,95,160
634,30228432,70,165,96,126
633,30227866,68,121,114,154
622,30227571,70,146,77,118
651,30227497,70,166,115,138
645,30226553,68,132,113,163
625,30226405,70,121,102,134
645,30226246,72,148,82,165
645,30225938,63,172,109,138
628,30225732,68,135,122,127
664,30225664,92,132,96,128
645,30224608,71,118,113,168
627,30224190,70,170,102,121
646,30224130,72,144,86,175
640,30223996,70,126,84,139
631,30223533,70,130,93,136
649,30223342,72,125,113,165
629,30223194,68,141,106,133
636,30223084,70,169,113,120
649,30223034,67,170,85,166
634,30222437,71,140,77,134
633,30222044,70,190,105,135
641,30221881,66,130,103,147
647,30221206,69,124,129,173
650,30220919,72,146,89,164
622,30220679,72,131,94,129
647,30220591,68,172,129,148
635,30220322,72,136,91,141
625,30220108,66,150,110,123
654,30219653,71,157,86,168
629,30218842,66,180,110,120
626,30217468,72,136,103,125
646,30217305,72,135,99,187
635,30216696,65,170,116,130
643,30216533,65,136,117,148
624,30215332,70,131,113,129
637,30215282,64,117,81,162
637,30214974,68,130,112,140
626,30214479,68,116,92,156
641,30214016,70,120,82,165
641,30213401,71,157,80,133
630,30213213,69,134,95,154
638,30213166,71,110,87,172
648,30212845,71,180,93,142
638,30212552,72,149,86,136
628,30212120,71,140,109,129
633,30212117,72,142,83,157
642,30211900,71,127,97,163
642,30211286,69,170,87,137
630,30211268,70,121,90,158
645,30210804,71,134,84,168
632,30210547,71,174,77,124
634,30210002,72,138,104,151
642,30209955,70,119,102,161
629,30209698,72,149,97,122
641,30209486,72,117,93,165
646,30208689,72,128,95,165
633,30208432,72,168,99,123
621,30207878,71,137,115,115
632,30207866,72,122,108,152
640,30207819,72,113,113,162
659,30206930,92,115,99,134
644,30206553,72,122,114,161
625,30206305,72,156,82,121
644,30205938,71,173,109,139
632,30205921,72,138,119,148
663,30205664,90,123,104,127
636,30205092,62,135,99,145
636,30204655,71,136,113,158
636,30204347,70,153,77,149
626,30204190,72,176,102,120
648,30203342,68,129,121,159
628,30203194,68,130,96,122
636,30203147,67,120,96,143
635,30203084,70,157,108,121
648,30203034,70,157,85,152
667,30202452,92,140,89,133
637,30202232,72,159,89,147
652,30202150,72,158,130,146
632,30202044,72,157,102,133
640,30201881,70,132,98,135
652,30201768,72,170,82,167
649,30200919,66,147,89,166
621,30200679,67,135,94,129
646,30200591,69,172,128,135
616,30200572,65,179,103,108
634,30200322,69,132,98,130
665,30200316,93,133,117,127
624,30200108,68,152,119,122
638,30199745,64,125,123,152
653,30199653,72,157,98,166
628,30198842,70,177,112,124
630,30197846,70,138,118,134
625,30197468,65,140,99,127
645,30197305,67,128,98,183
634,30196696,70,172,121,131
642,30196533,70,137,112,144
641,30196064,72,130,114,138
616,30195696,72,147,76,111
651,30195572,72,144,122,162
623,30195332,69,129,109,129
636,30194974,71,142,122,136
646,30194960,67,168,83,139
655,30194306,72,171,122,166
643,30194111,66,153,88,139
640,30194016,65,133,81,169
640,30193401,71,171,84,130
629,30193213,72,141,106,155
637,30193166,71,116,98,166
643,30192920,72,137,70,166
647,30192845,71,174,91,147
637,30192552,67,145,106,135
641,30191900,72,139,92,170
641,30191286,70,162,93,143
629,30191268,68,126,92,147
644,30190804,69,134,85,160
631,30190547,71,171,81,120
633,30190002,71,138,92,154
657,30189045,93,114,83,130
645,30188689,67,140,95,160
632,30188432,72,169,86,122
620,30187878,66,130,110,124
631,30187866,71,134,108,154
649,30187497,68,163,125,140
658,30186930,89,110,101,127
643,30186553,62,128,111,162
624,30186305,70,179,76,120
643,30185938,71,172,124,134
631,30185921,67,132,120,147
662,30185664,91,143,106,128
636,30185642,71,131,73,152
635,30185092,67,133,103,143
643,30184608,69,119,111,178
630,30184350,70,144,108,127
644,30184130,71,149,92,167
638,30183996,67,131,77,149
629,30183533,64,139,105,136
647,30183342,67,139,109,161
627,30183194,71,142,91,131
634,30183084,70,170,120,115
644,30182185,64,145,93,157
639,30181881,70,135,98,145
651,30181768,72,167,85,161
638,30181412,69,123,88,141
648,30180919,68,154,86,164
620,30180679,71,139,92,129
645,30180591,66,178,133,140
664,30180316,93,125,107,128
642,30180146,69,122,90,165
652,30179653,69,176,88,163
643,30179420,72,123,82,186
627,30178842,65,167,119,121
631,30178186,67,130,114,137
637,30177799,68,116,121,157
624,30177468,72,134,103,122
668,30177105,85,131,118,130
638,30176885,70,167,118,146
633,30176696,68,157,108,130
638,30176131,70,125,68,168
640,30176064,71,126,112,162
632,30175763,69,148,99,133
650,30175572,71,145,120,160
622,30175332,63,139,109,122
635,30174974,71,141,117,134
645,30174960,72,179,82,149
604,30174755,59,185,79,151
654,30174306,71,172,115,174
642,30174111,70,145,103,136
639,30174016,68,127,79,166
639,30173401,69,180,83,130
628,30173213,72,130,89,158
646,30172845,67,171,87,152
633,30172838,72,134,130,148
636,30172552,69,155,103,143
620,30172314,68,167,91,109
626,30172120,71,139,107,124
646,30171957,69,140,107,181
640,30171900,64,121,92,163
640,30171286,64,170,106,132
636,30171221,69,117,104,160
632,30170002,66,132,89,157
640,30169955,69,116,89,169
659,30169894,89,131,69,135
626,30169132,66,117,110,151
644,30168689,70,141,105,165
631,30168432,72,174,93,123
643,30168220,71,125,97,162
630,30167866,69,123,120,158
638,30167819,72,112,107,161
648,30167497,72,172,126,147
633,30167207,70,132,85,143
638,30167204,71,157,114,130
657,30166930,88,112,92,131
642,30166553,65,126,107,170
623,30166305,63,180,83,126
624,30166115,72,172,103,127
642,30165938,67,184,127,133
661,30165664,91,128,87,130
627,30165648,70,130,82,141
620,30165456,64,148,98,118
634,30165092,72,130,104,137
642,30164608,68,121,123,162
629,30164350,70,144,120,117
624,30164190,62,170,89,111
643,30164130,72,144,106,172
649,30163884,71,161,74,160
660,30163646,87,138,62,128
636,30163527,72,142,75,154
646,30163342,72,137,110,167
607,30163128,61,160,105,172
633,30163084,67,170,122,118
635,30162232,71,157,87,149
638,30161881,70,129,100,143
650,30161768,70,161,83,167
659,30161582,84,105,118,132
624,30161058,66,124,122,134
639,30160966,72,169,102,152
647,30160919,72,160,92,163
644,30160591,64,159,128,136
632,30160322,70,131,103,143
663,30160316,86,120,121,138
641,30160146,69,130,104,159
636,30159745,65,139,109,147
651,30159653,68,162,94,159
626,30158842,72,168,125,119
630,30158186,68,134,109,143
623,30157468,65,141,101,125
643,30157305,72,127,102,171
649,30155572,72,153,120,165
637,30155516,72,160,73,139
626,30155329,71,122,84,151
634,30154974,63,141,117,139
644,30154960,65,172,80,140
668,30154682,88,154,94,128
634,30154667,71,159,82,136
623,30154479,69,115,98,158
618,30154430,72,171,82,106
653,30154306,70,154,108,167
641,30154111,70,153,91,141
672,30153416,93,164,89,134
638,30153401,65,153,85,133
627,30153213,72,131,105,153
635,30153166,66,112,93,171
614,30153015,70,128,111,132
670,30152960,93,121,97,136
645,30152845,68,163,104,142
635,30152552,62,151,93,133
619,30152314,72,167,89,110
625,30152120,71,135,107,125
645,30151957,72,132,114,172
639,30151900,71,127,87,161
674,30151694,92,135,95,130
663,30151497,64,165,80,198
639,30151286,65,190,95,130
642,30151186,71,136,131,138
654,30151160,92,112,65,130
642,30150804,70,137,81,172
629,30150547,64,166,78,126
639,30149955,69,115,96,175
658,30149894,87,137,74,127
650,30149076,91,116,106,125
643,30148763,71,151,107,146
643,30148689,69,138,104,166
630,30148432,64,163,104,125
642,30148220,72,122,95,164
612,30147990,59,178,111,172
659,30147779,91,135,85,133
647,30147497,72,172,112,146
637,30147204,72,147,108,136
627,30146773,68,133,128,126
641,30146553,70,127,111,169
641,30145938,70,168,110,138
629,30145921,71,135,120,145
660,30145664,85,131,91,128
609,30145581,70,138,71,111
633,30144655,70,143,112,147
641,30144608,71,117,110,173
663,30144568,92,138,84,128
628,30144350,71,148,108,126
623,30144190,69,172,86,110
642,30144130,71,146,93,169
648,30143884,72,171,73,164
627,30143533,70,125,98,133
645,30143342,62,126,123,160
625,30143194,70,143,101,134
632,30143084,72,160,116,127
637,30143081,71,157,81,155
645,30143034,71,145,81,179
664,30142452,89,134,88,144
634,30142232,70,165,95,150
637,30141881,70,138,100,137
639,30141857,72,147,136,136
649,30141768,72,176,81,159
636,30141412,71,119,106,153
638,30140966,72,164,100,148
646,30140919,71,146,90,164
643,30140591,70,180,128,152
631,30140322,71,141,101,143
662,30140316,89,130,107,137
650,30139653,71,156,105,161
625,30138842,66,172,109,123
640,30138200,69,140,100,141
634,30137737,72,176,130,126
622,30137468,72,142,91,127
642,30137305,71,120,102,178
666,30137105,89,141,116,130
639,30136533,72,135,114,148
648,30135572,64,185,112,155
628,30135424,72,152,94,133
620,30135332,63,133,111,123
633,30134974,70,134,116,139
643,30134960,71,146,77,144
669,30134906,89,126,96,132
642,30134798,72,130,113,150
652,30134306,69,167,111,169
632,30134158,72,166,96,130
637,30134016,71,136,80,168
623,30133928,68,145,69,121
627,30133495,70,148,128,120
637,30133401,67,174,84,149
626,30133288,72,154,107,132
626,30133213,72,125,102,148
644,30132845,72,172,98,142
627,30132662,63,176,70,124
634,30132552,68,164,90,131
624,30132120,72,131,117,117
638,30131900,68,129,93,162
638,30131286,72,174,88,151
641,30130804,69,133,83,167
628,30130547,71,152,85,123
640,30130335,70,124,81,176
630,30130002,71,135,97,157
638,30129955,70,121,92,173
625,30129698,66,152,105,121
645,30129535,69,146,99,176
669,30129335,90,146,119,135
642,30128689,64,134,99,165
629,30128432,70,168,104,127
641,30128220,72,143,89,169
657,30127949,87,122,73,133
628,30127866,71,127,110,153
658,30127779,93,139,79,137
646,30127497,69,169,108,137
636,30127204,71,151,107,140
655,30126930,84,117,94,129
640,30126553,67,124,118,159
640,30125938,71,168,115,137
658,30125834,91,123,84,131
659,30125664,89,119,104,132
662,30124568,85,135,83,127
627,30124350,68,144,107,124
632,30124347,66,163,85,136
622,30124190,71,169,106,119
641,30124130,68,153,88,173
659,30123718,89,123,97,129
626,30123533,62,120,102,142
644,30123342,70,143,112,159
624,30123194,70,143,101,132
631,30123084,72,166,107,125
636,30123081,71,164,75,152
616,30122794,63,135,81,120
663,30122452,92,135,103,128
633,30122232,72,148,96,157
636,30121881,72,138,105,146
638,30121857,65,153,130,140
648,30121768,72,174,78,183
657,30121582,78,107,112,132
637,30120966,71,164,101,156
645,30120919,71,148,102,163
617,30120679,71,130,102,118
630,30120322,71,133,89,138
661,30120316,92,130,117,127
638,30120316,72,139,78,142
625,30119884,72,113,97,165
634,30119745,70,129,121,148
649,30119653,69,185,94,168
639,30119590,71,122,69,177
608,30119214,63,129,121,104
624,30118842,64,170,108,119
661,30118371,92,118,109,130
628,30118186,67,126,117,142
646,30117994,64,135,132,165
662,30117894,92,151,89,132
633,30117737,70,152,129,127
621,30117468,68,130,96,129
665,30117105,90,136,122,139
614,30117096,63,123,105,139
635,30116885,69,180,113,148
635,30116131,72,134,73,185
632,30115282,65,116,85,168
642,30114960,68,177,80,147
641,30114798,71,130,112,150
666,30114682,88,154,102,127
621,30114479,72,129,104,151
636,30114397,70,134,134,149
651,30114306,69,178,114,168
631,30114158,71,167,95,132
639,30114111,71,149,93,138
636,30114016,70,128,78,160
670,30113416,91,165,97,130
614,30113226,66,132,88,121
625,30113213,67,132,97,158
641,30112853,72,136,117,145
643,30112845,67,156,99,147
633,30112552,64,153,103,143
628,30112117,71,137,79,156
637,30111900,72,127,99,160
637,30111286,72,154,95,137
640,30110804,68,137,75,168
627,30110547,69,172,80,124
629,30110002,72,138,94,154
651,30109925,93,126,85,115
633,30108810,72,164,119,131
641,30108689,72,141,98,162
628,30108432,70,172,88,117
640,30108220,71,127,103,180
627,30107866,69,129,111,158
635,30107819,70,116,118,173
657,30107779,85,128,82,129
645,30107497,69,169,125,146
635,30107204,72,146,123,136
619,30106967,72,160,123,111
654,30106930,91,111,105,133
620,30106589,72,156,56,123
639,30106553,67,125,113,166
627,30106358,70,113,90,153
639,30105938,66,166,119,148
657,30105834,89,121,85,136
658,30105664,93,129,100,129
631,30105092,69,126,88,153
631,30104655,72,143,110,154
639,30104608,72,124,109,178
661,30104568,87,131,79,136
626,30104350,70,145,114,123
621,30104190,70,174,105,122
640,30104130,72,144,98,164
646,30103884,72,172,71,163
635,30103826,70,129,93,159
658,30103718,88,122,96,130
657,30103646,91,133,62,134
633,30103527,69,127,76,147
643,30103342,72,129,109,165
623,30103194,72,138,98,133
630,30103084,68,167,118,123
635,30103081,70,176,81,155
643,30103034,72,145,78,160
642,30102873,71,133,109,170
662,30102452,85,129,100,130
632,30102232,69,147,89,153
647,30101768,69,171,82,162
638,30101535,70,130,72,178
636,30100966,72,156,93,156
644,30100919,71,148,98,160
616,30100679,65,140,88,129
641,30100591,69,168,129,141
629,30100322,67,136,98,143
660,30100316,83,132,120,127
638,30100146,72,127,92,157
633,30099745,70,125,117,142
648,30099653,69,172,96,163
644,30098898,71,141,100,172
623,30098842,70,149,113,122
642,30098783,72,153,111,165
660,30098371,90,120,117,133
632,30097737,69,175,138,129
620,30097468,70,134,95,129
640,30097305,67,131,92,173
664,30097105,90,131,117,127
666,30097021,90,121,84,133
634,30096885,68,154,114,154
637,30096533,67,142,118,144
636,30096064,70,135,107,155
646,30095572,62,169,116,160
618,30095332,72,123,109,127
631,30094974,72,143,114,137
662,30094969,84,120,132,135
641,30094960,65,177,81,148
667,30094906,92,127,102,130
665,30094682,93,144,94,132
650,30094306,70,165,123,160
630,30094158,72,163,105,134
644,30094093,71,135,105,188
635,30094016,72,142,77,175
669,30093416,89,169,103,137
635,30093401,67,167,80,130
624,30093213,70,131,93,154
638,30092920,69,130,74,165
640,30092853,72,132,107,153
642,30092845,72,155,106,141
632,30092552,71,147,101,135
636,30091900,72,119,105,164
671,30091694,89,136,106,150
636,30091286,72,163,102,134
639,30091186,71,130,128,145
665,30090824,89,109,109,130
639,30090804,71,128,80,173
626,30090547,69,169,77,125
638,30090335,72,128,79,179
628,30090002,71,125,99,153
655,30089894,90,132,71,131
623,30089698,66,144,92,125
669,30089558,92,123,113,137
667,30089335,89,145,112,131
652,30088958,72,157,128,163
646,30088746,70,142,111,178
640,30088689,71,135,96,181
627,30088432,66,171,99,121
639,30088220,72,127,97,175
626,30087866,69,119,114,158
634,30087819,65,111,107,167
656,30087779,91,127,83,137
644,30087497,70,163,112,154
634,30087204,72,150,111,143
650,30087173,72,166,84,180
653,30086930,83,113,104,129
624,30086773,68,127,130,121
638,30086553,68,129,112,164
638,30085938,70,164,115,137
657,30085664,92,132,104,128
630,30085092,67,137,88,148
651,30085057,72,159,95,175
624,30084849,72,173,97,140
638,30084608,72,122,113,167
660,30084568,89,140,83,137
625,30084350,70,146,107,126
620,30084190,69,169,86,119
639,30084130,67,147,106,165
645,30083884,72,167,73,171
634,30083826,71,123,98,152
657,30083718,87,121,94,132
642,30083342,71,128,107,166
622,30083194,68,132,95,134
629,30083084,71,166,116,129
634,30083081,70,151,82,157
642,30083034,68,156,85,167
629,30082678,70,115,98,144
617,30082531,62,139,135,123
653,30082462,92,121,113,117
661,30082452,92,137,98,127
638,30082279,69,122,85,163
646,30082150,69,175,132,135
634,30081881,63,132,96,137
646,30081768,67,194,83,175
655,30081582,86,110,115,128
633,30081412,64,139,88,142
620,30081058,69,137,125,134
635,30080966,71,173,102,154
643,30080919,63,148,103,177
628,30080322,72,140,101,136
659,30080316,93,122,114,132
632,30079745,71,133,115,144
647,30079653,72,162,106,161
643,30078898,70,132,91,170
622,30078842,71,176,112,126
641,30078783,66,144,119,169
615,30078734,67,124,105,129
627,30078618,69,130,99,169
636,30078479,71,134,107,150
659,30078371,90,122,122,136
637,30078200,71,143,101,144
639,30077305,64,127,94,193
663,30077105,87,134,109,129
633,30076885,68,154,113,146
636,30076533,72,131,119,137
628,30076273,72,163,77,132
642,30076209,71,129,83,184
662,30076172,82,114,102,132
635,30076064,65,140,112,144
645,30075572,72,155,119,163
661,30074969,91,128,130,131
640,30074960,69,173,82,167
666,30074906,92,128,101,139
649,30074306,72,165,110,171
629,30074158,72,172,105,123
634,30074016,72,142,84,165
616,30073885,69,142,95,138
668,30073416,93,159,92,148
634,30073401,67,176,82,131
622,30073383,71,115,83,157
623,30073213,72,121,104,158
639,30072853,70,139,107,149
641,30072845,72,172,94,147
631,30072552,71,145,105,130
639,30072546,72,144,85,148
621,30072120,71,137,109,122
635,30071900,72,142,99,166
635,30071286,72,176,93,142
641,30070823,72,127,101,158
638,30070804,70,137,81,173
637,30070717,68,126,131,151
625,30070547,70,168,84,121
639,30070358,70,176,62,142
627,30070002,70,132,100,154
635,30069955,72,122,93,170
649,30069925,87,135,81,126
654,30069894,90,134,74,128
622,30069698,71,149,97,126
668,30069558,92,121,112,130
666,30069335,89,145,115,128
639,30068763,69,150,115,141
645,30068746,70,142,111,174
681,30068693,75,122,100,172
639,30068689,70,134,94,176
645,30068439,72,153,75,173
626,30068432,69,181,93,113
613,30068233,70,146,112,111
638,30068220,69,142,92,170
654,30067949,92,124,66,131
614,30067878,69,130,112,126
625,30067866,68,122,119,157
655,30067779,86,132,75,130
643,30067497,72,153,117,146
652,30066930,75,116,91,139
658,30066683,84,125,70,131
637,30066553,70,126,107,172
618,30066305,69,174,78,124
631,30066111,66,131,73,137
637,30065938,66,160,118,132
656,30065664,80,124,93,130
615,30065456,71,146,94,125
629,30064655,66,138,113,151
637,30064608,67,117,126,167
659,30064568,89,128,83,142
624,30064350,71,156,108,128
629,30064347,72,152,78,147
638,30064130,71,144,86,162
644,30063884,68,166,72,164
641,30063342,69,138,123,160
628,30063084,70,171,107,116
633,30063081,72,172,84,157
640,30062873,72,124,107,172
660,30062452,93,133,90,131
630,30062232,65,167,96,150
633,30061881,69,143,91,152
645,30061768,62,174,76,163
654,30061582,91,112,117,132
632,30061412,62,134,105,135
619,30061058,69,134,110,128
634,30060966,72,168,94,154
642,30060919,69,144,92,166
621,30060767,66,164,109,127
614,30060679,67,130,89,129
627,30060322,66,135,95,135
658,30060316,92,132,108,128
631,30059745,71,121,110,141
646,30059653,72,182,97,174
663,30059136,91,132,73,137
642,30058898,71,141,91,172
621,30058842,64,168,108,120
626,30058618,68,131,101,170
658,30058371,77,124,114,131
625,30058186,69,124,109,137
659,30057894,88,153,97,131
665,30057647,92,168,70,128
618,30057468,67,142,96,123
638,30057305,68,128,93,172
662,30057105,92,136,112,133
638,30057075,69,173,68,140
632,30056885,69,160,126,142
627,30056696,71,176,113,127
635,30056533,67,139,109,161
627,30056273,71,172,85,129
634,30056064,71,137,114,141
659,30055888,93,111,55,145
636,30055619,71,154,118,150
644,30055572,72,167,108,156
660,30054969,90,137,128,139
639,30054960,71,169,85,141
665,30054906,88,133,96,139
663,30054682,91,147,94,128
648,30054306,72,196,126,174
628,30054158,72,172,103,130
642,30054093,69,142,102,179
633,30054016,67,124,77,163
643,30053694,71,171,83,148
641,30053624,71,125,93,177
644,30053550,72,139,108,165
623,30053495,64,158,131,116
667,30053416,84,167,96,128
633,30053401,70,161,82,131
622,30053213,67,130,100,153
640,30052845,71,158,91,147
623,30052662,71,172,72,121
630,30052552,63,158,102,138
625,30052117,66,138,84,150
633,30052070,70,124,84,167
634,30051900,69,123,87,166
620,30051813,70,148,84,127
669,30051694,90,134,90,133
634,30051286,67,167,102,143
642,30051280,72,173,84,159
645,30051128,72,155,101,164
640,30050823,71,139,94,165
637,30050804,68,133,76,169
662,30050612,71,166,131,179
624,30050547,69,178,83,129
636,30050335,70,120,77,175
626,30050002,72,140,89,156
634,30049955,70,113,94,171
667,30049558,93,129,113,141
633,30049486,72,116,105,165
643,30049164,71,167,101,151
645,30049076,89,115,93,119
650,30049045,85,117,76,136
650,30048958,70,163,129,159
638,30048763,71,157,113,145
638,30048689,67,143,100,161
625,30048432,69,149,96,113
637,30048220,69,132,86,189
624,30047866,68,128,108,152
654,30047779,82,133,85,128
642,30047497,70,171,109,152
651,30046930,93,117,90,130
657,30046683,88,138,71,135
636,30046553,70,133,115,165
645,30046323,69,147,99,188
617,30046305,63,161,84,126
630,30046111,68,126,72,149
636,30045938,71,169,110,153
655,30045664,90,136,103,138
642,30045476,72,128,120,150
628,30045092,70,132,106,139
649,30045057,71,163,98,181
628,30044655,69,135,107,157
636,30044608,71,113,112,163
658,30044568,88,137,77,137
672,30044539,89,129,98,157
623,30044350,65,147,110,128
618,30044190,64,159,104,119
635,30044139,67,115,113,182
637,30044130,71,149,88,167
672,30043924,93,148,92,131
643,30043884,70,156,72,165
655,30043718,85,121,103,135
640,30043342,72,141,116,165
627,30043084,70,169,112,127
632,30043081,70,173,79,158
659,30042452,91,138,104,134
629,30042232,66,148,94,157
632,30041881,67,139,105,148
644,30041768,68,160,85,162
653,30041582,93,109,119,133
640,30041013,71,132,82,170
633,30040966,71,170,102,158
641,30040919,72,161,87,169
613,30040679,65,134,103,128
657,30040316,88,125,112,128
616,30040108,70,145,108,125
630,30039745,70,126,109,143
645,30039653,70,174,95,163
655,30039251,90,142,119,119
641,30038898,70,130,101,172
620,30038842,67,168,118,116
657,30038371,86,113,108,128
639,30038324,71,141,72,175
659,30038287,93,117,75,133
629,30037737,72,179,134,126
617,30037468,65,137,97,121
637,30037305,68,128,88,175
661,30037105,91,141,118,128
637,30037075,72,176,72,146
663,30037021,86,128,83,140
631,30036885,72,161,107,149
661,30036798,92,148,82,127
634,30036533,65,143,117,152
626,30036273,64,174,78,129
660,30036172,87,105,95,137
631,30036131,71,131,72,163
633,30036064,68,121,107,137
635,30035619,70,161,108,154
643,30035572,69,156,118,164
665,30035532,92,156,84,129
615,30035332,72,131,108,126
628,30034974,64,135,116,141
659,30034969,92,129,129,128
638,30034960,71,175,82,147
664,30034906,93,134,95,134
662,30034682,93,163,105,128
617,30034479,68,115,106,158
647,30034306,72,157,107,174
627,30034158,72,173,91,134
632,30034016,66,120,81,179
642,30033694,70,166,84,157
666,30033416,87,169,93,128
632,30033401,66,165,80,135
604,30033337,58,182,93,175
621,30033213,72,132,101,157
629,30033166,67,115,93,170
664,30032960,88,122,106,131
639,30032845,72,171,89,146
622,30032662,67,165,71,129
629,30032552,70,148,100,150
619,30032120,67,133,119,119
639,30031957,66,139,114,182
633,30031900,69,119,97,178
643,30031579,72,167,90,158
628,30031349,64,165,129,136
633,30031286,68,167,94,131
639,30030823,72,134,92,150
636,30030804,63,140,80,164
635,30030717,71,126,129,148
623,30030547,67,181,84,126
638,30030430,71,149,101,149
645,30030224,69,158,128,158
625,30030002,66,140,93,154
647,30029925,84,135,80,124
652,30029894,80,132,68,127
666,30029558,91,137,110,139
629,30028810,66,173,107,134
637,30028763,64,144,110,138
637,30028689,70,132,91,170
643,30028439,72,144,85,173
624,30028432,66,165,105,126
636,30028220,72,126,104,182
668,30028069,93,164,109,130
652,30027949,89,122,73,128
623,30027866,71,130,119,156
631,30027819,64,110,123,173
648,30027810,92,123,97,120
653,30027779,85,127,85,128
641,30027497,67,183,116,145
631,30027204,71,151,123,140
647,30027173,71,167,79,174
615,30026967,72,156,116,106
650,30026930,80,117,95,134
621,30026773,70,131,129,119
635,30026553,64,135,110,161
616,30026305,66,166,83,122
635,30025938,63,165,125,134
653,30025834,88,124,81,141
654,30025664,92,133,96,134
641,30025476,71,138,107,149
630,30025197,67,165,73,158
648,30025057,70,173,100,175
621,30024849,72,168,87,140
627,30024729,68,146,132,134
627,30024655,72,136,111,157
652,30024598,87,133,103,126
657,30024568,86,129,84,134
617,30024190,70,165,98,126
666,30023987,91,147,129,143
642,30023884,71,163,74,165
646,30023728,86,111,108,126
654,30023718,88,120,97,132
639,30023342,72,125,118,159
626,30023084,66,164,113,127
639,30023034,69,146,80,169
638,30022873,72,130,115,172
675,30022658,90,160,104,140
658,30022452,93,141,93,132
628,30022232,72,153,97,157
643,30022150,69,174,128,136
643,30021768,67,173,80,177
652,30021582,92,111,111,146
634,30021535,72,123,70,189
630,30021412,68,125,92,159
639,30021013,70,141,76,169
632,30020966,72,163,105,152
640,30020919,71,147,104,167
656,30020316,93,134,111,135
644,30019653,70,166,103,170
661,30019136,92,126,70,144
640,30018898,71,130,93,174
624,30018618,71,123,91,169
656,30018371,86,121,109,133
634,30018200,71,135,98,148
623,30018186,64,125,108,143
641,30017994,65,133,131,167
628,30017737,66,164,130,127
636,30017305,67,137,96,187
660,30017105,85,129,109,136
636,30017075,72,166,72,150
662,30017021,88,135,85,132
625,30016273,67,162,78,129
639,30016209,72,138,77,179
659,30016172,87,113,99,135
632,30016064,68,130,116,157
634,30015619,70,165,112,154
642,30015572,70,154,109,163
664,30015532,84,172,82,132
684,30015501,93,142,103,196
658,30014969,91,135,130,128
663,30014906,86,122,98,135
635,30014890,72,114,105,185
661,30014682,86,163,97,140
646,30014306,69,160,119,169
640,30014093,72,137,105,184
631,30014016,62,126,81,164
641,30013694,69,172,80,144
642,30013550,71,137,113,188
665,30013416,93,178,91,136
631,30013401,70,166,84,135
620,30013213,72,139,92,155
636,30012853,65,135,116,155
638,30012845,67,166,98,144
621,30012662,68,169,69,119
633,30012451,66,130,74,164
618,30012120,63,137,115,128
632,30011900,72,121,103,166
667,30011694,92,131,91,133
632,30011286,72,167,87,133
635,30010804,72,137,75,159
622,30010547,68,168,83,128
624,30010002,68,127,96,154
646,30009925,90,127,85,123
651,30009894,83,120,73,131
665,30009558,92,134,117,141
663,30009335,89,145,109,130
628,30008810,69,163,112,134
636,30008689,67,129,93,164
623,30008432,66,162,100,127
635,30008220,65,122,102,173
667,30008069,82,171,116,132
622,30007866,70,135,107,157
647,30007810,91,125,101,113
652,30007779,93,124,81,131
640,30007497,72,159,111,144
649,30006930,81,117,90,138
655,30006683,88,136,72,135
634,30006553,72,134,109,176
614,30006405,70,129,104,119
643,30006323,66,145,87,175
634,30005938,71,171,107,133
653,30005664,85,121,86,132
647,30005057,72,157,101,179
619,30004688,69,117,103,157
626,30004655,69,135,110,152
634,30004608,65,124,115,175
656,30004568,87,142,84,134
641,30003884,71,190,69,168
653,30003718,87,120,102,131
638,30003342,71,138,109,173
625,30003084,71,180,107,124
630,30003081,70,165,85,144
641,30003053,72,148,101,144
638,30003034,69,156,82,175
637,30002873,71,133,110,180
657,30002452,93,136,105,143
634,30002279,71,124,84,186
632,30002261,66,135,82,159
642,30002150,70,164,136,140
607,30001945,63,111,98,122
630,30001881,65,142,104,139
645,30001787,72,166,93,153
642,30001768,71,177,76,163
629,30001412,68,129,93,145
616,30001058,71,126,115,128
631,30000966,71,156,98,146
639,30000919,69,150,103,166
624,30000322,65,138,89,133
655,30000316,93,132,113,140
655,30000009,91,154,78,129
649,29999710,71,176,107,189
643,29999653,69,169,102,163
653,29999251,92,133,126,126
639,29998898,69,143,86,166
618,29998842,72,172,110,124
623,29998618,65,135,97,170
655,29998371,79,124,116,131
633,29998200,67,125,100,146
656,29997894,91,145,103,129
635,29997305,66,126,101,177
659,29997105,91,129,116,130
661,29997021,83,123,77,138
659,29996798,93,144,82,133
632,29996533,69,136,107,140
624,29996273,72,151,84,127
658,29996172,90,117,102,132
664,29995925,93,129,68,132
633,29995619,70,178,124,158
641,29995572,69,146,116,168
663,29995532,88,156,83,128
613,29995332,72,126,110,126
626,29994974,69,143,111,144
657,29994969,86,132,128,135
662,29994906,91,140,87,132
635,29994798,68,128,112,162
660,29994682,81,146,99,132
638,29994339,67,145,93,178
645,29994306,70,155,114,163
625,29994158,69,173,89,133
639,29994093,69,136,93,173
665,29993810,86,137,85,130
664,29993416,91,159,104,135
608,29993226,72,142,101,123
619,29993213,71,138,95,151
637,29992845,66,175,102,139
620,29992662,72,173,66,127
635,29992546,72,155,80,150
632,29992451,72,136,73,168
617,29992120,70,133,113,129
631,29991900,69,135,100,161
666,29991694,83,136,90,135
641,29991579,70,178,100,142
631,29991286,67,164,106,137
639,29991280,72,179,84,161
642,29991128,71,148,101,160
637,29990823,72,129,95,157
634,29990804,72,134,84,176
621,29990547,70,171,85,127
636,29990430,70,150,93,150
633,29990335,70,131,84,174
643,29990224,71,176,135,162
623,29990002,72,126,96,158
631,29989955,65,121,105,170
650,29989894,76,136,71,132
618,29989698,71,158,96,127
664,29989558,90,123,116,137
662,29989335,85,148,123,132
642,29989076,90,116,98,126
627,29988810,72,173,113,131
635,29988689,68,137,105,161
622,29988432,66,171,96,119
634,29988220,67,119,101,170
666,29988069,89,184,119,138
651,29987779,92,136,80,127
639,29987497,63,167,124,139
648,29986930,93,115,99,140
633,29986553,62,128,107,167
668,29986347,86,125,110,138
642,29986323,68,147,104,181
633,29985938,70,174,125,138
652,29985664,78,130,97,130
646,29985057,71,170,86,179
672,29984774,87,158,83,130
625,29984655,67,135,114,151
633,29984608,71,123,117,179
655,29984568,91,143,82,149
615,29984190,69,152,103,119
643,29983903,71,175,82,150
640,29983884,71,167,72,159
652,29983718,89,114,106,128
637,29983342,63,142,112,179
624,29983084,72,151,110,129
629,29983081,72,169,84,152
640,29983053,70,149,88,152
636,29982873,71,136,121,167
648,29982462,92,135,125,125
656,29982452,93,132,94,133
626,29982232,64,145,97,158
644,29981787,71,164,100,151
641,29981768,66,162,85,169
650,29981582,81,109,116,130
626,29981140,72,168,51,140
637,29981013,68,141,83,176
630,29980966,72,163,92,151
638,29980919,67,147,94,166
635,29980591,67,160,129,143
654,29980316,79,127,121,127
632,29980146,71,126,94,161
654,29980009,93,149,82,138
642,29979653,70,164,104,162
671,29979192,92,123,115,155
638,29978898,71,143,95,177
617,29978842,69,163,115,122
622,29978618,70,128,92,169
654,29978371,84,124,107,137
656,29978287,87,112,83,130
632,29978200,72,135,86,148
655,29977894,92,151,98,135
626,29977737,70,151,132,124
661,29977647,91,179,72,130
633,29977475,63,124,78,177
634,29977305,71,131,100,189
658,29977105,91,140,112,135
660,29977021,90,126,81,140
628,29976885,72,158,120,154
658,29976798,85,147,85,131
631,29976533,72,137,121,137
636,29976454,71,150,79,173
623,29976273,70,152,75,133
657,29976172,87,117,86,130
636,29975740,72,140,84,187
632,29975619,69,155,113,158
640,29975572,68,149,123,172
662,29975532,88,172,85,131
617,29975329,72,136,85,152
656,29974969,92,126,132,128
661,29974906,92,142,94,138
636,29974816,70,124,110,163
634,29974798,72,127,114,154
659,29974682,90,150,90,127
644,29974306,69,162,119,162
624,29974158,71,179,99,133
638,29974093,71,138,99,201
629,29974016,65,133,82,168
664,29973810,86,140,82,131
639,29973694,69,176,77,155
640,29973550,68,142,108,181
663,29973416,88,171,103,134
629,29973401,65,175,80,134
661,29972960,92,117,99,142
634,29972853,70,133,122,147
636,29972845,68,154,94,144
619,29972662,68,164,72,124
626,29972552,66,147,95,132
657,29972546,93,151,107,137
630,29971900,69,128,101,162
665,29971694,93,138,92,131
640,29971579,72,173,99,150
630,29971286,67,163,101,139
633,29970804,63,138,85,176
635,29970430,68,152,90,146
632,29970335,71,128,78,169
642,29970224,70,146,132,165
652,29970106,90,121,97,127
622,29970002,71,143,104,156
672,29969959,87,116,92,174
630,29969955,63,122,89,170
617,29969698,72,145,104,127
663,29969558,85,133,119,130
661,29969335,91,154,116,129
643,29969288,70,166,68,173
639,29969164,70,167,106,154
616,29969132,65,136,115,138
646,29969045,81,115,84,136
634,29968689,72,131,103,165
611,29968520,72,135,85,131
621,29968432,67,162,94,129
633,29968220,72,128,103,176
665,29968069,90,167,107,131
620,29967866,66,134,110,154
645,29967810,93,127,103,122
650,29967779,90,129,81,127
663,29967613,92,118,109,142
638,29967497,72,182,118,138
647,29966930,88,114,102,135
632,29966553,64,133,117,175
641,29966323,71,145,93,186
632,29965938,68,160,112,133
620,29965921,71,122,109,158
645,29965864,89,123,99,126
651,29965664,92,128,97,132
638,29965476,68,140,107,151
627,29965197,68,174,74,157
638,29965169,70,145,83,144
645,29965057,71,188,102,176
624,29964655,69,140,120,155
654,29964568,87,143,77,133
624,29964347,72,148,80,152
665,29964211,84,131,132,130
614,29964190,63,156,92,125
668,29963924,91,156,91,136
639,29963884,69,154,69,172
641,29963817,72,158,110,157
651,29963718,91,124,99,138
636,29963342,70,134,114,167
623,29963084,70,165,110,127
628,29963081,68,173,77,153
635,29962873,67,135,111,180
647,29962462,92,129,108,117
655,29962452,93,131,100,141
625,29962232,71,150,88,154
640,29961768,66,166,81,159
649,29961582,93,110,123,148
636,29961013,68,128,84,174
643,29960976,72,157,109,182
629,29960966,67,158,98,147
637,29960919,69,146,104,175
622,29960322,69,125,103,135
653,29960316,91,124,110,137
633,29960164,67,119,90,168
641,29959653,71,178,91,161
658,29959136,91,140,70,134
656,29958913,83,145,74,140
637,29958898,69,142,92,181
616,29958842,68,163,117,123
635,29958783,71,147,108,166
621,29958618,68,128,93,168
653,29958371,78,115,119,137
655,29958287,89,108,81,149
654,29957894,80,144,105,131
625,29957737,69,159,132,123
683,29957712,90,150,110,171
641,29957706,71,148,114,160
660,29957647,93,164,72,127
657,29957105,89,131,112,138
633,29957075,71,152,68,144
659,29957021,84,124,81,131
657,29956798,86,145,77,127
630,29956533,71,132,111,150
656,29956172,79,117,97,134
627,29956131,72,130,74,171
631,29955619,69,167,111,146
639,29955572,65,157,114,160
661,29955532,87,173,83,128
619,29955424,68,147,92,133
611,29955332,68,128,108,129
655,29954969,79,128,132,130
634,29954960,65,158,84,136
660,29954906,89,129,87,134
633,29954798,70,125,110,146
658,29954682,92,154,93,130
657,29954610,88,158,63,133
643,29954306,71,171,110,169
650,29954167,91,119,84,120
623,29954158,67,185,104,133
631,29954111,70,145,96,147
637,29954093,69,138,100,194
642,29954092,70,159,70,175
663,29953810,91,136,79,137
662,29953416,89,150,91,137
617,29953213,72,133,89,149
660,29952960,88,117,93,131
631,29952920,65,131,71,187
635,29952845,64,174,100,140
633,29952546,68,144,82,148
656,29952546,80,145,108,127
615,29952120,63,141,122,119
631,29952089,66,112,97,149
651,29952052,87,121,105,127
643,29951977,72,189,83,165
629,29951900,71,124,106,166
664,29951694,90,140,103,137
629,29951286,70,176,99,141
637,29951280,70,158,81,148
617,29951268,72,123,90,150
640,29951128,71,145,104,172
658,29950824,87,113,110,142
635,29950823,71,137,102,149
632,29950804,66,134,80,171
619,29950547,72,184,83,120
634,29950430,69,150,99,153
631,29950335,71,127,83,163
621,29950002,71,134,101,152
643,29949925,89,124,85,118
648,29949894,83,131,70,130
644,29949862,72,157,95,174
662,29949558,84,139,109,133
660,29949335,91,145,113,133
640,29949076,85,115,93,123
638,29948992,70,156,113,174
625,29948810,67,179,110,134
633,29948689,69,139,98,166
620,29948432,66,178,102,123
632,29948220,71,130,98,182
664,29948069,93,166,109,129
644,29947810,92,130,95,124
649,29947779,84,122,82,132
637,29947497,72,160,110,154
663,29947136,84,147,102,132
631,29946553,72,129,108,168
666,29946347,90,140,107,134
633,29946308,93,123,84,107
631,29945938,72,170,108,141
650,29945664,91,127,88,129
637,29945476,70,133,108,149
644,29945057,70,156,90,174
670,29944774,93,163,85,135
623,29944655,66,139,108,158
648,29944598,91,136,93,118
653,29944568,79,126,84,132
667,29944539,85,123,98,156
640,29944302,72,125,88,197
626,29943996,67,138,84,138
667,29943924,91,144,93,131
627,29943826,63,133,95,156
640,29943817,70,178,121,151
642,29943728,93,115,117,119
650,29943718,81,120,103,145
620,29943422,72,131,100,154
635,29943342,71,138,107,175
622,29943084,67,166,115,119
627,29943081,72,146,82,157
635,29943034,69,151,80,168
634,29942873,72,127,111,163
621,29942519,68,137,132,156
654,29942452,88,132,100,133
624,29942232,70,149,101,154
639,29941768,64,185,78,177
626,29941412,70,127,99,148
628,29940966,70,163,104,156
636,29940919,70,177,96,157
633,29940591,70,168,133,145
621,29940322,67,137,98,132
652,29940316,87,126,115,131
630,29940146,65,129,104,156
640,29939653,70,157,96,172
631,29939420,68,129,81,179
655,29938913,82,148,71,130
636,29938898,70,132,99,164
652,29938371,92,118,109,127
654,29938287,87,111,85,141
653,29937894,88,147,101,129
624,29937737,64,160,128,125
654,29937678,93,165,84,119
660,29937659,87,130,62,140
656,29937105,82,134,107,130
658,29937021,90,130,79,137
656,29936798,83,163,83,133
629,29936533,69,136,120,145
621,29936273,71,175,80,129
655,29936172,93,117,97,131
661,29935925,86,139,70,134
630,29935619,70,177,113,158
638,29935572,71,153,115,160
660,29935532,93,158,80,134
624,29935406,67,136,103,161
654,29934969,85,129,128,146
659,29934906,87,129,98,131
632,29934798,68,132,108,158
657,29934682,91,151,104,131
647,29934329,78,111,56,136
642,29934306,70,163,119,167
622,29934158,72,170,97,133
641,29934092,71,173,74,165
662,29933810,87,132,84,135
637,29933694,63,174,83,160
638,29933550,70,126,107,166
661,29933416,91,171,87,130
627,29933401,72,155,79,131
646,29933318,93,117,88,128
616,29933213,68,133,97,155
659,29932960,86,124,93,135
634,29932845,72,156,104,139
655,29932546,92,145,113,128
650,29932052,90,137,90,125
641,29932040,80,134,72,126
628,29931900,64,133,94,162
658,29931757,83,126,130,132
663,29931694,93,137,101,142
626,29931601,71,114,76,171
638,29931579,71,176,105,167
653,29931574,77,166,56,130
628,29931286,68,168,98,133
636,29931280,71,174,76,149
616,29931268,71,123,93,153
639,29931128,69,156,94,173
657,29930824,92,112,127,144
634,29930823,65,135,105,157
673,29930808,90,133,84,174
618,29930547,71,165,82,126
630,29930335,68,130,81,179
620,29930002,72,134,101,157
642,29929925,85,130,82,121
647,29929894,82,130,73,134
643,29929862,72,170,89,169
615,29929698,72,170,102,125
661,29929558,93,133,122,131
627,29929486,69,116,102,165
659,29929335,78,147,107,136
637,29929164,72,162,92,149
639,29929076,86,115,91,122
632,29928763,72,148,108,140
638,29928746,71,140,107,179
632,29928689,71,136,100,161
611,29928537,69,135,120,136
638,29928439,71,149,85,172
619,29928432,67,162,96,129
631,29928220,64,121,101,165
663,29928069,86,167,111,127
618,29927866,63,131,107,158
643,29927810,92,132,89,126
648,29927779,81,137,83,128
677,29927597,88,128,82,173
634,29927505,72,136,135,149
636,29927497,66,169,116,153
642,29927173,72,153,84,192
645,29926930,88,115,97,137
644,29926858,89,129,58,140
651,29926683,82,132,72,130
630,29926553,72,127,109,163
665,29926347,88,133,108,144
630,29925938,70,200,113,138
649,29925664,80,134,95,132
636,29925476,69,140,110,152
625,29925197,67,159,70,158
622,29925092,64,124,86,145
643,29925057,72,176,104,173
669,29924774,85,171,82,141
647,29924598,83,126,105,124
652,29924568,87,137,82,131
663,29924211,84,141,130,139
629,29924139,72,116,112,178
661,29923987,87,144,132,129
666,29923924,93,164,95,142
639,29923817,71,160,109,150
641,29923728,93,109,112,126
649,29923718,83,119,97,127
648,29923646,92,137,62,127
656,29923493,89,129,110,127
634,29923342,68,141,108,162
621,29923084,71,171,112,122
626,29923081,72,171,83,155
634,29923034,67,154,77,175
633,29922873,64,127,112,166
665,29922721,86,171,132,129
670,29922658,91,171,101,131
653,29922452,91,135,98,128
623,29922232,69,151,94,154
638,29922150,72,163,133,141
626,29921881,69,134,104,142
683,29921793,90,168,105,171
641,29921787,72,160,100,149
638,29921768,71,165,84,162
647,29921582,93,109,108,127
662,29921430,93,128,57,163
634,29921013,69,136,85,172
627,29920966,71,184,103,144
635,29920919,66,145,101,171
677,29920849,93,121,95,195
632,29920591,69,157,134,160
651,29920316,88,132,109,128
631,29920164,72,124,103,171
629,29920146,67,138,106,154
624,29919745,69,129,118,135
639,29919653,72,175,87,173
656,29919136,91,135,70,130
635,29918898,70,129,105,177
614,29918842,70,159,123,126
651,29918371,89,121,123,130
636,29917994,67,143,132,163
652,29917894,89,149,91,134
639,29917706,71,145,116,150
658,29917647,88,162,71,128
625,29917322,65,146,90,140
631,29917305,72,137,88,175
647,29917115,90,120,133,119
655,29917105,89,140,109,130
657,29917021,78,130,76,132
625,29916885,72,168,112,146
655,29916798,92,150,75,133
643,29916440,71,157,119,160
654,29916172,85,117,103,136
660,29915925,93,135,74,137
629,29915619,66,167,110,156
637,29915572,69,147,107,177
659,29915532,79,167,80,129
679,29915501,88,124,89,195
623,29915406,65,137,87,169
614,29915329,68,123,75,156
657,29915076,80,123,77,132
653,29914969,85,134,133,130
632,29914960,69,165,81,159
658,29914906,84,134,100,132
631,29914798,67,121,114,163
656,29914682,85,150,92,129
622,29914667,70,145,82,135
641,29914306,71,174,107,159
621,29914158,66,172,95,129
635,29914093,65,127,106,178
640,29914092,68,171,71,177
661,29913810,89,137,79,148
616,29913495,64,165,129,116
660,29913416,85,173,95,130
626,29913401,70,171,83,137
644,29913246,92,125,63,121
615,29913213,70,129,97,148
658,29912960,74,117,102,138
633,29912845,66,164,95,135
623,29912552,70,157,98,135
654,29912546,91,151,114,128
649,29912052,91,139,99,125
640,29912040,91,127,72,126
641,29911977,70,174,85,177
627,29911900,63,125,106,161
657,29911757,77,135,132,139
662,29911694,92,133,89,131
637,29911579,65,162,93,161
627,29911286,72,160,100,133
635,29911280,72,167,84,146
637,29911191,87,116,80,123
638,29911128,68,155,89,170
656,29910824,92,117,110,140
617,29910547,69,166,84,128
619,29910002,69,138,88,149
611,29909984,63,129,135,129
627,29909955,62,123,96,166
642,29909862,72,166,94,164
660,29909558,83,129,108,133
658,29909335,81,144,117,132
636,29909164,70,149,86,152
638,29909076,84,113,90,121
643,29908958,68,183,131,161
623,29908810,71,171,119,132
673,29908693,93,136,102,172
631,29908689,71,140,95,167
618,29908432,65,177,95,127
630,29908220,71,125,100,168
662,29908069,86,177,111,130
642,29907810,92,135,96,120
647,29907779,76,133,79,137
660,29907613,93,119,107,135
635,29907497,65,167,114,138
656,29907199,91,147,131,139
641,29907173,72,170,83,192
661,29907136,92,146,99,132
644,29906930,75,117,93,130
645,29906714,92,141,81,118
651,29906704,89,130,110,122
650,29906683,86,134,73,132
629,29906553,72,123,108,171
630,29906370,70,170,100,163
664,29906347,88,132,122,134
638,29906323,70,153,94,179
631,29906308,90,130,83,108
629,29905938,68,176,111,141
648,29905664,89,143,104,130
624,29905197,62,188,72,153
642,29905057,72,166,105,179
668,29904774,83,156,75,136
621,29904655,69,133,112,158
646,29904598,93,139,95,125
651,29904568,86,143,80,130
665,29904539,92,122,97,155
644,29904514,72,158,107,174
616,29904350,70,144,117,121
621,29904347,63,152,85,158
662,29904211,93,132,128,141
665,29903924,93,155,90,140
636,29903884,72,168,74,180
664,29903852,81,165,63,130
638,29903817,71,175,113,151
648,29903718,86,116,100,130
633,29903342,68,139,110,160
669,29903273,83,134,103,165
613,29903194,64,129,106,128
632,29903128,67,133,69,170
620,29903084,70,172,113,127
625,29903081,68,173,79,156
633,29903034,71,151,85,171
632,29902873,64,127,117,176
664,29902721,92,179,131,127
669,29902658,92,151,100,132
652,29902452,93,131,97,130
621,29902326,72,138,78,157
629,29902279,66,112,81,167
622,29902232,72,151,102,154
637,29902150,68,176,129,142
625,29901881,70,138,101,152
640,29901787,70,158,102,150
637,29901768,72,174,84,176
624,29901412,71,130,106,150
626,29900966,69,173,99,155
634,29900919,62,150,100,164
631,29900591,69,177,130,136
650,29900316,87,125,116,127
644,29899710,70,160,107,174
638,29899653,70,159,104,179
617,29899501,70,169,121,134
655,29899136,77,130,72,130
648,29898944,84,154,78,110
634,29898898,71,140,92,169
613,29898842,65,166,118,121
618,29898618,71,130,100,168
640,29898469,68,163,128,144
650,29898371,93,123,119,139
652,29898287,82,114,79,154
628,29898200,69,139,89,159
651,29897894,87,146,90,129
622,29897737,71,167,130,117
638,29897706,70,159,125,168
657,29897647,93,176,73,129
654,29897105,90,135,116,127
656,29897021,93,129,84,143
624,29896885,67,146,113,143
654,29896798,90,144,77,138
619,29896696,71,168,108,133
653,29896172,87,117,87,143
628,29895619,70,158,119,153
636,29895572,70,155,121,170
658,29895532,86,174,77,146
624,29895516,72,162,74,130
656,29895076,83,118,79,133
652,29894969,92,122,129,129
631,29894960,72,157,85,143
657,29894906,93,136,95,132
655,29894682,93,149,106,137
633,29894339,64,150,104,170
640,29894306,71,178,111,168
634,29894093,70,140,103,183
660,29893810,92,139,77,136
633,29893624,72,131,89,196
636,29893550,71,135,109,169
659,29893416,93,171,101,129
633,29893395,63,166,66,143
644,29893318,92,111,100,127
614,29893213,71,126,103,153
657,29892960,93,120,92,136
630,29892853,72,140,123,154
632,29892845,70,159,101,161
612,29892120,65,128,113,122
648,29892052,84,126,89,125
640,29891977,72,180,85,163
626,29891900,69,132,97,170
656,29891757,92,139,141,132
661,29891694,93,141,91,140
636,29891579,70,159,106,148
626,29891286,68,166,91,138
637,29891128,71,147,97,172
655,29890824,89,117,127,137
632,29890823,70,130,105,150
629,29890804,64,128,85,168
616,29890547,67,173,82,127
628,29890335,62,132,82,166
638,29890224,71,150,128,165
655,29890215,90,173,114,125
618,29890002,69,140,97,154
640,29889925,89,127,81,126
645,29889894,84,141,70,130
641,29889862,71,158,88,174
659,29889558,82,129,115,140
657,29889335,78,159,108,142
639,29889288,67,164,65,178
635,29889164,71,151,106,144
637,29889076,76,117,100,126
642,29888958,71,172,129,173
622,29888810,71,161,111,125
636,29888746,71,130,109,179
630,29888689,70,130,105,173
621,29888597,72,177,72,131
636,29888439,62,157,76,176
617,29888432,69,169,86,125
629,29888220,71,127,96,171
661,29888069,86,170,115,129
616,29887866,72,130,115,144
641,29887810,82,128,95,124
646,29887779,92,126,78,134
659,29887613,87,122,112,135
634,29887497,71,168,108,140
640,29887173,72,179,83,183
660,29887136,92,148,93,131
644,29886714,93,141,85,114
628,29886553,67,136,119,162
608,29886405,71,124,97,132
629,29886370,71,160,103,170
663,29886347,89,142,118,130
663,29886040,84,151,84,140
628,29885938,65,168,112,135
639,29885780,72,146,121,170
647,29885664,88,129,101,131
623,29885197,72,172,73,153
641,29885057,72,165,100,178
667,29884774,90,158,77,131
645,29884598,91,137,103,121
650,29884568,93,137,76,128
664,29884539,81,116,104,161
643,29884514,72,156,114,161
661,29884211,93,128,135,138
631,29884192,88,124,99,103
664,29883924,93,146,106,139
635,29883884,65,166,74,161
637,29883817,72,181,115,151
639,29883728,83,117,124,118
647,29883718,79,122,89,128
632,29883342,68,141,107,166
619,29883084,71,180,124,128
624,29883081,67,162,82,158
635,29883053,65,145,99,144
632,29883034,68,152,85,175
631,29882873,70,138,108,176
663,29882721,93,160,128,132
668,29882658,92,169,97,140
643,29882462,91,131,108,122
651,29882452,90,139,104,128
626,29882261,63,125,84,143
621,29882232,72,147,98,158
636,29882150,69,160,129,140
624,29881881,72,125,86,139
626,29881857,71,151,135,151
639,29881787,69,175,94,167
636,29881768,72,172,83,169
632,29881013,69,132,83,172
625,29880966,72,161,99,158
633,29880919,65,147,103,174
605,29880679,65,120,93,124
630,29880591,65,171,134,130
649,29880316,93,125,108,135
607,29880156,70,167,85,116
627,29880146,66,129,100,162
678,29880134,93,138,108,173
636,29880128,70,130,128,155
622,29879745,72,129,109,138
637,29879653,72,167,93,162
647,29879251,85,141,117,124
654,29879136,83,122,74,136
633,29878898,67,133,90,174
666,29878577,93,147,117,132
626,29878479,71,127,115,143
639,29878469,71,162,134,142
649,29878371,86,123,110,127
651,29878287,82,115,82,147
627,29878200,68,142,96,154
650,29877894,86,151,101,133
614,29877846,66,135,110,134
637,29877706,67,162,111,153
656,29877647,91,162,74,131
654,29877191,91,124,73,135
645,29877115,81,121,128,120
653,29877105,87,133,109,131
655,29877021,92,131,84,135
653,29876798,84,154,84,137
641,29876440,70,184,110,147
618,29876273,69,169,79,133
652,29876172,92,117,93,134
627,29875619,66,163,119,155
635,29875572,71,150,118,177
657,29875532,92,156,83,142
677,29875501,84,123,90,197
629,29875359,67,122,86,183
655,29875076,84,113,79,139
651,29874969,91,123,130,127
656,29874906,80,130,96,134
654,29874682,92,146,94,129
639,29874306,70,174,113,169
646,29874167,90,124,85,128
619,29874158,65,174,104,130
659,29873810,86,135,75,132
635,29873550,67,131,111,172
658,29873416,85,170,86,130
613,29873213,68,127,91,153
656,29872960,87,124,96,141
631,29872845,66,174,89,145
626,29872451,72,124,73,178
605,29872314,66,170,101,105
647,29872052,91,131,102,118
639,29871977,72,168,79,188
660,29871694,91,142,89,134
635,29871579,66,175,89,154
633,29871280,70,175,83,150
635,29871191,84,115,85,125
636,29871128,72,160,102,174
657,29870953,89,167,48,144
654,29870824,92,112,115,133
638,29870587,91,130,111,109
615,29870547,71,162,81,129
630,29870430,69,152,104,144
627,29870335,68,132,84,171
629,29870271,68,168,128,155
617,29870002,70,134,89,153
639,29869925,84,135,83,125
640,29869862,72,161,95,173
612,29869698,72,151,103,128
658,29869558,85,136,110,138
656,29869335,84,151,116,131
658,29869251,91,148,82,157
634,29869164,64,182,95,140
636,29869076,89,109,101,123
641,29868958,71,174,128,163
651,29868840,86,139,104,123
621,29868810,72,186,115,134
629,29868689,72,136,104,168
616,29868432,65,175,92,129
628,29868220,72,133,89,179
660,29868069,90,169,114,128
640,29867810,92,132,103,124
645,29867779,85,128,82,129
624,29867636,70,144,94,161
658,29867613,75,121,108,136
633,29867497,72,154,111,145
623,29867204,63,149,122,134
639,29867173,69,159,84,188
659,29867136,86,146,89,141
643,29866714,90,139,84,124
649,29866704,87,127,108,123
627,29866553,70,136,117,169
662,29866347,92,132,107,137
627,29866246,66,144,83,171
627,29865938,66,168,123,138
640,29865864,93,122,105,126
645,29865834,79,111,83,128
638,29865780,70,144,107,168
646,29865664,83,133,99,128
656,29865477,84,113,128,150
633,29865476,69,143,119,162
640,29865057,70,156,101,178
613,29864849,69,173,105,138
666,29864774,89,165,82,132
619,29864655,69,135,110,148
644,29864598,91,128,103,116
649,29864568,90,133,81,136
663,29864539,87,131,102,158
642,29864514,72,171,112,166
660,29864211,75,138,128,147
628,29864130,68,147,103,179
658,29863987,87,145,130,128
663,29863924,87,161,95,133
634,29863884,71,172,74,163
636,29863817,72,163,123,150
638,29863728,92,111,114,124
646,29863718,84,123,100,128
631,29863342,65,139,119,162
618,29863084,67,157,107,128
623,29863081,71,172,80,157
630,29862873,71,125,107,170
662,29862721,93,182,129,128
667,29862658,90,175,89,134
642,29862462,83,132,118,126
650,29862452,89,133,94,133
660,29862265,91,119,128,132
620,29862232,71,162,100,152
655,29862082,79,146,57,137
661,29861788,92,147,114,135
638,29861787,68,167,91,149
635,29861768,71,165,83,183
602,29861729,72,136,110,116
624,29860966,71,153,100,153
632,29860919,70,160,86,171
659,29860695,87,134,72,137
648,29860316,83,121,117,129
642,29859710,65,163,119,182
636,29859653,72,176,99,185
653,29859136,93,124,73,137
646,29858944,87,146,79,125
651,29858913,88,146,71,128
632,29858898,72,143,103,169
632,29858845,90,141,122,106
616,29858618,66,134,97,165
665,29858577,91,154,107,130
648,29858371,91,124,117,132
650,29858287,87,112,80,150
615,29858186,63,137,111,134
669,29857926,93,120,109,170
655,29857647,92,173,66,145
669,29857311,90,166,116,140
652,29857105,89,137,112,141
654,29857021,92,127,82,138
622,29856885,70,161,107,148
647,29856828,91,149,102,121
652,29856798,81,144,84,130
625,29856533,71,140,109,148
640,29856440,72,147,115,153
651,29856172,89,113,99,135
650,29856100,89,128,63,131
635,29855934,93,138,95,107
657,29855925,84,136,74,131
626,29855619,72,173,110,143
634,29855572,72,156,108,172
651,29855562,93,183,106,124
656,29855532,91,177,84,131
676,29855501,86,119,93,197
654,29855076,92,121,79,140
650,29854969,91,120,136,129
629,29854960,70,164,75,144
655,29854906,90,136,94,133
653,29854682,89,151,97,131
652,29854610,86,178,61,132
638,29854306,68,175,115,173
632,29854093,67,134,88,174
658,29853810,87,134,83,137
634,29853550,71,136,118,163
657,29853416,76,158,98,136
642,29853318,88,117,101,122
634,29853243,66,152,81,176
655,29852960,92,117,93,132
628,29852853,66,134,125,147
630,29852845,67,171,94,153
651,29852546,91,154,118,136
615,29852117,71,125,77,150
646,29852052,90,122,99,127
638,29851977,70,157,82,179
624,29851900,72,120,89,175
654,29851757,85,141,128,130
659,29851694,86,133,96,135
634,29851579,72,176,99,155
624,29851286,66,159,88,141
632,29851280,71,167,79,147
635,29851128,70,151,101,171
663,29851117,87,138,113,152
653,29850824,87,113,108,146
616,29850002,70,136,103,154
638,29849925,91,127,75,125
639,29849862,68,177,91,163
622,29849752,67,144,79,169
657,29849558,81,132,109,144
655,29849335,86,151,124,128
657,29849251,91,145,77,138
633,29849164,68,169,100,137
635,29849076,75,114,91,122
650,29848840,93,131,95,123
620,29848810,66,179,126,120
628,29848763,71,147,124,147
628,29848689,67,141,95,159
615,29848432,66,146,86,129
627,29848220,69,130,102,173
660,29848155,91,147,74,141
659,29848069,90,169,113,131
639,29847810,93,128,97,121
644,29847779,85,141,82,136
657,29847613,92,113,116,135
632,29847497,68,176,114,140
653,29847199,92,144,132,136
638,29847173,67,164,77,185
664,29846889,90,161,72,133
642,29846714,89,126,80,124
626,29846553,64,127,115,166
661,29846347,79,138,117,149
635,29846323,65,151,90,188
626,29845938,62,175,111,139
639,29845864,79,124,89,123
637,29845780,70,144,113,171
645,29845664,84,125,91,133
665,29845388,88,142,81,167
639,29845057,72,171,99,181
612,29844849,71,172,92,139
665,29844774,87,169,83,138
618,29844655,72,139,108,158
643,29844598,88,140,94,124
648,29844568,83,134,83,128
641,29844514,72,166,113,169
621,29844366,72,161,97,132
635,29844302,68,127,91,195
659,29844211,84,123,128,133
629,29844192,86,133,100,102
657,29843987,85,152,139,133
662,29843924,91,145,95,140
635,29843817,68,167,110,142
637,29843728,86,113,115,117
645,29843718,85,122,105,145
622,29843463,70,165,128,128
630,29843342,64,136,115,166
666,29843273,82,127,94,162
617,29843084,72,175,110,123
622,29843081,71,169,84,148
613,29842848,63,126,74,164
661,29842721,88,166,130,127
666,29842658,91,167,101,130
641,29842462,85,128,113,118
649,29842452,91,138,99,130
619,29842232,69,145,100,154
634,29842150,69,159,129,148
654,29841961,90,115,70,143
622,29841881,72,138,91,142
660,29841788,93,154,118,133
637,29841787,72,163,99,150
634,29841768,67,166,85,178
643,29841582,93,104,107,130
608,29841058,62,129,109,133
623,29840966,72,148,102,158
631,29840919,70,144,106,165
647,29840316,93,126,108,136
619,29840211,70,142,96,153
635,29839653,72,172,89,161
645,29839251,88,133,107,124
664,29839192,85,113,113,178
652,29839136,92,132,74,147
631,29838898,72,126,90,176
610,29838842,69,177,109,126
659,29838580,91,130,81,137
664,29838577,91,144,119,132
637,29838469,72,167,128,135
649,29838287,82,116,85,140
648,29837894,89,147,102,131
654,29837647,87,167,73,130
668,29837311,88,172,115,130
627,29837305,63,132,91,187
652,29837191,84,121,73,139
643,29837115,85,128,132,122
651,29837105,74,133,112,139
653,29837021,86,125,78,134
651,29836798,86,147,85,143
639,29836440,68,167,121,154
616,29836273,63,174,85,133
650,29836172,84,116,94,132
649,29836100,81,134,58,140
656,29835925,92,131,72,133
625,29835619,72,166,118,155
633,29835572,70,147,112,161
650,29835562,91,169,103,121
655,29835532,75,159,85,127
675,29835501,93,127,106,198
613,29835424,72,145,102,132
653,29835076,93,119,81,137
649,29834969,89,134,128,131
654,29834906,91,136,98,137
621,29834863,72,126,122,158
652,29834682,88,144,105,139
637,29834306,70,165,123,166
644,29834167,92,133,79,113
617,29834158,71,168,98,128
631,29834093,71,141,96,186
657,29833810,86,141,82,139
633,29833550,69,133,109,170
656,29833416,93,183,87,130
641,29833318,75,113,102,123
664,29833253,88,140,104,140
611,29833213,69,125,106,158
654,29832960,90,122,97,132
627,29832853,70,137,108,147
629,29832845,64,168,88,143
619,29832552,71,144,91,141
644,29832222,91,124,79,127
645,29832052,92,132,96,128
637,29831977,68,154,81,171
653,29831757,85,136,133,138
658,29831694,84,132,89,132
633,29831579,72,174,99,147
648,29831481,86,150,118,111
623,29831286,68,160,90,132
631,29831280,70,179,78,148
633,29831191,87,111,84,123
634,29831128,69,148,92,175
652,29830824,91,108,108,131
629,29830823,64,137,102,163
652,29830215,93,187,124,120
615,29830002,72,143,103,157
623,29829955,71,120,87,166
637,29829925,87,134,84,124
638,29829862,72,154,98,176
656,29829558,90,125,112,134
654,29829335,83,151,112,131
656,29829251,84,147,79,140
632,29829164,65,170,96,147
634,29829076,73,117,91,123
619,29828810,64,177,114,132
659,29828770,84,126,72,159
627,29828689,67,139,89,174
614,29828432,71,162,101,129
626,29828220,64,120,94,174
659,29828155,89,161,70,135
658,29828069,92,151,116,132
643,29827970,89,114,123,128
613,29827866,69,129,109,158
638,29827810,86,132,90,122
643,29827779,88,125,79,138
656,29827613,84,124,123,142
663,29827504,89,132,74,159
631,29827497,64,164,110,139
637,29827173,69,171,85,176
657,29827136,92,147,90,138
641,29826714,84,129,83,124
647,29826704,82,128,121,126
625,29826553,72,128,110,159
626,29826370,71,158,91,169
660,29826347,85,129,108,137
634,29826323,71,152,95,171
635,29826231,69,158,107,158
660,29826040,93,144,84,134
625,29825938,66,155,115,141
644,29825664,79,131,94,141
654,29825477,91,117,131,136
631,29825476,72,140,115,166
664,29825388,90,128,83,174
638,29825057,69,181,106,182
664,29824774,90,183,79,132
642,29824598,91,129,94,111
647,29824568,90,140,81,127
661,29824539,90,121,105,161
640,29824514,72,167,115,167
658,29824211,83,129,133,130
661,29823924,79,156,90,147
635,29823903,71,160,83,147
632,29823884,69,184,73,176
634,29823817,72,172,111,157
644,29823718,83,124,102,129
651,29823493,88,126,125,121
614,29823422,66,118,90,157
629,29823342,68,140,126,177
665,29823273,91,132,97,165
616,29823084,63,157,112,123
621,29823081,71,183,85,154
632,29823053,70,162,106,155
629,29823034,66,147,81,160
628,29822873,71,136,108,170
660,29822721,90,163,128,134
665,29822658,92,167,105,132
640,29822462,83,135,116,109
648,29822452,91,137,93,127
618,29822232,70,161,88,156
633,29822150,64,180,128,157
621,29821881,69,143,88,152
659,29821788,88,144,108,131
636,29821787,69,187,96,149
633,29821768,70,185,83,175
620,29821412,66,133,95,150
649,29821357,87,142,134,117
629,29821013,66,127,79,182
662,29820999,86,139,132,142
622,29820966,70,162,86,157
630,29820919,72,145,94,169
647,29820402,86,116,73,134
646,29820316,93,128,110,128
624,29820146,71,131,102,150
675,29820134,85,135,133,171
641,29820040,84,147,103,125
640,29819710,71,162,107,190
634,29819653,72,172,95,180
644,29819251,90,135,112,125
663,29819192,88,131,126,157
651,29819136,91,126,66,131
644,29818944,89,147,80,121
649,29818913,88,156,74,134
630,29818898,67,130,101,161
663,29818577,86,154,108,152
646,29818371,78,124,124,133
648,29818287,84,116,80,130
632,29818050,86,140,84,110
667,29817926,87,135,119,161
647,29817894,92,145,105,135
655,29817731,92,112,92,136
676,29817712,93,149,107,171
634,29817706,69,145,116,143
653,29817647,87,173,66,129
626,29817513,88,175,96,97
667,29817311,91,156,107,131
650,29817105,82,133,124,134
652,29817021,82,130,81,131
620,29816885,68,149,114,157
645,29816828,89,151,104,122
650,29816798,79,151,80,128
659,29816465,87,129,99,141
638,29816440,70,177,110,162
642,29816282,92,128,71,129
629,29816209,69,134,83,178
649,29816172,91,115,102,140
624,29815619,68,161,113,153
632,29815572,71,151,111,172
649,29815562,87,176,97,118
654,29815532,89,159,85,131
674,29815501,84,122,100,195
652,29815076,86,124,81,138
648,29814969,84,129,132,133
653,29814906,89,129,96,142
651,29814682,78,148,90,137
636,29814306,68,155,112,169
643,29814167,86,124,79,127
616,29814158,71,156,92,127
630,29814093,68,136,104,177
635,29814092,71,168,65,165
656,29813810,93,136,84,137
632,29813550,71,143,115,175
655,29813416,86,178,91,139
621,29813401,67,170,79,130
640,29813318,89,115,103,120
610,29813213,68,127,88,148
653,29812960,89,120,92,147
624,29812920,63,140,74,178
628,29812845,68,172,106,144
657,29812383,91,114,114,145
608,29812120,63,142,113,128
644,29812052,90,128,97,128
636,29811977,69,174,84,170
622,29811900,65,125,93,172
657,29811694,93,126,86,137
632,29811579,67,169,95,150
630,29811280,67,173,84,143
610,29811268,63,124,106,157
633,29811128,71,144,87,174
661,29811117,82,129,120,139
651,29810824,81,110,114,133
612,29810547,66,168,77,113
626,29810271,72,162,136,147
644,29810106,91,124,106,122
614,29810002,71,142,98,158
614,29810000,72,125,116,141
622,29809955,65,124,105,163
636,29809925,92,123,81,125
637,29809862,69,152,91,174
655,29809558,93,128,112,132
653,29809335,82,145,111,151
655,29809251,88,146,84,131
631,29809164,72,167,93,156
633,29809076,93,117,91,117
648,29808840,92,132,106,122
618,29808810,67,165,117,130
613,29808432,71,167,92,124
625,29808220,66,119,96,181
686,29808217,85,159,77,196
657,29808069,91,161,115,137
642,29807970,93,116,111,128
612,29807866,72,136,110,154
637,29807810,88,129,97,124
642,29807779,85,129,83,128
655,29807613,93,115,110,147
630,29807497,65,167,113,147
620,29807204,69,147,108,135
636,29807173,69,170,85,180
656,29807136,86,148,89,135
662,29806889,91,165,69,136
610,29806773,65,137,132,122
640,29806714,81,133,84,123
646,29806704,90,127,126,125
659,29806654,90,128,78,160
624,29806553,70,126,111,174
625,29806370,72,174,103,168
659,29806347,84,143,111,138
627,29806265,68,151,106,157
634,29806231,71,164,115,151
659,29806040,89,145,81,139
624,29805938,67,180,107,137
637,29805864,85,121,97,121
635,29805780,69,147,118,166
643,29805664,92,135,98,127
672,29805482,88,133,99,176
630,29805476,62,139,116,147
649,29805301,91,145,66,118
637,29805057,72,168,105,174
640,29804953,93,147,89,110
653,29804867,86,184,131,112
663,29804774,79,155,81,134
616,29804655,67,135,107,158
641,29804598,93,143,99,125
646,29804568,88,134,82,130
660,29804539,88,113,89,159
639,29804514,69,165,107,160
657,29804211,93,132,129,137
655,29803987,91,149,141,134
660,29803924,90,145,105,140
631,29803884,65,171,69,163
633,29803817,66,167,109,147
628,29803342,66,127,120,170
664,29803273,88,134,99,160
615,29803084,64,165,123,127
620,29803081,71,170,79,156
631,29803053,71,145,98,157
659,29802721,93,170,131,130
664,29802658,91,152,98,134
639,29802462,92,125,114,117
647,29802452,92,131,100,139
657,29802265,91,117,128,130
617,29802232,65,146,102,158
635,29801787,72,172,104,152
632,29801768,71,161,85,164
641,29801582,88,112,109,137
628,29801013,71,140,83,178
661,29800999,78,132,137,131
621,29800966,69,161,96,155
671,29800849,88,130,89,196
645,29800316,87,121,116,137
668,29800062,93,127,95,169
645,29800009,87,147,79,134
639,29799710,65,148,109,171
633,29799653,72,165,101,172
643,29799251,80,125,120,122
662,29799192,81,138,110,156
650,29799136,90,137,69,140
629,29798898,69,139,105,172
657,29798580,84,135,81,142
662,29798577,92,149,109,138
645,29798371,76,124,119,130
666,29797926,85,123,110,171
646,29797894,82,144,86,132
654,29797731,78,114,102,141
633,29797706,72,154,115,158
647,29797678,93,170,82,123
652,29797647,92,180,70,132
616,29797522,63,135,80,170
661,29797314,93,123,80,147
666,29797311,82,162,115,133
649,29797105,84,137,107,128
651,29797021,75,136,84,136
644,29796828,79,152,101,122
649,29796798,82,149,85,132
658,29796465,89,133,97,146
679,29796446,82,174,101,172
614,29796273,68,146,84,133
648,29796172,86,117,102,141
654,29795925,75,143,72,138
623,29795619,63,167,111,158
631,29795572,69,152,120,159
648,29795562,92,162,96,124
653,29795532,85,175,84,127
673,29795501,88,143,101,195
691,29795406,92,172,110,196
679,29795137,90,143,91,195
647,29794969,90,128,131,136
652,29794906,83,130,95,136
670,29794714,92,139,111,161
642,29794692,91,146,108,126
650,29794682,91,153,97,132
650,29794622,83,121,57,151
635,29794306,68,152,107,182
642,29794167,84,142,78,121
615,29794158,70,171,96,133
655,29793810,89,127,78,143
654,29793416,92,167,104,129
639,29793318,73,117,96,123
662,29793253,85,140,95,140
652,29792960,93,124,90,134
627,29792845,65,168,104,139
606,29792693,72,161,112,116
668,29792578,90,131,129,163
648,29792546,79,151,113,134
671,29792292,90,163,88,152
643,29792052,85,141,96,126
634,29792040,90,128,67,126
635,29791977,70,166,85,174
621,29791900,67,131,93,170
656,29791694,91,142,89,131
631,29791579,64,169,94,157
646,29791481,87,144,118,123
632,29791128,68,151,89,174
660,29791117,81,137,109,143
631,29791056,71,163,59,172
650,29790824,82,107,115,132
643,29790106,88,124,86,129
613,29790002,70,140,92,153
635,29789925,89,125,82,126
636,29789862,68,166,98,185
681,29789790,90,140,99,196
654,29789558,79,122,110,135
652,29789335,83,144,109,127
630,29789164,63,171,105,150
632,29789076,81,117,91,122
647,29788840,91,139,97,120
617,29788810,69,177,119,128
625,29788689,69,140,105,170
624,29788220,69,138,101,170
657,29788155,90,150,72,141
656,29788069,88,161,119,134
635,29787980,88,116,84,124
641,29787970,93,113,111,122
636,29787810,85,142,93,119
654,29787613,90,124,112,133
629,29787497,69,170,112,158
655,29787136,82,155,97,133
661,29786889,83,175,70,140
639,29786714,85,129,83,114
645,29786704,93,123,126,118
644,29786683,88,140,67,131
658,29786654,85,117,82,161
623,29786553,72,123,111,169
624,29786370,72,149,96,164
658,29786347,82,138,107,131
658,29786040,79,155,80,136
632,29786018,71,178,72,158
623,29785938,62,162,112,133
655,29785805,89,112,90,154
634,29785780,64,152,110,170
642,29785664,78,122,106,127
652,29785477,75,116,132,132
662,29785388,87,131,79,177
636,29785057,67,161,100,179
662,29784774,92,182,85,137
615,29784655,68,131,112,157
640,29784598,90,125,95,114
645,29784568,91,138,80,131
659,29784539,91,117,99,167
638,29784514,70,160,114,179
632,29784302,72,142,95,185
656,29784211,90,123,128,140
654,29783987,89,146,129,131
659,29783924,80,145,93,138
633,29783903,67,164,80,150
658,29783852,90,168,60,138
632,29783817,64,161,107,152
642,29783718,74,124,100,133
649,29783493,93,133,117,126
662,29783443,86,134,82,159
627,29783342,67,140,112,163
663,29783273,91,124,88,165
614,29783084,63,163,107,122
619,29783081,72,172,85,156
658,29782721,92,167,128,131
663,29782658,90,166,105,130
651,29782641,91,132,94,150
638,29782462,93,121,116,117
646,29782452,80,131,87,131
643,29782008,93,118,72,128
657,29781788,89,147,120,138
634,29781787,66,162,94,158
631,29781768,71,172,78,169
626,29781023,65,156,113,167
660,29780999,86,138,132,139
620,29780966,72,170,106,153
628,29780919,69,147,103,168
638,29780517,83,123,109,125
649,29780505,93,117,115,158
657,29780458,92,115,126,154
644,29780316,75,126,119,131
622,29780146,70,131,106,162
667,29780062,84,139,105,162
639,29780040,85,152,105,120
632,29779653,70,176,102,164
642,29779251,93,137,108,125
661,29779192,88,125,119,161
649,29779136,88,125,73,132
628,29778898,70,142,89,170
628,29778845,90,131,111,106
656,29778580,83,141,79,148
661,29778577,91,146,114,132
665,29777926,90,128,110,166
653,29777731,93,117,97,141
646,29777678,93,180,85,123
651,29777647,83,160,70,137
671,29777617,93,133,76,196
624,29777513,92,173,100,95
665,29777311,84,167,116,135
624,29777305,64,131,89,194
649,29777191,92,124,73,137
648,29777105,91,139,107,133
650,29777021,89,122,83,134
618,29776885,68,145,109,148
643,29776828,88,152,98,122
648,29776798,88,148,81,129
657,29776465,83,128,105,141
636,29776440,71,168,114,156
640,29776282,89,119,70,122
647,29776172,92,111,102,131
646,29776100,78,131,62,143
653,29775925,82,127,71,138
652,29775723,92,144,109,128
622,29775619,70,154,109,154
630,29775572,72,144,108,161
647,29775562,93,153,94,120
652,29775532,74,165,80,132
672,29775501,90,121,94,197
610,29775424,63,149,92,132
639,29775266,69,147,100,176
650,29775076,91,122,85,136
651,29774906,83,131,97,133
624,29774798,68,126,111,163
649,29774682,86,146,99,129
648,29774610,89,164,63,137
657,29774519,84,121,92,135
627,29774339,70,146,93,165
634,29774306,68,165,109,162
641,29774167,92,127,76,124
646,29774154,82,124,61,156
633,29774092,71,180,64,174
644,29773903,90,130,128,126
654,29773810,92,128,83,145
630,29773550,71,129,116,169
653,29773416,84,169,97,128
638,29773318,92,116,88,127
661,29773253,87,143,104,143
651,29772960,90,124,103,138
626,29772845,65,179,88,148
642,29772052,85,123,94,116
633,29772040,91,134,72,123
634,29771977,66,172,81,179
667,29771963,93,174,136,134
650,29771757,79,131,128,133
655,29771694,87,140,92,132
623,29771175,72,153,89,154
631,29771128,64,148,102,178
659,29771117,87,129,110,138
645,29770956,89,143,80,126
649,29770824,83,115,122,153
622,29770335,69,134,84,168
624,29770271,64,169,131,148
632,29770224,71,152,129,159
649,29770215,90,152,115,123
634,29769925,87,130,78,125
635,29769862,72,165,100,181
680,29769790,81,137,101,199
653,29769558,83,132,122,140
651,29769335,89,150,127,138
653,29769251,91,147,79,142
629,29769164,69,161,87,141
631,29769076,86,111,88,126
646,29768840,91,141,88,129
616,29768810,66,167,121,134
624,29768763,68,144,108,136
624,29768689,71,126,95,166
656,29768155,86,151,71,131
655,29768069,92,164,108,141
640,29767970,89,116,114,126
635,29767810,90,131,103,118
640,29767779,83,133,82,136
653,29767613,92,118,127,135
660,29767504,88,128,69,162
628,29767497,69,169,107,143
634,29767173,72,161,80,172
654,29767136,85,144,100,133
660,29766889,89,164,74,136
638,29766714,92,133,84,114
644,29766704,93,138,110,127
657,29766654,92,113,75,160
622,29766553,64,120,108,166
623,29766370,63,164,98,170
657,29766347,89,140,108,133
631,29766323,71,156,97,175
685,29766101,86,178,104,195
657,29766040,90,146,82,130
635,29765864,89,123,106,125
646,29765852,92,115,98,156
633,29765780,72,147,110,185
641,29765664,73,130,101,139
651,29765477,83,115,128,139
628,29765476,63,136,111,165
661,29765388,93,137,82,170
617,29765197,70,164,73,155
635,29765057,71,191,95,190
661,29764774,93,167,77,135
644,29764759,82,122,111,127
614,29764655,65,132,114,158
639,29764598,87,133,100,120
650,29764586,89,127,96,153
658,29764539,93,115,94,162
637,29764514,72,176,112,174
609,29764350,71,153,116,129
655,29764211,93,122,135,143
625,29764192,93,132,88,105
653,29763987,85,159,128,131
658,29763924,88,159,89,130
632,29763903,71,170,85,158
629,29763884,69,160,74,169
631,29763817,66,168,111,141
633,29763728,78,116,125,123
648,29763493,93,130,113,126
626,29763342,67,143,116,165
668,29763330,91,126,117,178
662,29763273,77,130,88,168
613,29763084,67,168,112,126
618,29763081,67,188,79,157
629,29763053,70,146,87,159
657,29762721,84,170,138,127
662,29762658,88,173,93,137
637,29762462,93,135,116,112
645,29762452,93,141,106,130
655,29762265,90,124,135,141
652,29761920,89,166,76,127
675,29761793,80,159,105,171
656,29761788,87,151,127,130
633,29761787,68,159,88,153
630,29761768,69,146,81,171
662,29761328,90,133,102,159
649,29761070,93,144,93,129
626,29761013,71,138,77,177
659,29760999,90,135,130,133
619,29760966,72,172,88,158
627,29760919,68,147,89,166
654,29760695,93,132,71,145
637,29760517,91,117,108,118
644,29760402,73,110,74,142
643,29760316,79,137,124,129
666,29760062,90,125,103,167
638,29760040,89,144,94,112
651,29759846,87,112,83,140
631,29759653,63,177,94,177
641,29759251,88,131,113,126
660,29759192,82,115,118,160
648,29759136,88,131,72,142
641,29758944,85,144,78,121
646,29758913,87,145,65,131
627,29758898,67,125,105,172
627,29758845,90,130,110,108
606,29758842,69,169,113,126
655,29758580,93,138,77,138
660,29758577,80,144,108,138
653,29758494,93,141,46,177
633,29758469,70,172,133,140
664,29757926,82,142,117,165
652,29757731,91,117,94,138
631,29757706,72,150,125,158
650,29757647,85,176,66,130
637,29757381,67,183,77,190
664,29757311,87,166,108,147
648,29757191,79,122,71,138
639,29757115,92,137,135,122
647,29757105,90,133,124,135
649,29757021,93,125,82,131
642,29756828,82,145,104,122
647,29756798,90,144,80,130
656,29756465,87,125,94,139
635,29756440,66,158,117,159
639,29756282,85,137,74,123
646,29756172,89,114,94,134
652,29755925,84,136,68,138
621,29755619,68,171,108,158
629,29755572,63,177,118,154
646,29755562,93,169,94,124
651,29755532,93,161,81,136
638,29755266,72,183,92,186
677,29755137,88,139,96,196
649,29755076,87,119,76,130
645,29754969,90,128,128,134
650,29754906,76,133,92,137
625,29754816,70,117,116,181
668,29754714,90,137,112,165
640,29754692,85,156,112,123
648,29754682,86,146,94,134
656,29754519,89,115,90,144
633,29754306,72,161,110,166
640,29754167,92,139,80,122
627,29754093,65,137,100,179
653,29753810,93,141,80,144
638,29753720,89,167,52,124
665,29753558,93,149,97,158
652,29753416,80,167,97,131
637,29753318,91,113,97,115
660,29753253,87,128,104,138
615,29753166,68,104,100,177
650,29752960,92,124,86,144
625,29752845,71,165,86,142
620,29752451,72,135,74,174
654,29752383,91,116,122,147
669,29752292,93,152,105,162
641,29752052,93,134,97,119
632,29752040,83,133,70,122
633,29751977,67,178,84,177
666,29751963,92,169,130,134
636,29751945,93,169,103,101
649,29751757,87,138,134,132
654,29751694,80,138,91,130
644,29751481,93,146,111,123
622,29751175,71,170,89,154
630,29751128,71,144,98,174
658,29751117,87,133,120,149
637,29751092,70,165,128,170
644,29750956,86,140,83,119
648,29750824,87,115,111,132
609,29750547,70,179,84,129
621,29750335,70,130,82,171
648,29750215,89,164,109,117
673,29750154,85,133,116,199
641,29750106,93,123,103,118
611,29750002,69,127,97,151
633,29749925,86,137,76,126
634,29749862,64,162,91,174
611,29749760,91,127,93,97
652,29749558,92,123,109,135
650,29749335,83,149,112,128
652,29749251,81,150,81,132
628,29749164,72,162,99,144
630,29749076,91,109,96,120
635,29748958,62,173,131,171
645,29748840,89,140,95,120
659,29748695,89,145,96,138
623,29748689,66,143,105,172
610,29748432,69,167,95,129
654,29748069,88,177,122,128
633,29747980,93,124,85,126
639,29747970,89,116,110,129
644,29747967,92,116,84,153
634,29747810,91,129,98,113
639,29747779,80,131,85,131
652,29747613,85,122,121,133
659,29747504,88,127,74,168
627,29747497,72,176,120,150
617,29747204,67,152,107,134
633,29747173,72,163,79,180
653,29747136,88,144,104,137
641,29747118,74,115,106,149
637,29746998,82,136,55,121
659,29746889,79,166,70,130
637,29746714,90,137,80,123
643,29746704,86,135,112,128
648,29746701,88,132,76,155
642,29746683,74,139,66,145
656,29746654,82,115,84,167
621,29746553,71,131,109,163
622,29746370,63,176,93,167
656,29746347,86,129,112,131
631,29746231,69,176,109,157
656,29746040,85,145,81,153
640,29745664,84,134,95,132
612,29745632,68,144,88,123
660,29745388,89,128,84,159
646,29745301,91,145,72,124
634,29745057,66,166,103,175
660,29744774,93,180,84,134
643,29744759,84,123,114,129
656,29744709,84,124,83,157
638,29744598,93,140,91,121
643,29744568,91,140,84,130
657,29744539,89,126,105,154
636,29744514,72,162,112,176
616,29744366,67,179,88,118
613,29744347,67,147,82,154
654,29744211,90,127,131,130
624,29744192,90,118,97,108
657,29743924,78,150,98,134
631,29743903,70,156,83,151
628,29743884,72,158,65,173
630,29743817,71,165,112,145
632,29743728,80,117,108,123
647,29743493,90,141,109,122
660,29743443,93,117,81,163
625,29743342,68,133,118,173
661,29743273,93,123,99,167
620,29743100,71,165,103,131
628,29743053,63,152,100,158
656,29742721,82,179,132,131
661,29742658,93,173,95,142
636,29742462,92,133,109,111
644,29742452,90,136,96,133
614,29742232,68,160,90,150
664,29742177,87,134,81,163
629,29742150,70,163,136,144
655,29741788,91,148,111,144
632,29741787,70,156,96,160
629,29741768,71,170,83,165
645,29741357,92,126,131,127
661,29741328,86,122,106,181
648,29741070,93,146,99,125
624,29741023,72,156,107,169
625,29741013,71,138,85,176
658,29740999,93,140,128,132
618,29740966,64,163,91,156
626,29740919,68,148,103,167
636,29740517,91,124,114,125
647,29740505,86,133,108,148
642,29740316,73,131,111,132
622,29740164,71,121,93,173
665,29740062,93,130,105,164
642,29739893,93,129,83,133
652,29739804,91,168,97,125
630,29739653,67,168,94,162
609,29739501,72,171,114,136
640,29739251,92,139,109,122
659,29739192,92,127,111,155
647,29739136,82,137,73,143
640,29738944,79,146,85,122
645,29738913,84,160,74,129
626,29738898,71,127,95,172
654,29738580,87,132,81,144
659,29738577,82,160,109,142
620,29738291,90,142,94,100
663,29737926,93,122,126,166
643,29737778,83,130,102,132
614,29737737,64,186,128,127
651,29737731,84,117,106,138
644,29737678,88,181,77,109
649,29737647,88,161,68,137
663,29737311,91,174,109,137
647,29737191,85,123,67,133
638,29737115,93,118,131,121
646,29737105,74,133,107,133
648,29737021,90,134,85,130
616,29736885,71,150,113,157
641,29736828,92,159,100,126
646,29736798,86,153,82,130
655,29736465,75,129,89,149
634,29736440,71,164,109,159
638,29736282,91,124,73,125
645,29736172,88,108,101,138
663,29735980,89,123,115,168
629,29735934,93,124,98,109
651,29735925,89,141,72,132
630,29735634,92,128,115,103
620,29735619,70,154,120,157
628,29735572,68,153,109,171
645,29735562,88,182,102,124
650,29735532,91,154,84,133
635,29735433,79,115,85,116
658,29735369,92,135,80,142
637,29735266,69,153,91,200
648,29735076,90,122,85,142
649,29734906,93,125,105,137
639,29734692,90,145,111,123
647,29734682,93,157,93,130
655,29734519,83,124,90,147
632,29734306,69,163,107,170
639,29734167,82,118,84,124
612,29734158,67,172,99,127
642,29733903,81,139,128,119
652,29733810,80,134,79,132
628,29733550,68,135,108,177
651,29733416,75,146,100,131
636,29733318,91,115,105,128
659,29733253,89,139,99,140
628,29733243,69,148,85,170
661,29733229,91,145,131,136
606,29733213,63,125,95,158
649,29732960,85,123,106,135
648,29732888,91,140,60,131
645,29732546,89,145,114,138
653,29732383,90,110,110,148
640,29732052,90,136,104,129
631,29732040,85,130,68,126
632,29731977,68,169,80,166
653,29731694,85,134,103,144
643,29731481,87,147,107,126
618,29731286,70,184,93,140
629,29731128,67,146,94,164
657,29731117,85,136,108,154
643,29730956,80,136,85,123
647,29730824,83,117,111,140
608,29730547,62,149,83,124
647,29730215,83,166,113,126
632,29730209,90,140,56,125
640,29730106,86,117,97,123
632,29729925,93,121,81,126
633,29729862,65,167,89,176
678,29729790,85,130,93,195
660,29729714,93,146,67,145
651,29729558,77,120,113,132
649,29729335,92,146,112,130
657,29729172,91,124,109,151
627,29729164,68,156,86,146
629,29729076,85,113,101,120
644,29728840,92,137,101,123
635,29728829,79,140,72,125
614,29728810,71,167,108,129
654,29728770,93,109,65,166
622,29728689,63,129,92,171
664,29728677,87,137,92,173
609,29728432,67,171,93,127
621,29728220,67,124,106,184
653,29728069,90,174,113,143
638,29727970,79,114,112,128
643,29727967,91,130,82,151
661,29727906,92,141,107,151
633,29727810,89,126,99,118
651,29727613,88,120,113,135
658,29727504,83,134,69,161
626,29727497,63,186,107,149
632,29727173,71,167,84,174
652,29727136,83,144,101,131
658,29726889,87,153,68,133
636,29726714,87,139,80,117
642,29726704,77,142,111,126
641,29726683,84,133,74,128
655,29726654,83,117,80,173
621,29726370,64,158,93,165
655,29726347,86,142,126,142
655,29726040,92,146,81,130
633,29725864,83,121,94,124
631,29725780,66,147,111,178
639,29725664,93,125,86,133
659,29725388,93,122,85,176
677,29725231,86,145,101,195
615,29725197,62,170,65,156
651,29725118,92,149,63,148
633,29725057,69,168,98,179
659,29724774,93,165,85,132
642,29724759,93,117,120,123
655,29724709,76,124,78,157
637,29724598,90,143,96,125
656,29724539,92,116,102,175
635,29724514,69,164,110,177
643,29724282,90,147,103,124
653,29724211,91,143,134,139
656,29723924,86,144,92,135
629,29723817,66,165,109,141
646,29723493,92,127,120,126
624,29723342,72,139,113,160
660,29723273,81,138,97,161
646,29723186,93,150,76,126
616,29723081,63,179,77,157
623,29722873,67,128,107,178
655,29722721,81,184,128,127
660,29722658,92,163,89,148
663,29722558,87,139,128,140
635,29722462,80,131,108,126
643,29722452,85,137,105,137
653,29722265,90,119,128,136
613,29722232,72,145,105,154
663,29722177,88,131,83,162
635,29722155,88,147,79,118
650,29721920,92,165,78,122
654,29721788,86,151,110,137
631,29721787,71,169,89,151
628,29721768,72,176,84,169
652,29721375,87,130,87,158
660,29721328,76,139,94,159
647,29721070,89,144,101,113
657,29720999,89,135,129,135
617,29720966,72,189,104,154
685,29720754,86,182,98,198
635,29720517,83,124,108,125
641,29720316,86,130,107,129
664,29720062,92,135,97,160
649,29719846,88,115,85,139
651,29719804,92,169,93,127
642,29719793,88,164,74,120
635,29719710,69,176,107,171
629,29719653,72,168,93,178
623,29719316,88,112,75,108
639,29719251,92,133,111,121
658,29719192,90,116,112,164
646,29719136,92,129,74,132
639,29718944,85,144,81,125
625,29718898,65,139,93,192
625,29718845,92,139,120,108
653,29718580,77,131,79,149
658,29718577,80,147,111,133
662,29717926,92,122,107,174
642,29717778,90,125,93,133
650,29717731,89,109,89,145
643,29717678,91,160,75,121
648,29717647,88,167,72,140
668,29717617,83,134,83,195
662,29717311,92,166,107,134
624,29717200,92,112,100,111
645,29717105,83,136,112,131
647,29717021,90,132,79,134
615,29716885,63,152,118,155
640,29716828,83,161,100,123
645,29716798,90,145,85,134
654,29716465,84,134,100,142
656,29716441,89,146,142,134
633,29716440,69,180,112,153
637,29716282,86,133,73,128
644,29716172,84,117,103,141
643,29716100,90,142,58,141
662,29715980,91,139,112,160
650,29715925,92,135,69,141
649,29715723,91,146,110,123
619,29715619,69,161,122,149
644,29715562,84,162,98,125
649,29715532,91,175,75,127
657,29715369,89,140,85,151
636,29715266,68,162,97,185
647,29715076,91,119,85,140
648,29714906,91,128,88,142
682,29714795,84,149,83,178
666,29714714,89,132,107,166
646,29714682,80,144,102,130
654,29714519,92,123,101,152
631,29714306,66,179,111,160
638,29714167,87,128,78,118
630,29714092,70,153,71,171
651,29713810,92,125,78,143
663,29713558,92,153,98,157
650,29713416,85,160,93,132
635,29713318,87,117,90,126
658,29713253,82,138,99,148
660,29713229,78,151,132,131
605,29713213,72,131,104,150
641,29713071,92,130,74,127
648,29712960,87,122,90,138
647,29712888,88,142,63,132
623,29712845,72,163,97,149
602,29712693,71,169,124,114
667,29712292,92,173,103,154
639,29712052,93,128,87,129
631,29711977,62,168,77,177
664,29711963,80,160,135,156
631,29711850,93,117,76,134
652,29711694,87,142,103,135
642,29711481,92,161,119,118
627,29711191,87,112,77,125
620,29711175,67,163,98,158
656,29711117,86,129,116,138
677,29711098,79,164,123,175
642,29710956,85,133,82,128
646,29710824,89,112,118,136
623,29710823,70,131,95,157
646,29710215,83,165,110,126
639,29710106,77,116,96,128
609,29710002,68,133,103,153
631,29709925,89,134,80,125
632,29709862,68,164,101,170
650,29709558,90,132,121,131
640,29709345,92,144,134,123
648,29709335,75,147,108,142
650,29709251,76,146,85,132
643,29708840,84,125,93,124
621,29708689,71,137,103,163
663,29708448,93,162,69,140
620,29708220,70,121,100,181
653,29708155,92,144,74,136
652,29708069,89,167,113,128
637,29707970,86,111,108,129
660,29707906,92,141,126,141
632,29707810,88,127,98,120
650,29707613,82,119,113,131
657,29707504,85,124,74,162
625,29707497,65,170,111,148
631,29707173,69,188,85,184
651,29707136,84,146,105,137
669,29706944,93,174,122,158
657,29706889,89,166,72,130
635,29706714,86,137,83,110
641,29706704,92,135,115,120
646,29706701,92,131,78,153
654,29706654,90,129,85,155
619,29706553,69,131,113,168
620,29706370,72,182,100,167
654,29706347,93,129,112,133
654,29706040,93,144,85,141
607,29705921,70,117,127,150
632,29705864,87,116,103,126
643,29705852,90,136,86,151
622,29705827,72,164,114,158
651,29705805,89,105,92,157
658,29705770,91,127,139,143
661,29705483,89,145,91,140
658,29705388,90,125,76,159
632,29705057,67,174,101,184
658,29704774,92,170,81,135
641,29704759,90,119,115,124
611,29704655,72,139,113,155
636,29704598,92,136,90,120
647,29704586,88,142,94,153
641,29704568,90,140,81,130
655,29704539,91,117,95,159
634,29704514,67,167,109,162
611,29704347,71,147,82,155
642,29704282,85,145,91,120
652,29704211,92,126,129,139
650,29703987,91,151,139,132
655,29703924,78,145,94,140
654,29703852,79,164,63,151
628,29703817,63,166,108,156
645,29703493,93,137,108,124
658,29703443,90,124,82,162
608,29703422,65,118,94,157
623,29703342,69,132,108,173
659,29703273,90,125,92,159
618,29703100,69,173,95,133
622,29702873,67,134,116,176
654,29702721,92,167,134,128
659,29702658,91,157,106,136
634,29702462,87,143,108,126
642,29702452,87,129,90,133
662,29702177,88,128,82,162
649,29701920,89,175,81,128
653,29701788,87,146,117,132
630,29701787,72,187,98,165
627,29701768,63,165,78,166
675,29701716,82,135,98,179
643,29701357,91,136,128,125
659,29701328,82,123,102,169
646,29701070,90,152,106,126
623,29701013,68,133,80,168
656,29700999,88,143,129,130
626,29700981,78,138,88,101
616,29700966,72,170,106,158
651,29700816,90,173,55,147
684,29700754,89,168,96,195
634,29700517,90,123,109,126
645,29700505,92,136,110,150
653,29700458,90,115,109,152
640,29700316,82,136,111,130
663,29700062,93,133,104,169
635,29700040,92,145,92,126
648,29699846,91,115,85,143
650,29699804,88,178,94,120
641,29699793,91,165,72,125
634,29699710,63,170,113,186
628,29699653,65,168,89,165
638,29699251,86,137,111,120
657,29699192,85,134,109,156
645,29699136,90,141,67,131
638,29698944,93,158,81,122
644,29698934,93,146,112,127
624,29698898,71,126,96,174
652,29698580,90,127,85,156
657,29698577,88,150,121,131
655,29698219,92,132,55,184
661,29697926,89,132,122,162
641,29697778,89,121,94,134
649,29697731,93,116,89,154
628,29697706,63,147,114,158
642,29697678,90,171,85,122
647,29697647,91,171,71,132
655,29697484,88,138,73,144
634,29697381,70,172,77,181
661,29697311,90,166,114,135
636,29697115,89,119,128,117
644,29697105,74,135,109,147
646,29697021,88,132,81,131
614,29696885,72,148,125,158
639,29696828,92,144,104,122
644,29696798,83,158,79,133
631,29696532,69,155,91,179
653,29696465,89,128,86,149
632,29696440,67,169,121,152
636,29696282,93,132,68,124
643,29696172,79,113,88,137
627,29695934,93,136,97,111
649,29695925,79,141,72,133
648,29695723,89,150,119,127
618,29695619,71,166,107,152
626,29695572,67,145,114,175
643,29695562,93,173,100,124
648,29695532,87,158,75,129
668,29695501,80,131,100,197
633,29695433,91,115,79,128
656,29695369,89,139,84,146
635,29695266,71,165,90,184
647,29694906,92,126,95,138
622,29694816,67,124,109,173
665,29694714,88,141,110,164
637,29694692,82,147,117,126
645,29694682,75,149,96,128
653,29694519,91,124,92,143
665,29694407,89,155,84,168
630,29694306,71,168,111,162
637,29694167,85,132,84,122
640,29693903,92,141,128,126
659,29693844,78,114,130,159
650,29693810,90,132,78,138
639,29693696,92,111,116,132
626,29693550,67,138,111,176
649,29693416,89,171,104,128
634,29693318,77,116,95,125
657,29693253,90,133,99,136
659,29693229,78,145,129,135
640,29693071,89,135,72,128
647,29692960,90,124,103,135
622,29692845,69,167,104,148
682,29692680,86,151,109,179
651,29692383,84,115,111,145
666,29692292,83,178,100,160
637,29692222,89,112,83,125
665,29692220,91,162,61,165
638,29692052,88,137,95,118
630,29691977,68,186,75,175
663,29691963,89,175,130,138
625,29691853,90,112,123,111
651,29691694,90,135,93,134
641,29691481,88,144,127,115
619,29691175,72,166,87,144
627,29691128,70,145,92,170
655,29691117,77,124,121,140
641,29690956,93,133,81,126
645,29690824,92,117,126,133
629,29690587,88,130,115,106
645,29690215,89,160,107,119
638,29690106,82,123,94,118
630,29689925,78,131,77,125
631,29689862,71,179,93,172
676,29689790,86,140,108,196
649,29689558,93,121,114,140
647,29689335,92,147,119,128
649,29689251,88,145,83,130
655,29689172,93,119,118,145
627,29689076,84,117,106,120
632,29688958,63,176,128,172
642,29688840,85,140,94,129
652,29688770,90,116,66,162
620,29688689,62,142,102,161
662,29688677,86,132,91,186
652,29688155,86,144,71,134
651,29688069,90,167,123,134
636,29687970,92,116,107,129
659,29687906,90,142,119,138
631,29687810,79,127,87,120
649,29687613,89,123,117,146
659,29687599,86,146,79,136
656,29687504,90,131,73,162
624,29687497,68,162,121,146
650,29687136,80,149,87,139
638,29687118,92,108,103,145
656,29686889,87,173,74,135
634,29686714,90,140,81,117
640,29686704,75,123,115,121
645,29686701,90,142,77,157
653,29686654,87,117,83,161
626,29686417,67,132,84,186
619,29686370,68,163,101,164
653,29686347,80,135,112,132
663,29686333,93,163,85,143
653,29686040,82,145,78,131
618,29685938,70,173,121,133
631,29685864,83,124,91,122
642,29685852,89,118,104,151
636,29685834,76,124,83,129
621,29685827,72,174,108,156
629,29685780,72,145,118,175
672,29685678,89,175,117,174
637,29685664,85,129,93,135
656,29685558,83,125,69,165
660,29685483,89,160,104,139
657,29685388,84,141,84,172
643,29685301,93,146,70,127
631,29685057,70,167,90,186
657,29684774,84,173,82,133
640,29684759,88,122,110,113
635,29684598,87,143,100,126
646,29684586,87,139,92,150
654,29684539,86,114,105,163
633,29684514,65,161,120,185
653,29684467,93,142,60,160
613,29684366,72,148,98,133
641,29684282,88,148,100,127
651,29684211,87,132,130,130
647,29684035,90,164,71,127
649,29683987,93,161,128,132
654,29683924,88,145,92,131
628,29683903,63,175,80,149
627,29683817,69,176,114,143
629,29683728,88,115,121,112
644,29683493,92,136,113,118
649,29683490,89,143,84,155
657,29683443,88,124,81,164
658,29683273,93,133,105,173
644,29683186,93,146,83,122
609,29683084,65,155,114,124
614,29683081,72,175,78,150
625,29683053,69,145,101,162
622,29683034,71,167,80,171
621,29682873,66,136,112,177
653,29682721,85,161,134,133
658,29682658,93,154,105,130
646,29682641,89,136,90,140
633,29682462,81,132,126,126
641,29682452,90,133,100,138
661,29682177,90,128,75,164
652,29681788,80,146,109,134
629,29681787,71,169,96,156
626,29681768,72,157,79,189
642,29681357,89,139,136,129
658,29681328,90,118,102,159
645,29681070,84,148,97,121
655,29680999,91,136,132,131
615,29680966,70,170,104,151
683,29680754,86,173,109,196
650,29680695,73,131,73,145
644,29680505,87,129,108,147
639,29680316,90,139,113,129
662,29680136,91,149,112,146
662,29680062,92,127,87,166
639,29679893,90,131,83,130
647,29679846,84,115,84,168
649,29679804,89,166,95,127
640,29679793,89,153,73,116
627,29679653,68,169,88,173
642,29679411,86,114,138,125
637,29679251,90,129,121,122
648,29679239,93,139,111,158
656,29679192,84,112,108,163
644,29679136,73,134,72,144
636,29679044,79,109,94,132
637,29678944,89,150,84,125
623,29678898,72,140,106,176
666,29678870,90,176,116,140
623,29678845,88,137,118,102
651,29678580,83,127,78,137
656,29678577,85,158,114,134
660,29677926,92,118,108,165
640,29677778,92,139,97,132
648,29677731,84,116,94,136
641,29677678,84,157,81,122
646,29677647,87,178,71,127
654,29677484,91,133,67,141
633,29677381,71,163,81,191
660,29677311,93,167,120,130
643,29677105,80,134,108,138
645,29677021,89,125,85,150
638,29676828,91,145,87,124
651,29676635,88,122,79,146
652,29676465,93,133,87,142
673,29676446,86,146,102,171
654,29676441,92,146,130,142
631,29676440,71,164,110,151
635,29676282,91,134,74,127
630,29676176,86,162,73,105
642,29676172,77,113,105,132
626,29675934,77,139,98,106
648,29675925,87,135,69,137
647,29675723,92,145,123,116
617,29675619,63,194,108,154
625,29675572,69,145,115,175
642,29675562,92,164,105,126
647,29675532,87,176,80,145
632,29675433,78,114,76,127
655,29675369,81,138,78,138
634,29675266,66,177,99,172
646,29675157,92,132,129,145
620,29674960,65,174,80,147
646,29674906,90,127,105,132
654,29674900,93,122,82,144
664,29674714,89,138,122,163
636,29674692,90,146,125,117
644,29674682,88,145,106,127
644,29674566,90,139,86,129
651,29674457,90,166,116,128
664,29674407,88,153,82,161
629,29674306,65,167,112,168
636,29674167,90,127,85,125
623,29674093,63,137,102,184
639,29673903,85,138,128,121
649,29673810,81,130,78,134
648,29673416,75,161,96,131
633,29673318,90,115,89,126
656,29673253,84,143,106,148
658,29673229,90,148,135,142
646,29672960,88,120,106,133
621,29672845,68,172,93,151
642,29672430,89,134,111,134
650,29672383,87,117,124,143
665,29672292,90,167,97,158
637,29672052,76,136,103,124
629,29671977,71,171,78,171
662,29671963,93,177,136,139
632,29671945,90,176,88,102
645,29671757,91,143,138,131
650,29671694,89,129,87,138
640,29671481,84,148,107,122
618,29671175,70,177,102,158
654,29671117,90,124,107,150
675,29671098,80,165,110,172
633,29671092,71,159,132,154
669,29671026,92,173,86,167
640,29670956,86,140,75,122
644,29670824,89,115,116,136
621,29670823,64,138,98,143
644,29670215,87,173,121,124
637,29670106,84,118,98,126
629,29669925,87,125,79,122
630,29669862,68,164,86,177
658,29669851,93,132,110,149
675,29669790,88,137,105,201
648,29669558,88,125,125,133
646,29669335,93,147,112,131
624,29669255,92,152,102,99
648,29669251,90,145,80,144
654,29669172,91,120,107,153
624,29669164,66,166,99,148
626,29669076,92,115,103,125
631,29668958,69,183,128,161
641,29668840,93,143,103,128
655,29668695,91,147,94,150
661,29668677,86,131,104,175
618,29668220,72,138,103,168
651,29668155,92,147,72,130
650,29668069,78,172,109,135
635,29667970,89,117,121,126
640,29667967,81,132,83,150
658,29667906,90,141,123,150
630,29667810,78,130,103,125
648,29667613,82,123,113,134
658,29667599,87,156,83,136
621,29667596,91,131,133,100
615,29667544,69,163,108,140
655,29667504,85,134,73,169
632,29667376,88,126,113,106
655,29666889,88,188,74,133
633,29666714,90,137,81,124
639,29666704,79,120,119,122
652,29666654,84,117,81,163
618,29666370,64,146,94,165
652,29666347,89,131,108,134
627,29666231,68,158,118,154
680,29666101,91,173,92,195
652,29666040,79,155,85,138
630,29665864,88,124,98,122
641,29665852,91,113,104,152
656,29665770,85,126,128,144
636,29665664,73,119,105,136
659,29665483,88,148,92,151
646,29665477,88,117,130,139
656,29665388,79,132,82,167
642,29665301,90,145,73,127
612,29665197,67,156,74,141
630,29665057,72,167,86,175
656,29664774,88,158,85,138
639,29664759,87,123,118,127
644,29664756,92,124,77,151
609,29664655,72,138,107,157
634,29664598,83,133,104,126
645,29664586,93,128,94,158
653,29664539,92,113,92,172
632,29664514,68,168,109,159
659,29664292,93,135,70,167
663,29664217,91,163,92,150
650,29664211,85,138,140,135
646,29664035,89,174,65,128
648,29663987,93,148,129,132
653,29663924,91,144,105,132
652,29663852,90,174,63,137
626,29663817,70,161,107,149
628,29663728,82,104,115,115
643,29663493,80,132,107,126
656,29663443,91,117,82,169
657,29663347,84,149,115,148
621,29663342,66,133,114,161
657,29663273,83,134,106,178
608,29663084,71,167,110,120
624,29663053,68,157,100,152
652,29662721,84,180,131,128
657,29662658,93,160,104,130
632,29662462,77,131,124,124
640,29662452,90,141,101,134
609,29662326,62,139,83,156
660,29662177,84,131,78,165
637,29662008,87,127,68,123
647,29661920,84,163,80,129
651,29661788,85,145,117,130
628,29661787,67,170,99,155
625,29661768,71,176,83,173
657,29661328,85,124,97,162
644,29661070,81,144,97,125
635,29661059,81,148,74,124
621,29661013,72,138,83,164
654,29660999,85,126,128,130
614,29660966,67,170,98,155
682,29660754,91,181,92,198
649,29660695,91,127,70,137
632,29660517,92,123,108,114
643,29660505,86,132,116,148
638,29660316,86,126,110,128
610,29660211,72,131,91,158
623,29660165,92,136,67,102
616,29660146,63,134,106,153
661,29660062,91,127,94,170
633,29660040,93,145,93,122
648,29659804,92,170,94,115
639,29659793,92,168,67,126
632,29659710,67,165,107,175
626,29659653,72,178,94,162
660,29659593,91,134,94,167
641,29659411,86,123,133,128
636,29659251,93,135,109,125
647,29659239,83,130,111,145
655,29659192,86,115,120,165
643,29659136,84,124,65,147
636,29658944,80,150,81,118
622,29658898,62,126,105,177
665,29658870,89,170,114,136
650,29658580,90,138,82,154
655,29658577,90,152,127,138
640,29658287,91,115,77,137
644,29658082,90,145,100,144
659,29657926,81,129,113,165
639,29657778,92,132,101,131
647,29657731,79,116,88,142
640,29657678,79,158,76,126
659,29657311,88,181,112,135
655,29657246,92,122,112,153
621,29657200,90,114,103,111
634,29657115,84,122,128,125
642,29657105,87,142,112,135
644,29657021,92,120,85,146
637,29656828,91,147,103,124
642,29656798,74,147,85,130
656,29656769,86,146,94,157
642,29656682,91,139,83,126
650,29656635,89,119,85,141
651,29656465,91,129,88,145
630,29656440,62,169,110,160
634,29656282,91,129,64,128
641,29656172,92,117,94,137
594,29656000,72,137,85,133
659,29655980,93,132,116,154
625,29655934,83,125,94,107
647,29655925,91,132,71,136
646,29655723,92,161,117,128
626,29655634,91,143,109,108
616,29655619,66,171,122,149
641,29655562,90,162,99,123
646,29655532,81,176,77,134
654,29655369,87,135,81,151
633,29655266,63,163,91,186
640,29654969,85,131,128,131
645,29654906,81,122,106,138
663,29654714,77,139,113,161
643,29654682,79,147,104,127
651,29654519,93,118,102,141
650,29654457,93,167,118,129
663,29654407,88,148,81,169
628,29654306,70,172,111,169
635,29654167,92,141,77,129
627,29654092,71,166,66,167
650,29654050,93,110,90,152
676,29653946,93,156,90,182
638,29653903,85,133,136,118
648,29653810,87,133,82,146
637,29653696,82,116,117,130
647,29653416,87,166,95,131
632,29653318,90,117,102,128
655,29653253,82,133,96,148
657,29653229,91,146,134,136
667,29653141,91,173,84,162
645,29652960,86,118,98,131
620,29652845,72,172,103,139
654,29652784,93,133,92,153
629,29652723,93,142,104,104
680,29652680,90,178,110,178
649,29652383,90,116,107,147
664,29652292,87,167,91,157
635,29652222,76,123,83,126
636,29652052,87,124,98,129
628,29651977,67,187,76,177
661,29651963,87,168,132,132
631,29651945,90,174,96,104
614,29651900,72,123,97,165
649,29651694,90,139,105,141
639,29651481,87,147,113,126
625,29651128,70,147,106,162
653,29651117,90,126,107,148
668,29651026,89,154,94,163
639,29650956,88,138,79,126
643,29650824,91,105,123,139
661,29650633,89,126,133,153
641,29650485,90,121,109,125
616,29650335,72,120,82,165
643,29650215,84,172,111,122
636,29650106,86,124,94,129
628,29649925,83,130,85,122
629,29649862,72,166,97,167
647,29649558,92,125,118,149
645,29649335,93,148,115,151
623,29649164,72,169,99,142
640,29648840,74,132,92,113
642,29648817,93,120,74,153
610,29648810,72,187,111,132
624,29648746,68,133,107,178
654,29648695,93,145,97,144
660,29648677,88,133,102,187
617,29648220,66,131,97,161
662,29648210,90,146,109,158
649,29648069,84,194,124,127
634,29647970,93,116,122,119
639,29647967,83,129,80,144
647,29647920,76,114,83,166
657,29647906,89,140,117,140
604,29647866,64,142,109,151
629,29647810,91,134,96,124
647,29647613,92,115,113,139
654,29647504,84,123,69,160
631,29647376,92,141,115,109
682,29647332,85,163,123,180
628,29647173,69,181,83,173
648,29647136,92,145,106,130
666,29646944,93,160,111,170
654,29646889,90,165,66,141
610,29646789,72,136,115,138
632,29646714,80,134,83,121
638,29646704,88,139,124,129
643,29646701,93,129,78,157
651,29646654,84,116,84,164
633,29646598,86,161,119,101
617,29646370,72,159,99,164
651,29646347,87,134,123,133
641,29646133,93,149,132,122
679,29646101,93,173,86,195
651,29646040,93,145,84,133
616,29645938,69,156,109,136
629,29645864,83,120,96,123
640,29645852,92,117,90,147
670,29645678,92,170,116,168
635,29645664,80,128,93,129
658,29645483,87,163,105,150
645,29645477,84,117,132,131
655,29645388,84,140,82,161
641,29645301,93,154,70,123
629,29645057,71,179,99,177
645,29644867,82,168,135,122
655,29644774,89,172,85,145
638,29644759,93,119,107,117
643,29644756,77,123,81,153
633,29644598,88,141,88,125
644,29644586,92,130,89,157
652,29644539,90,116,102,168
631,29644514,72,157,110,177
658,29644292,93,129,74,172
639,29644282,87,146,99,128
662,29644217,90,174,96,154
649,29644211,86,125,132,131
652,29643924,85,160,98,135
626,29643903,68,186,78,160
625,29643817,71,158,107,147
636,29643687,92,158,103,110
642,29643493,91,142,114,122
655,29643443,86,140,81,167
656,29643347,92,148,111,145
656,29643273,83,118,102,164
642,29643186,81,146,84,124
607,29643084,71,186,126,129
680,29642869,88,158,82,195
651,29642721,85,175,133,134
656,29642658,93,161,104,141
644,29642641,93,117,92,156
636,29642623,91,111,132,123
651,29642522,83,121,62,160
631,29642462,76,136,112,126
639,29642452,92,125,98,127
649,29642265,84,121,136,133
609,29642232,69,165,86,154
659,29642177,92,139,85,163
646,29641920,84,158,85,113
650,29641788,81,146,123,137
627,29641787,70,165,104,154
624,29641768,64,182,78,170
648,29641375,86,136,102,157
640,29641357,81,131,130,122
656,29641328,80,123,91,166
643,29641070,90,145,96,125
653,29640999,91,134,130,131
613,29640966,67,175,105,153
681,29640754,92,178,97,197
648,29640695,90,119,72,141
642,29640505,83,113,121,156
650,29640458,80,115,115,153
637,29640316,90,121,120,127
660,29640136,90,146,112,146
660,29640062,92,132,96,161
632,29640040,93,146,101,116
637,29639893,81,130,78,131
647,29639804,92,167,98,128
638,29639793,89,173,65,117
657,29639734,93,149,66,181
631,29639710,71,170,110,178
625,29639653,64,178,103,170
634,29639606,91,163,117,110
659,29639593,89,125,89,175
640,29639411,93,119,134,127
635,29639251,93,134,116,124
646,29639239,90,123,109,148
654,29639192,92,122,108,154
642,29639136,78,124,71,142
635,29638944,89,149,75,125
621,29638898,62,138,95,163
664,29638870,91,171,123,143
621,29638845,93,125,124,107
649,29638580,90,124,76,136
654,29638577,90,146,123,136
638,29638340,91,167,108,101
652,29638219,87,129,56,164
658,29637926,91,129,108,160
638,29637778,89,128,106,134
646,29637731,93,112,98,141
639,29637678,85,170,83,126
658,29637618,91,148,85,179
652,29637484,90,129,69,148
653,29637314,93,125,84,145
658,29637311,91,164,109,134
646,29637293,86,143,119,142
654,29637246,78,119,123,158
633,29637115,87,121,128,119
641,29637105,84,139,116,129
643,29637021,93,134,77,131
636,29636828,84,154,93,126
635,29636756,93,165,63,117
649,29636635,89,119,85,145
661,29636522,93,149,72,168
650,29636465,86,124,104,138
629,29636440,69,172,109,157
633,29636282,93,142,69,123
640,29636172,85,112,105,138
658,29635980,92,117,114,171
624,29635934,87,128,101,109
646,29635925,80,141,70,140
638,29635832,78,123,91,130
658,29635673,85,148,77,153
615,29635619,69,173,108,158
623,29635572,65,144,107,165
640,29635562,85,154,100,125
645,29635532,76,166,84,130
659,29635503,88,155,98,173
683,29635406,87,163,113,196
653,29635369,87,138,85,137
632,29635266,71,159,98,196
643,29635076,89,124,81,135
644,29634906,81,130,97,141
662,29634714,91,128,125,159
642,29634682,90,163,101,127
642,29634566,88,143,102,132
650,29634519,91,119,98,147
649,29634457,85,171,108,124
662,29634407,89,145,83,159
627,29634306,68,164,113,164
634,29634167,78,138,85,124
607,29634158,65,174,104,130
626,29634092,64,170,71,189
637,29633903,87,142,133,123
656,29633844,93,114,135,164
647,29633810,75,133,80,139
643,29633587,88,144,131,118
659,29633558,89,147,98,155
623,29633550,68,131,111,186
646,29633416,87,175,98,132
631,29633318,90,109,100,125
615,29633290,70,170,76,154
654,29633253,91,132,101,139
656,29633229,93,152,129,132
626,29633211,93,152,92,107
666,29633141,88,174,81,169
637,29633071,86,134,70,121
644,29632960,92,121,98,139
653,29632784,89,127,101,158
628,29632723,90,134,98,110
660,29632578,92,142,129,164
640,29632430,89,130,108,131
648,29632383,81,116,109,145
663,29632292,91,165,97,182
619,29632166,79,164,117,95
635,29632052,89,129,101,112
627,29631977,64,161,80,169
660,29631963,93,157,139,134
630,29631945,89,157,105,108
643,29631757,93,133,130,129
648,29631694,84,142,96,134
638,29631481,89,150,109,122
622,29631231,70,163,111,169
616,29631175,65,161,100,148
624,29631128,64,149,103,177
652,29631117,91,134,111,149
667,29631026,91,182,94,164
638,29630956,93,133,84,123
642,29630824,81,114,112,137
647,29630375,85,144,138,127
642,29630215,91,163,111,119
635,29630106,80,118,94,128
627,29629925,82,127,85,124
634,29629918,70,181,110,190
628,29629862,68,167,96,172
673,29629790,89,134,97,197
646,29629558,90,125,116,143
664,29629367,83,134,129,159
644,29629335,85,156,107,136
646,29629251,89,148,84,131
639,29628840,85,138,106,119
630,29628829,93,143,74,118
651,29628703,89,109,113,150
659,29628677,92,138,89,186
632,29628469,87,141,103,137
659,29628448,92,168,74,147
604,29628432,67,171,92,128
616,29628220,63,135,95,170
627,29628164,89,147,87,110
649,29628155,92,148,74,142
648,29628069,84,168,111,127
633,29627970,83,116,107,123
638,29627967,84,129,79,148
656,29627906,85,132,125,151
628,29627810,82,122,102,122
646,29627613,88,120,121,143
656,29627599,89,153,78,143
653,29627504,91,127,74,173
647,29627136,90,150,96,134
665,29626944,89,171,117,159
653,29626889,90,166,72,140
631,29626714,91,131,77,124
637,29626704,85,125,124,127
650,29626654,87,116,82,175
616,29626370,71,190,91,167
650,29626347,89,143,110,137
660,29626333,92,174,82,143
678,29626101,77,171,95,195
650,29626040,80,144,79,130
615,29625938,66,158,109,136
639,29625852,90,109,96,157
626,29625780,72,155,111,173
669,29625678,92,161,125,162
657,29625483,87,152,105,140
654,29625388,92,134,85,164
628,29625057,71,173,97,179
654,29624774,88,165,85,142
637,29624759,89,119,109,122
642,29624756,82,132,84,150
632,29624598,93,138,95,125
643,29624586,92,125,101,151
637,29624568,86,132,80,127
651,29624539,89,135,97,156
630,29624514,68,184,110,175
650,29624467,90,127,62,170
610,29624366,65,157,102,133
661,29624217,86,179,94,147
648,29624211,84,134,130,149
618,29624192,76,139,102,106
646,29623987,82,152,136,142
651,29623924,75,144,102,134
650,29623852,90,172,62,133
654,29623824,89,121,129,143
624,29623817,71,165,115,147
641,29623493,91,128,123,125
654,29623443,92,119,85,168
619,29623342,69,130,113,169
655,29623273,83,124,88,162
641,29623186,92,145,84,124
606,29623084,63,160,116,124
611,29623081,71,163,75,157
650,29622721,87,160,128,128
655,29622658,90,170,95,132
643,29622641,89,114,90,141
635,29622623,93,106,128,116
651,29622594,85,120,87,155
658,29622558,83,138,131,145
630,29622462,87,122,119,115
638,29622452,81,129,102,132
648,29622265,82,120,133,137
658,29622177,92,138,84,164
623,29622150,67,165,134,143
645,29621920,92,180,78,126
649,29621788,85,150,114,132
626,29621787,65,159,105,150
647,29621375,88,138,86,150
639,29621357,92,118,129,127
655,29621328,82,124,95,164
654,29621256,93,133,60,173
642,29621070,93,150,102,123
652,29620999,91,137,141,134
612,29620966,72,162,93,152
620,29620919,62,153,93,174
680,29620754,91,160,105,198
630,29620517,79,122,119,119
641,29620505,83,132,114,138
637,29620402,76,117,68,136
636,29620316,81,128,110,127
659,29620136,91,153,113,144
659,29620062,79,131,93,165
631,29620040,82,146,100,125
636,29619893,84,127,78,132
646,29619804,85,189,94,119
637,29619793,90,169,73,125
630,29619710,66,182,109,187
624,29619653,69,163,100,163
634,29619251,93,130,114,123
645,29619239,92,125,118,152
653,29619192,88,113,109,167
641,29619136,77,126,74,140
633,29619044,77,117,99,133
634,29618944,83,156,83,122
648,29618580,73,126,81,142
653,29618577,92,146,111,142
626,29618469,69,168,128,136
643,29618145,89,133,134,122
657,29617926,90,138,112,167
637,29617778,92,130,105,132
645,29617731,75,116,105,139
638,29617678,91,149,83,125
644,29617659,83,137,60,151
643,29617647,90,165,70,130
657,29617618,86,147,85,162
616,29617513,92,164,96,97
651,29617484,86,132,66,153
657,29617311,86,169,113,140
641,29617191,91,119,72,135
640,29617105,92,141,113,132
642,29617021,86,139,77,134
635,29616828,89,149,94,126
646,29616816,91,151,103,158
649,29616465,87,131,97,137
651,29616441,91,144,135,137
628,29616440,68,175,122,159
632,29616282,93,138,72,124
639,29616172,81,107,96,137
649,29616027,92,140,110,157
657,29615980,82,141,108,155
623,29615934,93,128,105,110
645,29615925,93,143,67,141
637,29615832,93,121,100,129
644,29615723,93,150,113,129
657,29615673,81,144,78,153
614,29615619,65,172,107,147
622,29615572,66,151,110,169
639,29615562,86,173,97,123
644,29615532,77,155,78,135
658,29615503,90,144,98,164
652,29615369,89,141,82,146
642,29615076,90,124,81,138
643,29614906,91,129,87,149
661,29614714,87,134,120,166
633,29614692,75,144,115,117
641,29614682,80,144,96,132
641,29614566,88,130,97,133
649,29614519,87,119,106,137
648,29614457,88,167,127,124
661,29614407,89,146,85,170
626,29614306,69,164,121,165
633,29614167,80,130,84,129
628,29614060,80,171,76,108
636,29613903,85,141,136,126
646,29613810,79,137,83,138
650,29613605,89,149,101,154
645,29613416,81,156,95,131
630,29613318,88,104,101,128
614,29613290,71,178,82,158
653,29613253,88,142,87,146
655,29613229,89,145,128,139
625,29613211,86,155,90,99
665,29613141,91,164,84,171
643,29612960,87,124,101,143
616,29612853,72,137,121,156
618,29612845,66,162,102,139
652,29612784,84,126,89,151
678,29612680,93,157,100,180
639,29612430,90,124,120,133
647,29612383,91,116,111,137
654,29612339,93,165,102,158
662,29612292,83,148,106,173
633,29612222,92,123,83,127
634,29612052,84,137,93,129
626,29611977,70,166,78,169
659,29611963,91,170,131,132
647,29611694,82,137,97,137
637,29611481,90,145,112,122
651,29611117,89,132,118,137
666,29611026,92,176,106,162
637,29610956,82,140,80,119
641,29610824,83,115,109,135
625,29610587,76,125,110,109
641,29610215,81,154,125,121
660,29610156,87,148,110,162
634,29610106,85,123,105,122
636,29610083,86,133,69,150
640,29610008,88,145,87,128
654,29609943,87,115,96,180
626,29609925,91,128,84,119
627,29609862,72,164,99,166
655,29609851,84,135,127,154
672,29609790,75,140,104,196
645,29609558,91,132,108,132
643,29609335,79,148,127,134
651,29609172,76,121,123,141
621,29609164,66,181,101,147
650,29609109,84,176,131,126
638,29608840,93,138,95,129
640,29608817,91,128,67,148
608,29608810,66,180,123,130
652,29608695,88,144,92,152
658,29608677,90,138,100,184
631,29608469,81,136,102,139
658,29608448,91,176,74,142
615,29608220,69,122,96,164
647,29608069,86,161,107,128
632,29607970,87,111,117,124
655,29607906,89,130,116,143
627,29607810,89,140,94,124
645,29607613,91,122,113,133
655,29607599,81,147,80,135
652,29607504,88,142,74,166
646,29607136,78,144,105,133
634,29607118,91,116,100,151
664,29606944,90,163,107,169
652,29606889,91,158,67,144
630,29606714,85,135,85,125
636,29606704,88,131,118,127
641,29606701,81,123,85,142
649,29606654,73,116,83,172
636,29606397,81,148,75,129
615,29606370,66,170,89,170
649,29606347,92,137,119,135
659,29606333,93,154,75,143
639,29606133,91,149,133,125
677,29606101,79,165,98,195
649,29606040,81,144,81,137
627,29605864,84,124,105,126
638,29605852,88,124,87,147
633,29605802,93,165,82,102
625,29605780,65,154,110,167
653,29605770,90,134,144,142
668,29605678,92,163,108,163
633,29605664,76,123,98,148
656,29605483,91,145,96,151
620,29605476,69,135,127,156
657,29605402,85,100,84,130
653,29605388,90,141,78,160
653,29604774,88,171,84,138
636,29604759,85,122,115,122
641,29604756,84,112,77,155
606,29604655,64,132,109,154
631,29604598,93,136,100,122
642,29604586,88,127,86,154
650,29604539,83,116,97,160
629,29604514,69,172,109,162
649,29604467,80,142,59,160
674,29604442,81,142,114,195
656,29604292,92,143,72,160
637,29604282,91,146,97,125
660,29604217,90,165,90,137
647,29604211,92,130,131,133
617,29604192,77,125,101,106
643,29604035,90,178,71,124
650,29603924,89,145,99,138
624,29603903,66,158,76,152
649,29603852,89,176,60,133
640,29603493,84,139,114,129
645,29603490,90,129,79,151
618,29603342,67,132,113,175
654,29603273,93,121,87,160
640,29603186,93,146,83,125
617,29602873,69,137,115,166
649,29602721,93,171,129,135
654,29602658,90,164,97,131
642,29602641,90,124,105,153
641,29602569,86,127,60,157
629,29602462,91,128,107,113
637,29602452,81,138,96,128
657,29602177,79,136,84,162
634,29602008,92,123,74,131
644,29601920,90,184,80,126
648,29601788,91,146,113,140
625,29601787,69,188,103,160
622,29601768,70,169,81,163
656,29601708,92,118,85,166
646,29601375,87,136,93,154
638,29601357,78,130,131,129
654,29601328,84,115,101,160
631,29601159,88,116,85,130
641,29601070,84,144,104,122
632,29601059,89,144,74,120
617,29601023,70,171,112,169
651,29600999,89,138,131,131
621,29600981,82,137,88,105
611,29600966,68,185,102,143
619,29600917,67,149,125,158
679,29600754,89,159,104,197
646,29600695,90,126,74,136
629,29600517,87,124,120,117
640,29600505,92,108,107,155
635,29600316,86,129,115,134
674,29600142,86,175,80,178
658,29600136,92,147,111,135
658,29600062,89,134,94,159
630,29600040,81,152,97,124
635,29599893,86,135,83,130
645,29599804,93,160,89,112
636,29599793,90,171,68,123
623,29599653,62,177,92,164
632,29599606,88,164,122,106
657,29599593,93,125,97,160
633,29599251,82,140,111,120
652,29599192,89,131,121,153
640,29599136,80,126,72,133
632,29599044,89,116,104,133
633,29598944,84,146,82,117
639,29598934,90,145,113,127
662,29598870,92,163,111,135
647,29598580,74,125,84,148
652,29598577,75,154,111,135
642,29598145,91,142,132,129
656,29597926,87,123,124,163
636,29597778,89,129,92,129
644,29597731,84,113,99,142
637,29597678,92,165,85,121
642,29597647,86,147,73,127
650,29597484,93,135,70,137
656,29597311,82,171,113,134
631,29597115,91,130,135,126
639,29597105,81,133,107,130
641,29597021,89,130,84,134
634,29596828,82,161,100,114
647,29596635,87,124,85,146
648,29596465,89,141,100,146
669,29596446,81,179,99,173
650,29596441,92,144,133,138
631,29596282,89,126,74,129
638,29596172,81,109,101,140
648,29596027,87,139,107,142
656,29595980,92,123,113,168
622,29595934,91,134,104,106
644,29595925,76,135,73,140
643,29595723,80,147,122,125
656,29595673,91,148,82,153
623,29595634,88,130,121,108
613,29595619,67,162,108,158
638,29595562,78,177,97,126
643,29595532,88,170,84,139
657,29595503,93,150,93,167
628,29595433,79,117,83,127
651,29595369,87,136,85,137
620,29595358,72,144,72,168
641,29595076,73,124,77,142
642,29594906,85,125,92,135
650,29594900,93,134,84,147
645,29594871,84,149,96,150
660,29594714,93,133,118,162
640,29594682,93,144,96,146
640,29594622,73,134,54,147
640,29594566,87,139,103,131
648,29594519,77,121,98,148
647,29594457,90,165,115,125
660,29594407,90,153,79,167
625,29594306,67,173,109,168
632,29594167,75,130,83,128
647,29594050,93,116,106,149
635,29593903,89,138,131,119
645,29593810,87,138,81,133
649,29593605,91,148,102,158
657,29593558,93,144,104,158
656,29593486,86,144,60,161
644,29593416,88,168,105,132
629,29593318,89,116,99,129
652,29593253,89,137,92,155
654,29593229,84,147,133,130
664,29593141,92,177,81,167
635,29593071,89,126,74,129
642,29592960,93,120,94,134
651,29592784,89,134,104,144
677,29592680,93,179,96,179
638,29592430,93,130,125,134
646,29592383,83,116,108,146
661,29592292,92,149,105,166
660,29592220,87,169,62,160
617,29592091,88,134,97,120
633,29592052,90,126,88,127
625,29591977,70,160,83,175
658,29591963,89,172,136,136
628,29591945,88,161,100,108
646,29591694,83,135,96,140
609,29591601,72,116,83,179
636,29591481,89,147,111,116
619,29591280,71,168,83,156
622,29591128,72,146,102,170
650,29591117,83,126,112,142
665,29591026,91,175,99,162
636,29590956,90,132,83,127
640,29590824,92,116,109,131
656,29590793,85,133,85,180
640,29590215,85,188,108,124
633,29590106,80,117,104,128
626,29589862,70,176,92,175
626,29589735,93,114,92,136
655,29589573,92,131,95,148
644,29589558,93,123,117,137
647,29589523,86,151,119,149
642,29589335,86,145,117,134
620,29589255,91,163,104,99
650,29589172,79,111,125,139
637,29588840,88,132,106,126
639,29588817,87,130,72,154
647,29588770,90,114,74,167
651,29588695,76,149,98,144
657,29588677,93,136,86,171
659,29588210,78,144,120,178
647,29588155,75,146,73,132
646,29588069,88,167,125,147
631,29587970,93,116,112,128
636,29587967,89,125,75,148
654,29587906,90,138,118,146
601,29587866,67,120,112,157
626,29587810,89,129,98,119
644,29587613,82,121,123,138
651,29587504,85,127,73,168
653,29587437,90,133,110,148
679,29587332,92,166,108,178
645,29587136,92,144,94,131
648,29587036,84,117,134,154
663,29586944,86,164,110,159
651,29586889,85,169,72,140
629,29586714,85,127,84,117
635,29586704,85,133,111,126
640,29586701,81,127,84,155
648,29586654,88,114,79,165
630,29586523,93,129,99,133
648,29586347,90,142,116,130
658,29586333,85,170,81,138
638,29586133,80,148,138,122
676,29586101,77,172,98,195
648,29586040,83,156,78,130
637,29585852,87,116,99,154
616,29585827,67,182,114,148
624,29585780,69,146,107,179
667,29585678,93,169,108,163
632,29585664,78,135,91,133
643,29585605,89,132,73,154
655,29585483,91,148,97,145
642,29585477,92,115,130,130
652,29585388,90,132,80,168
642,29584867,93,168,133,120
652,29584774,92,161,78,142
635,29584759,91,123,109,129
640,29584756,87,124,81,144
630,29584598,78,135,103,124
641,29584586,91,134,97,156
649,29584539,73,117,94,173
628,29584514,70,175,107,170
648,29584467,79,133,63,159
605,29584347,68,147,83,155
655,29584292,91,134,64,172
636,29584282,90,146,96,129
659,29584217,87,152,100,140
646,29584211,79,134,129,131
642,29584035,91,176,67,129
649,29583924,76,160,100,132
654,29583823,92,126,64,177
633,29583687,93,170,90,111
639,29583493,92,141,122,124
652,29583443,84,119,79,169
617,29583342,69,143,111,164
653,29583273,92,137,86,168
639,29583186,82,146,80,112
632,29583121,88,129,115,134
604,29583084,71,190,123,126
677,29582869,90,147,84,197
648,29582721,82,172,139,131
653,29582658,89,172,86,137
633,29582623,84,109,139,129
628,29582462,90,123,108,125
636,29582452,85,131,89,129
646,29582265,87,123,128,134
656,29582177,92,133,78,161
643,29581920,93,179,82,122
647,29581788,93,144,123,146
624,29581787,70,175,97,160
655,29581708,90,131,81,178
624,29581660,88,123,95,109
645,29581375,89,135,93,153
637,29581357,80,131,133,129
653,29581328,91,123,94,162
652,29581256,87,139,61,168
640,29581070,81,145,95,128
650,29580999,93,136,135,140
610,29580966,65,153,103,150
618,29580919,66,156,101,166
678,29580754,93,146,89,195
645,29580695,87,124,72,159
628,29580517,90,120,114,123
639,29580505,92,111,109,148
649,29580183,92,159,107,134
657,29580136,93,160,118,151
657,29580062,89,140,100,174
634,29579893,91,127,84,132
644,29579804,93,178,92,128
635,29579793,81,151,65,120
622,29579653,69,168,103,177
631,29579606,88,149,126,108
656,29579593,91,141,99,170
632,29579251,84,126,107,126
643,29579239,81,127,122,152
651,29579192,91,117,112,166
631,29579044,87,112,95,125
632,29578944,77,144,83,111
638,29578934,88,144,109,118
643,29578931,89,149,85,156
618,29578898,66,139,102,181
661,29578870,88,166,110,141
646,29578580,91,124,84,142
651,29578577,84,148,112,146
641,29578145,87,141,131,121
655,29577926,91,135,107,175
646,29577835,93,152,74,151
635,29577778,82,128,92,134
643,29577731,93,117,106,150
636,29577678,88,173,85,124
642,29577659,83,125,59,141
641,29577647,75,169,72,132
649,29577484,89,139,74,140
628,29577381,72,166,76,182
650,29577314,87,130,79,149
655,29577311,93,158,119,130
630,29577115,86,120,128,123
638,29577105,76,136,118,134
640,29577021,76,140,78,132
633,29576828,81,147,101,126
644,29576816,91,151,87,151
638,29576798,81,147,82,128
638,29576682,82,135,83,127
646,29576635,89,120,84,144
658,29576522,88,194,74,154
647,29576465,81,120,106,137
626,29576440,69,167,119,153
630,29576282,87,137,74,128
655,29575980,80,124,109,166
621,29575934,78,130,99,106
643,29575925,80,131,73,138
642,29575723,92,150,110,128
612,29575619,63,169,116,155
637,29575562,86,173,91,123
642,29575532,90,158,75,130
656,29575503,91,151,90,174
627,29575433,86,114,84,123
680,29575406,81,170,110,196
650,29575369,92,135,81,138
629,29575266,71,171,93,187
641,29574906,86,131,95,133
644,29574871,92,147,87,146
659,29574714,92,132,121,163
639,29574682,75,147,97,133
639,29574566,84,134,88,129
647,29574519,82,124,90,140
646,29574457,93,164,110,127
659,29574407,86,166,84,164
630,29574337,93,123,70,125
624,29574306,72,175,111,188
631,29574167,78,133,82,128
634,29573903,90,138,130,126
653,29573844,93,137,132,155
644,29573810,92,143,81,136
675,29573804,111,129,102,129
648,29573605,93,162,106,140
656,29573558,90,144,94,156
620,29573550,68,133,109,161
643,29573416,86,175,98,128
628,29573318,80,112,105,126
651,29573253,91,126,96,141
653,29573229,89,146,128,143
663,29573141,88,178,83,160
634,29573071,91,132,74,126
641,29572960,78,120,103,148
654,29572908,86,124,70,178
650,29572784,90,126,92,156
625,29572723,92,139,105,109
657,29572578,92,126,128,161
637,29572430,88,128,110,133
659,29572386,86,143,85,177
645,29572383,85,114,119,135
652,29572339,92,175,89,153
660,29572292,92,153,87,166
632,29572052,74,135,95,114
655,29571987,82,128,99,147
624,29571977,66,171,78,174
657,29571963,93,161,130,133
627,29571945,90,161,99,108
653,29571899,93,123,131,157
645,29571694,91,132,92,133
654,29571518,93,126,95,161
635,29571481,81,146,122,126
613,29571175,72,167,93,143
621,29571128,72,151,89,177
649,29571117,90,132,114,146
664,29571026,86,161,102,162
635,29570956,80,133,84,119
639,29570824,80,110,120,131
655,29570793,93,132,75,171
623,29570587,89,136,115,110
639,29570215,79,165,109,126
658,29570156,91,147,107,173
632,29570106,92,118,96,129
602,29570002,66,140,102,158
652,29569943,83,117,100,179
624,29569925,80,130,77,110
629,29569894,87,123,73,131
625,29569862,72,178,105,170
643,29569558,76,132,111,140
646,29569523,87,164,117,145
641,29569335,92,144,122,127
641,29569219,87,136,112,130
649,29569172,89,123,110,149
648,29569109,93,177,128,128
636,29568840,92,139,91,129
638,29568817,92,131,69,151
656,29568677,86,118,105,179
656,29568448,83,163,70,137
658,29568210,91,151,112,152
646,29568155,92,155,74,133
645,29568069,93,158,118,128
630,29567970,93,117,111,127
653,29567906,92,137,126,143
625,29567864,88,156,113,108
625,29567810,90,124,99,125
645,29567646,93,165,83,132
643,29567613,88,123,109,133
653,29567599,82,152,79,141
659,29567581,80,135,84,186
650,29567504,93,125,74,161
652,29567437,87,123,119,141
627,29567376,80,132,107,110
644,29567136,91,153,102,133
647,29567036,92,117,142,146
662,29566944,93,149,109,163
650,29566889,92,176,73,135
628,29566714,84,137,85,119
634,29566704,82,118,108,128
639,29566701,91,137,84,149
647,29566654,90,110,83,174
629,29566598,90,167,126,104
613,29566370,72,164,105,169
647,29566347,86,143,127,141
657,29566333,93,174,77,164
656,29566171,83,138,110,150
675,29566101,90,171,95,195
647,29566040,93,162,82,144
625,29565864,75,123,94,120
636,29565852,86,114,94,148
631,29565802,92,162,78,111
623,29565780,68,150,112,174
651,29565770,93,121,128,140
666,29565678,90,159,125,162
631,29565664,75,139,88,133
642,29565605,93,125,69,147
654,29565483,87,152,98,137
653,29565411,85,170,58,140
651,29565388,93,134,78,171
625,29565057,68,167,86,175
628,29564953,82,151,90,110
641,29564867,87,157,130,126
660,29564808,91,145,128,159
651,29564774,88,164,77,134
634,29564759,77,123,125,127
639,29564756,77,115,79,145
629,29564598,78,132,91,121
640,29564586,87,137,87,144
648,29564539,85,104,105,173
627,29564514,71,177,107,188
647,29564467,83,135,62,171
654,29564292,85,134,74,173
635,29564282,83,150,90,120
658,29564217,89,172,94,148
645,29564211,75,126,131,133
641,29564035,93,169,67,124
648,29563924,85,150,97,139
632,29563687,92,187,106,111
638,29563493,92,131,110,127
643,29563490,86,137,84,150
651,29563443,92,133,75,162
652,29563347,93,150,113,138
652,29563273,92,131,93,162
638,29563186,89,152,75,127
615,29562873,67,135,110,167
647,29562721,81,176,130,127
652,29562658,82,159,94,139
640,29562641,91,121,106,154
655,29562558,93,134,129,150
627,29562462,88,134,111,121
635,29562452,73,140,105,137
655,29562177,88,141,80,172
673,29562020,91,156,101,195
642,29561920,92,177,77,122
646,29561788,84,145,107,131
623,29561660,89,121,103,108
644,29561375,93,132,104,148
636,29561357,86,132,132,123
652,29561328,86,115,100,166
639,29561070,90,155,99,126
630,29561059,85,145,73,126
649,29560999,93,135,138,135
638,29560998,93,173,59,123
609,29560966,71,166,89,152
651,29560859,91,113,96,175
677,29560754,84,177,98,197
644,29560695,93,129,72,152
638,29560505,84,117,116,151
668,29560331,91,165,128,170
656,29560136,93,145,116,141
656,29560062,90,136,93,160
633,29559893,93,131,82,132
643,29559804,92,170,104,127
634,29559793,85,166,64,122
621,29559653,69,180,94,179
612,29559628,93,175,84,96
655,29559593,90,126,98,177
631,29559251,78,129,110,114
642,29559239,84,133,116,149
650,29559192,83,117,110,164
631,29558944,86,148,83,122
637,29558934,87,154,107,123
617,29558898,70,133,102,184
660,29558870,92,171,108,140
645,29558580,90,124,85,139
650,29558577,92,147,121,133
634,29558340,90,164,109,111
648,29558219,85,137,53,162
640,29558145,90,140,137,129
672,29558035,106,118,74,127
654,29557926,93,132,120,168
634,29557778,86,132,101,120
613,29557753,70,188,107,135
642,29557731,82,114,89,142
635,29557678,93,177,80,121
640,29557647,77,165,74,131
654,29557618,84,150,85,168
613,29557513,85,185,94,95
654,29557311,84,176,111,137
642,29557293,86,138,124,148
629,29557115,89,128,134,126
637,29557105,78,136,112,137
639,29557021,80,132,82,131
647,29557015,90,140,72,142
632,29556828,77,152,103,123
637,29556682,93,130,85,134
675,29556672,91,147,113,196
645,29556635,83,124,83,139
657,29556522,86,146,72,164
646,29556465,85,132,86,149
625,29556440,72,174,114,152
629,29556282,85,132,71,129
636,29556172,84,116,100,135
646,29556027,91,142,111,156
654,29555980,93,124,109,173
642,29555925,92,132,74,131
673,29555920,145,135,82,127
634,29555832,88,120,103,133
633,29555760,89,129,63,130
641,29555723,80,150,107,123
646,29555720,90,155,82,149
611,29555619,69,164,109,154
636,29555562,93,169,92,124
641,29555532,89,161,78,129
655,29555503,90,146,101,164
679,29555406,86,176,108,199
649,29555369,81,129,82,136
628,29555266,66,171,101,176
661,29555256,91,160,73,164
639,29555076,93,121,85,139
670,29555070,119,116,99,134
640,29554906,80,128,105,147
658,29554788,88,145,131,143
658,29554714,86,143,108,172
638,29554682,83,144,92,130
638,29554566,90,128,89,134
646,29554519,86,124,89,138
645,29554457,93,176,117,113
650,29554454,93,170,79,153
658,29554407,92,146,85,172
623,29554306,71,176,115,173
657,29554245,92,120,108,183
630,29554167,87,120,81,129
611,29554111,70,147,94,151
625,29554060,90,159,82,105
643,29553810,90,135,84,140
674,29553804,113,127,100,127
632,29553696,91,116,116,134
647,29553605,81,177,104,143
655,29553558,86,160,103,154
642,29553416,77,169,94,130
627,29553318,83,113,99,123
650,29553253,85,134,94,139
622,29553211,80,150,102,104
662,29553141,93,180,84,160
633,29553071,87,126,73,128
640,29552960,90,121,96,135
647,29552925,88,144,72,148
653,29552908,93,126,71,174
649,29552784,81,125,101,145
624,29552723,82,142,105,111
636,29552430,75,134,110,129
651,29552339,89,165,87,158
659,29552292,92,149,104,164
658,29552220,82,171,63,167
631,29552052,82,132,92,128
654,29551987,88,137,90,144
623,29551977,67,175,82,177
656,29551963,88,164,130,135
626,29551945,90,171,95,108
674,29551859,98,122,96,136
639,29551757,93,131,131,131
644,29551694,90,138,89,135
653,29551518,93,131,96,157
634,29551481,93,146,113,119
612,29551175,62,165,95,157
620,29551128,71,147,90,173
648,29551117,87,131,108,144
639,29551027,89,156,73,127
663,29551026,90,162,105,163
634,29550956,77,142,84,127
638,29550824,87,108,117,136
615,29550823,69,143,89,161
648,29550810,85,145,81,144
654,29550793,90,123,79,184
622,29550587,92,126,116,102
636,29550485,93,124,112,130
638,29550215,78,176,114,122
657,29550156,93,154,111,170
631,29550106,90,116,89,128
643,29549990,91,130,102,165
624,29549862,66,166,87,173
669,29549790,81,131,92,196
624,29549735,79,121,91,125
672,29549723,119,107,107,127
651,29549714,81,152,72,138
657,29549697,93,140,74,185
653,29549573,84,134,106,145
642,29549558,86,132,109,131
660,29549367,89,142,136,160
640,29549335,86,156,116,146
640,29549219,87,142,117,129
648,29549172,84,121,110,139
618,29549164,63,164,103,144
647,29549109,91,168,133,128
635,29548840,91,132,93,121
647,29548703,88,116,126,150
655,29548677,93,123,99,181
655,29548448,92,176,68,145
657,29548210,82,149,110,153
645,29548155,85,149,71,137
644,29548069,75,160,109,132
629,29547970,86,117,109,128
634,29547967,90,135,85,146
652,29547906,90,132,123,151
624,29547810,78,125,95,121
642,29547613,84,112,111,144
652,29547599,86,144,84,141
649,29547504,87,127,68,169
651,29547437,93,119,108,154
626,29547376,86,128,116,105
677,29547332,93,161,120,182
643,29547136,84,149,102,136
661,29546944,93,144,120,159
649,29546889,87,176,72,143
637,29546871,90,124,74,158
641,29546796,90,147,105,130
627,29546714,78,132,82,121
633,29546704,89,127,108,117
638,29546701,93,133,78,157
646,29546654,84,115,79,164
628,29546598,89,149,120,107
633,29546397,92,151,83,128
646,29546347,84,142,107,139
656,29546333,81,153,85,137
636,29546133,93,148,132,122
674,29546101,90,169,94,196
646,29546040,88,147,79,142
624,29545864,87,122,89,111
635,29545852,92,117,96,153
614,29545827,63,179,109,154
630,29545802,93,184,83,111
650,29545770,92,124,128,143
665,29545678,90,181,113,162
653,29545483,88,144,98,148
617,29545476,71,141,114,147
659,29545466,86,135,104,184
650,29545388,83,131,83,161
624,29545057,63,170,103,178
652,29545014,86,148,97,139
640,29544867,92,177,128,124
650,29544774,86,168,84,134
633,29544759,93,121,117,128
638,29544756,87,123,85,156
639,29544660,91,156,112,118
628,29544598,93,140,89,126
639,29544586,86,131,106,154
647,29544539,89,116,96,174
626,29544514,72,178,113,169
653,29544292,86,142,68,159
657,29544217,91,178,94,142
644,29544211,92,138,130,134
640,29544035,92,180,73,122
647,29543924,92,148,93,133
635,29543907,86,121,100,146
621,29543903,68,167,85,162
646,29543852,88,172,61,130
650,29543824,88,119,133,142
631,29543687,89,180,94,110
637,29543493,88,140,123,127
642,29543490,93,142,78,157
650,29543443,90,124,85,170
651,29543347,81,147,111,142
651,29543273,83,125,105,167
637,29543186,89,153,84,121
602,29543084,69,170,108,129
675,29542869,74,156,82,197
646,29542721,91,158,134,131
651,29542658,84,175,102,141
639,29542641,93,123,100,153
654,29542558,93,140,130,147
626,29542462,75,137,121,114
644,29542265,84,115,131,138
654,29542177,84,142,85,167
641,29541920,79,183,84,120
656,29541803,93,147,103,145
622,29541787,71,175,97,155
633,29541771,84,117,115,150
619,29541768,66,166,85,169
653,29541708,93,133,85,168
622,29541660,83,118,98,114
655,29541644,92,162,132,154
643,29541375,92,140,92,152
635,29541357,77,134,131,128
651,29541328,88,138,95,154
638,29541070,84,145,96,123
648,29540999,87,125,131,136
637,29540998,81,190,60,126
608,29540966,65,177,90,155
650,29540859,93,116,105,179
676,29540754,92,166,102,197
643,29540695,78,136,69,145
637,29540505,80,139,127,148
655,29540136,91,145,122,140
655,29540062,91,131,102,172
632,29539893,84,136,82,133
642,29539804,92,168,96,127
633,29539793,92,164,72,125
626,29539710,67,174,107,179
620,29539653,71,154,100,161
654,29539593,92,125,91,181
630,29539251,89,137,113,125
641,29539239,89,126,111,146
649,29539192,93,115,116,171
637,29539136,84,123,71,135
629,29539044,88,117,97,132
630,29538944,87,148,85,119
649,29538884,88,150,81,156
659,29538870,93,184,108,139
616,29538845,83,129,107,108
644,29538580,83,124,75,137
649,29538577,88,150,124,131
665,29538545,93,163,82,171
633,29538340,84,181,112,102
639,29538145,86,127,132,117
671,29538035,122,127,71,128
653,29537926,85,131,110,166
633,29537778,91,122,100,124
641,29537731,84,111,97,137
634,29537678,86,146,79,124
653,29537618,93,144,78,159
612,29537513,86,173,98,96
647,29537484,77,139,74,150
653,29537311,91,147,122,146
641,29537293,85,120,113,158
628,29537115,89,126,135,126
636,29537105,79,134,115,128
638,29537021,79,126,75,147
606,29536885,67,153,116,150
631,29536828,91,145,102,126
642,29536816,93,150,96,153
636,29536682,89,140,82,133
656,29536522,92,157,72,165
645,29536465,86,132,101,148
647,29536441,90,146,128,145
624,29536440,65,201,121,159
628,29536282,85,127,70,128
635,29536172,85,109,99,141
645,29536027,89,136,107,156
653,29535980,78,141,108,162
619,29535934,90,128,100,106
641,29535925,77,143,74,135
672,29535920,129,118,84,134
640,29535723,92,145,109,127
645,29535720,90,175,77,151
610,29535619,63,158,112,152
618,29535572,70,155,111,172
635,29535562,87,182,98,122
666,29535558,89,123,108,209
640,29535532,77,176,81,127
654,29535503,92,145,90,160
660,29535501,93,121,87,195
625,29535433,84,115,82,124
678,29535406,93,173,112,197
648,29535369,93,142,84,142
620,29535326,88,145,77,108
660,29535256,88,163,73,170
649,29535199,93,123,100,148
666,29535137,89,135,89,195
639,29534906,89,143,106,139
647,29534900,91,125,83,148
642,29534871,91,144,99,151
641,29534799,89,177,62,150
657,29534714,90,134,115,177
637,29534566,81,133,89,130
645,29534519,78,116,95,137
644,29534457,92,170,115,125
649,29534454,87,175,84,154
657,29534407,86,152,83,167
622,29534306,62,176,107,163
629,29534167,82,136,83,126
643,29533891,91,130,128,155
642,29533810,81,135,83,138
673,29533804,120,129,94,130
631,29533696,93,114,110,132
651,29533634,88,128,84,158
646,29533605,87,167,102,146
654,29533558,84,144,94,158
618,29533550,69,138,113,169
661,29533522,93,169,130,137
641,29533416,92,170,102,132
626,29533318,85,116,92,125
649,29533253,92,132,86,149
651,29533229,90,145,131,140
661,29533141,87,167,84,161
632,29533071,92,142,69,121
639,29532960,82,124,101,139
648,29532784,92,128,87,155
623,29532723,93,137,97,105
674,29532680,91,176,103,183
655,29532578,82,121,128,164
635,29532430,86,128,114,132
650,29532339,91,165,103,151
658,29532292,92,148,88,169
657,29532220,90,168,61,168
614,29532166,80,171,120,96
630,29532052,92,126,96,121
653,29531987,91,127,86,149
622,29531977,70,160,84,166
655,29531963,88,172,130,133
608,29531900,67,126,94,167
673,29531859,110,120,93,131
643,29531694,90,129,93,134
651,29531688,83,141,83,144
652,29531518,90,130,98,166
633,29531481,85,144,123,115
611,29531175,70,176,94,154
619,29531128,72,144,100,169
647,29531117,91,130,114,142
662,29531026,85,156,97,166
633,29530956,91,131,78,126
637,29530824,91,113,114,130
614,29530823,72,135,92,159
647,29530810,90,154,85,137
653,29530793,93,134,85,197
655,29530633,93,116,128,164
621,29530587,87,135,107,102
642,29530375,89,156,130,124
637,29530215,79,170,112,118
656,29530156,90,144,113,166
630,29530106,88,119,94,129
650,29529943,84,117,94,175
623,29529862,68,172,93,179
650,29529714,92,144,73,155
641,29529558,78,124,113,130
639,29529219,92,127,112,134
647,29529172,87,123,114,138
646,29529109,93,170,134,125
624,29528958,70,171,128,162
634,29528840,91,135,88,128
636,29528817,81,137,73,155
648,29528695,88,144,100,149
654,29528677,86,143,102,179
675,29528457,111,129,107,132
654,29528448,92,178,72,149
611,29528220,69,128,95,184
656,29528210,90,144,127,157
622,29528164,93,147,99,102
644,29528155,91,154,71,137
643,29528069,76,170,121,138
628,29527970,93,116,126,117
633,29527967,88,115,83,156
628,29527918,86,169,71,107
651,29527906,88,131,113,141
623,29527810,83,139,90,125
628,29527779,75,124,83,134
643,29527646,92,175,84,129
641,29527613,86,122,108,146
651,29527599,93,152,77,148
657,29527581,85,136,85,183
648,29527504,92,127,74,168
616,29527497,63,150,107,135
650,29527437,86,130,112,152
637,29527083,93,123,134,129
645,29527036,88,114,128,142
652,29526991,84,177,116,155
660,29526944,91,166,125,155
648,29526889,87,168,72,130
654,29526732,89,119,104,180
626,29526714,87,139,85,122
632,29526704,79,136,108,126
637,29526701,92,118,84,154
645,29526654,93,114,81,161
627,29526598,77,164,115,104
632,29526397,81,150,85,127
645,29526347,86,130,122,136
655,29526333,85,157,85,139
636,29526041,87,123,102,132
645,29526040,82,164,76,132
634,29525852,86,115,104,157
621,29525780,70,146,108,174
649,29525770,91,128,141,142
664,29525678,89,164,118,166
644,29525530,92,160,86,129
652,29525483,93,147,90,147
639,29525477,81,115,133,159
658,29525466,86,126,92,174
649,29525388,80,127,79,160
631,29525257,90,132,101,140
626,29524953,91,146,94,106
639,29524867,87,177,136,118
649,29524774,77,173,78,136
632,29524759,84,124,109,129
637,29524756,89,120,84,154
627,29524598,80,128,101,123
638,29524586,83,138,105,149
646,29524539,89,109,106,164
625,29524514,63,175,107,173
652,29524292,86,143,70,160
633,29524282,89,147,98,128
656,29524217,93,173,102,137
643,29524211,93,120,136,131
639,29524035,88,161,70,129
641,29523987,91,149,130,136
646,29523924,91,146,102,133
634,29523907,79,121,96,141
620,29523903,70,154,84,159
645,29523852,90,166,62,132
651,29523823,89,134,71,166
619,29523817,62,164,108,154
630,29523687,88,151,92,108
636,29523493,90,135,125,129
641,29523490,91,127,85,154
649,29523443,83,124,82,176
650,29523347,93,147,114,137
656,29523330,87,136,109,171
650,29523273,83,134,92,159
636,29523186,80,146,82,127
609,29523100,71,155,94,141
674,29522869,79,161,85,198
645,29522721,91,161,129,128
650,29522658,86,159,98,133
638,29522641,86,123,104,158
653,29522558,88,132,129,148
625,29522462,85,136,109,121
643,29522265,92,124,133,141
603,29522232,63,144,86,158
653,29522177,87,137,80,165
671,29522020,90,147,101,195
630,29522008,92,129,72,129
640,29521920,89,179,81,126
644,29521788,77,146,109,134
652,29521708,89,132,85,173
642,29521375,92,131,101,154
634,29521357,86,129,131,125
650,29521328,85,120,92,166
649,29521256,81,128,61,170
637,29521070,83,145,97,128
628,29521059,88,146,65,124
639,29521047,92,147,73,154
647,29520999,86,139,134,131
649,29520859,85,117,101,161
642,29520816,77,169,57,138
675,29520754,86,152,86,196
642,29520695,90,137,72,149
636,29520505,79,130,110,149
654,29520136,75,154,116,135
654,29520062,92,136,98,166
631,29519893,88,128,79,124
639,29519846,85,114,85,152
641,29519804,89,165,99,124
632,29519793,87,170,69,119
619,29519653,70,160,98,173
653,29519593,89,124,91,169
629,29519251,93,136,122,123
640,29519239,92,142,111,155
648,29519192,82,116,110,176
636,29519136,82,130,69,141
628,29519044,90,117,106,127
635,29518934,80,145,111,128
615,29518898,64,137,105,180
658,29518870,80,160,107,159
643,29518580,82,127,83,141
648,29518577,92,159,114,152
638,29518145,93,138,129,127
601,29518075,64,125,115,156
617,29518050,83,122,84,109
652,29517926,89,120,112,169
632,29517778,89,120,99,133
640,29517731,89,116,95,143
661,29517696,90,152,105,176
633,29517678,87,180,83,123
652,29517618,90,144,76,166
646,29517484,90,140,71,150
652,29517311,80,171,109,130
640,29517293,92,122,118,149
627,29517115,87,134,129,124
637,29517021,75,127,84,141
645,29517015,84,130,74,147
630,29516828,93,152,96,125
635,29516682,86,131,80,129
673,29516672,87,149,112,199
643,29516635,87,123,81,151
614,29516579,69,165,95,169
655,29516522,90,165,74,153
644,29516465,80,129,103,148
646,29516441,84,144,130,130
623,29516440,69,162,119,146
644,29516027,81,135,120,143
652,29515980,90,124,111,173
640,29515925,76,136,72,147
671,29515920,129,134,82,141
639,29515723,91,149,111,128
644,29515720,89,144,82,157
652,29515673,88,147,84,154
609,29515619,62,166,108,151
634,29515562,90,162,105,117
639,29515532,81,181,84,130
653,29515503,84,144,87,163
624,29515433,91,116,79,123
639,29515416,89,140,75,141
677,29515406,92,180,109,195
647,29515369,93,140,83,148
659,29515256,91,172,74,165
648,29515199,89,135,104,145
668,29515070,107,117,98,143
638,29514906,93,136,104,141
605,29514863,68,129,113,156
656,29514714,91,141,108,163
636,29514566,76,134,97,134
644,29514519,79,123,97,136
643,29514457,82,179,120,121
648,29514454,92,165,83,155
656,29514407,91,153,78,168
655,29514245,91,131,120,169
628,29514167,75,125,83,129
623,29514060,93,158,80,107
631,29513903,87,132,129,109
641,29513810,84,140,77,133
672,29513804,125,125,105,133
645,29513605,91,154,98,146
653,29513558,85,149,96,152
640,29513416,82,168,103,141
625,29513318,88,116,102,115
648,29513253,85,135,100,137
650,29513229,87,148,133,134
663,29513160,91,170,102,142
660,29513141,93,175,84,164
631,29513071,86,138,70,126
638,29512960,89,124,95,137
651,29512908,90,125,73,183
647,29512784,93,118,99,139
673,29512680,73,163,94,178
654,29512578,92,124,128,163
634,29512430,86,140,114,132
642,29512383,86,113,112,143
649,29512339,88,180,103,157
657,29512292,91,150,88,182
636,29512140,90,170,121,133
648,29512059,86,117,78,174
629,29512052,92,143,93,121
652,29511987,90,139,102,163
621,29511977,71,172,82,169
654,29511963,88,166,130,131
624,29511945,85,165,95,107
672,29511859,139,121,101,130
642,29511694,87,136,92,132
651,29511518,81,121,104,147
632,29511481,90,150,107,118
643,29511469,90,154,113,150
610,29511175,65,171,88,155
646,29511117,89,130,113,144
661,29511026,93,167,88,161
632,29510956,75,139,84,125
636,29510824,87,117,109,140
652,29510793,87,140,81,178
654,29510633,92,117,128,167
641,29510375,87,149,132,125
636,29510215,88,156,121,123
655,29510156,90,144,108,173
629,29510106,89,123,89,126
631,29510083,93,141,73,147
641,29509990,89,133,101,160
649,29509943,81,117,103,189
622,29509862,67,170,106,172
640,29509558,87,129,107,134
658,29509367,80,142,138,167
638,29509219,93,128,113,133
646,29509172,92,123,112,139
645,29509109,93,168,134,120
633,29508840,87,138,95,127
635,29508817,91,132,73,157
643,29508770,91,109,67,174
645,29508703,92,114,107,149
653,29508677,90,120,93,174
626,29508469,78,122,97,138
674,29508457,128,124,109,127
653,29508448,91,152,74,136
647,29508257,89,176,109,151
655,29508210,90,146,125,153
643,29508155,89,149,71,140
642,29508069,74,158,111,135
627,29507970,89,114,126,121
627,29507918,85,164,74,111
650,29507906,89,134,115,147
622,29507810,89,130,97,126
640,29507613,83,122,114,135
650,29507599,84,158,83,145
647,29507504,89,128,65,172
649,29507437,91,135,109,150
624,29507376,93,142,115,110
641,29507136,77,146,105,132
651,29506991,92,168,117,157
659,29506944,89,156,119,157
647,29506889,86,174,70,132
639,29506796,91,150,86,134
653,29506732,93,119,103,172
631,29506704,89,125,116,120
636,29506701,93,136,75,152
644,29506654,88,110,76,179
626,29506598,79,172,107,107
626,29506523,87,142,93,133
644,29506347,75,137,113,142
654,29506333,93,159,83,146
672,29506101,90,169,101,195
644,29506040,91,153,85,139
633,29505852,85,114,87,143
628,29505802,87,166,85,110
648,29505770,89,131,132,143
663,29505678,93,171,110,187
643,29505530,92,181,100,122
649,29505491,85,121,125,150
651,29505483,92,145,97,149
657,29505466,91,140,94,182
648,29505388,83,127,77,166
634,29505301,85,153,73,127
630,29505257,78,136,95,137
604,29505197,64,166,73,157
672,29504985,91,164,69,196
625,29504953,89,157,100,107
659,29504923,93,139,109,170
638,29504867,76,172,132,112
648,29504774,78,163,78,136
631,29504759,90,124,122,123
626,29504598,87,138,95,124
651,29504596,79,116,107,174
637,29504586,93,121,103,152
645,29504539,88,114,91,172
624,29504514,69,175,113,165
644,29504467,88,132,63,169
654,29504311,90,139,78,145
651,29504292,90,129,70,159
632,29504282,93,151,98,128
655,29504217,85,172,101,146
642,29504211,82,124,130,141
612,29504192,79,125,101,107
638,29504035,85,173,73,125
645,29503924,92,151,106,138
644,29503852,88,162,63,135
648,29503824,93,123,128,146
650,29503823,93,122,74,170
629,29503687,91,160,93,109
635,29503493,93,128,112,128
640,29503490,93,132,85,154
648,29503443,86,121,83,161
649,29503347,91,144,114,153
655,29503330,93,122,112,178
649,29503273,84,124,104,162
635,29503186,90,145,82,126
620,29503055,92,177,106,121
647,29502974,86,116,85,168
673,29502869,78,176,78,198
644,29502721,83,178,132,131
649,29502658,89,170,93,143
637,29502641,85,123,93,157
629,29502623,80,104,129,128
645,29502594,90,124,101,156
652,29502558,92,138,131,135
624,29502462,93,127,112,124
652,29502177,87,130,81,169
639,29501920,77,154,81,129
643,29501788,85,145,111,138
620,29501787,65,168,87,163
651,29501708,85,125,81,169
641,29501375,90,125,106,158
633,29501357,88,128,129,128
649,29501328,90,122,97,174
636,29501070,92,145,101,128
646,29500999,92,139,128,132
635,29500998,84,168,62,128
606,29500966,71,180,104,155
648,29500859,89,112,94,171
655,29500823,88,131,128,153
647,29500787,89,128,61,171
674,29500754,82,159,110,196
658,29500537,88,168,102,159
635,29500505,90,117,113,151
653,29500136,85,152,108,144
653,29500062,86,142,104,167
630,29499893,89,130,76,133
638,29499846,90,112,82,158
640,29499804,93,158,93,123
631,29499793,86,159,74,124
652,29499593,93,123,89,186
628,29499251,90,132,109,120
639,29499239,90,129,115,158
647,29499192,82,115,118,166
627,29499044,89,111,106,133
628,29498944,82,152,82,126
634,29498934,84,144,114,113
657,29498870,84,170,107,141
642,29498580,91,128,82,143
647,29498577,76,145,108,141
631,29498340,88,168,115,109
637,29498145,84,140,131,125
636,29498082,92,144,86,149
651,29497926,89,133,117,167
631,29497778,93,139,102,128
639,29497731,84,111,105,155
632,29497678,91,169,85,126
651,29497618,84,148,83,167
645,29497484,89,143,66,144
646,29497314,93,129,84,152
651,29497311,85,170,110,137
639,29497293,87,131,107,151
666,29497186,104,111,79,127
634,29497105,74,138,110,129
636,29497021,83,122,78,140
629,29496828,78,146,101,124
640,29496816,90,148,94,152
642,29496635,90,120,80,139
646,29496569,89,163,65,158
654,29496522,92,158,72,163
643,29496465,92,136,87,144
645,29496441,93,144,134,130
622,29496440,67,165,122,152
664,29496430,93,179,88,179
626,29496282,86,135,66,122
643,29496027,89,134,109,153
651,29495980,85,120,118,160
617,29495934,85,138,99,110
639,29495925,91,140,74,134
670,29495920,135,125,79,138
631,29495832,92,123,91,131
638,29495723,92,147,109,121
643,29495720,90,171,85,149
651,29495673,79,145,85,152
633,29495562,93,172,88,123
652,29495503,93,150,87,163
623,29495433,82,114,80,129
646,29495369,79,128,85,138
625,29495266,71,162,106,189
658,29495256,89,178,71,178
667,29495070,111,111,103,128
637,29494906,75,124,94,130
640,29494871,90,146,92,137
655,29494788,85,159,129,135
655,29494714,87,142,117,162
635,29494682,76,161,101,136
635,29494566,91,129,89,132
643,29494519,88,111,99,151
642,29494457,91,189,116,129
655,29494407,78,168,84,169
620,29494306,67,172,107,160
654,29494245,93,122,112,165
627,29494167,92,128,82,124
642,29494050,90,115,102,152
630,29493903,81,127,129,126
641,29493891,89,134,128,153
649,29493844,89,111,135,165
640,29493810,87,132,82,133
671,29493804,111,126,101,128
649,29493634,79,132,85,154
644,29493605,87,176,95,150
616,29493550,70,134,109,171
659,29493522,88,177,139,156
639,29493416,80,160,97,131
624,29493318,92,111,96,124
647,29493253,85,137,88,140
649,29493229,79,144,131,138
659,29493141,92,171,78,166
637,29492960,86,117,96,145
650,29492908,92,122,70,184
646,29492784,93,129,104,145
621,29492723,84,142,93,101
674,29492708,99,137,75,139
672,29492680,92,165,94,180
653,29492578,86,128,133,171
633,29492430,86,132,113,129
641,29492383,92,110,107,138
648,29492339,82,167,105,150
656,29492292,89,156,99,158
647,29492059,86,116,85,174
628,29492052,91,133,103,123
651,29491987,81,134,103,157
620,29491977,64,180,84,169
653,29491963,88,182,129,145
641,29491946,85,116,128,155
623,29491945,77,167,100,108
671,29491859,114,123,97,128
641,29491694,79,137,87,138
650,29491518,88,124,104,176
631,29491481,92,155,107,122
642,29491469,90,145,109,152
609,29491175,71,175,96,158
645,29491117,88,140,110,150
660,29491026,85,165,92,162
631,29490956,77,137,79,127
646,29490839,89,120,99,145
651,29490793,90,122,83,177
675,29490593,115,139,96,130
619,29490587,91,120,108,106
633,29490485,90,124,111,129
640,29490375,85,144,129,119
656,29490270,93,141,104,173
635,29490215,87,167,125,123
654,29490156,77,146,109,163
628,29490106,91,120,97,129
630,29490083,82,126,73,147
648,29489943,84,116,102,186
621,29489862,72,183,100,169
649,29489851,86,140,112,155
669,29489723,110,107,120,136
654,29489697,89,135,67,177
650,29489573,89,133,92,151
639,29489558,93,119,118,131
657,29489367,92,128,128,163
637,29489335,87,149,107,131
637,29489219,91,125,110,133
645,29489172,74,124,125,148
644,29489109,87,169,134,128
651,29488847,87,124,75,177
632,29488840,91,135,101,129
634,29488817,91,122,74,157
644,29488703,92,111,108,150
646,29488695,93,153,101,150
652,29488677,84,123,96,175
673,29488457,131,122,120,135
652,29488448,84,169,74,144
646,29488257,87,163,110,150
654,29488210,77,154,111,171
642,29488155,91,144,68,141
641,29488069,79,167,109,132
626,29487970,86,114,114,125
631,29487967,89,109,85,156
649,29487906,77,133,120,143
621,29487864,89,150,114,108
621,29487810,73,127,99,121
641,29487646,87,173,84,131
639,29487613,88,116,110,134
649,29487599,91,146,82,144
655,29487581,91,131,84,199
646,29487504,93,128,73,168
648,29487437,86,135,112,142
650,29487429,92,152,104,153
640,29487136,92,144,92,134
650,29486991,85,176,116,155
658,29486944,91,145,107,171
646,29486889,92,163,66,138
634,29486871,87,121,73,156
638,29486796,93,152,96,125
652,29486732,90,123,93,178
630,29486704,77,131,108,129
635,29486701,75,119,79,156
643,29486654,81,108,77,170
625,29486598,90,163,116,105
673,29486511,142,124,127,127
630,29486397,91,149,85,126
643,29486347,86,133,112,144
653,29486333,91,152,79,148
652,29486171,91,143,109,143
633,29486133,80,146,128,120
634,29486041,89,120,105,133
643,29486040,83,147,81,131
632,29485852,86,116,89,151
619,29485780,68,151,108,173
647,29485770,88,135,130,156
662,29485678,87,166,114,165
638,29485605,87,137,71,154
646,29485558,80,121,70,166
642,29485530,90,159,97,127
650,29485483,92,146,97,137
656,29485466,85,126,96,185
647,29485388,91,123,81,170
629,29485257,82,132,103,139
653,29485138,91,147,74,184
671,29484985,87,165,67,196
658,29484923,89,136,117,168
637,29484867,78,172,128,124
647,29484774,78,193,85,143
630,29484759,84,119,109,129
635,29484756,87,115,83,156
625,29484598,91,135,105,123
650,29484596,83,115,108,176
636,29484586,76,132,106,148
644,29484539,92,117,102,165
623,29484514,65,170,116,171
653,29484311,91,143,83,155
650,29484292,92,137,67,167
631,29484282,93,145,104,129
652,29484225,92,133,111,138
654,29484217,89,163,91,145
641,29484211,89,139,130,134
637,29484035,93,161,74,122
644,29483924,87,152,92,133
643,29483852,88,164,61,131
628,29483687,93,169,93,111
634,29483493,87,126,117,120
639,29483490,90,139,84,157
647,29483443,93,124,83,164
648,29483347,84,146,111,146
648,29483273,89,120,86,161
634,29483186,90,146,82,129
646,29482974,92,116,85,177
658,29482951,92,176,89,158
672,29482869,79,165,78,196
643,29482721,81,160,130,132
648,29482658,92,166,87,137
636,29482641,86,135,97,137
651,29482558,80,139,129,142
651,29482177,85,137,85,165
650,29482089,84,120,133,148
638,29481920,82,159,79,125
642,29481788,90,147,107,134
650,29481708,87,122,83,174
619,29481660,92,126,102,114
660,29481597,78,146,130,159
640,29481449,93,149,108,130
640,29481375,87,142,98,148
632,29481357,88,120,129,123
648,29481328,91,113,94,163
663,29481234,93,154,99,167
635,29481070,91,150,91,129
645,29480999,89,142,129,145
634,29480998,92,152,63,120
673,29480754,88,178,106,195
623,29480517,85,122,108,113
634,29480505,78,116,119,155
664,29480331,92,160,130,160
644,29480183,84,175,115,131
652,29480136,86,148,110,139
652,29480062,89,139,104,172
629,29479893,84,135,83,125
639,29479804,91,169,89,125
649,29479734,79,146,67,162
617,29479653,63,165,86,166
651,29479593,87,129,90,165
627,29479251,89,140,111,126
638,29479239,91,124,113,158
646,29479192,86,114,115,187
613,29478898,70,138,105,179
656,29478870,92,171,117,153
641,29478580,86,123,76,137
646,29478577,88,148,113,132
619,29478469,68,184,129,149
630,29478340,87,175,117,111
636,29478145,88,133,128,122
629,29477948,92,117,81,134
650,29477926,90,136,112,161
641,29477835,89,154,74,139
630,29477778,92,127,89,132
631,29477678,75,181,85,119
650,29477618,87,146,79,172
644,29477484,77,138,71,140
650,29477311,88,164,122,134
638,29477293,91,132,112,149
665,29477186,100,111,83,139
635,29477021,92,121,76,133
628,29476828,84,166,92,125
627,29476756,93,172,61,121
633,29476682,81,137,83,133
653,29476522,90,149,74,178
642,29476465,77,128,101,141
625,29476282,74,129,71,129
636,29476221,90,166,95,140
642,29476027,91,125,118,157
650,29475980,89,138,113,160
616,29475934,88,127,95,111
638,29475925,90,130,74,138
669,29475920,118,130,82,128
630,29475832,86,123,99,127
637,29475723,87,147,113,121
642,29475720,91,174,82,147
632,29475562,82,160,99,122
637,29475532,87,167,77,136
651,29475503,89,150,87,169
675,29475406,79,176,115,196
645,29475369,92,143,83,145
624,29475266,69,170,89,185
657,29475256,92,193,72,161
646,29475199,90,133,92,156
666,29475070,103,117,91,129
636,29474906,79,126,99,145
644,29474900,92,124,84,141
639,29474871,81,144,92,137
619,29474838,84,138,77,109
654,29474788,86,145,133,136
654,29474714,86,131,109,159
634,29474682,92,147,86,130
634,29474566,83,135,90,134
642,29474519,93,124,89,137
653,29474501,90,135,71,174
641,29474457,88,150,110,128
646,29474454,93,150,78,156
654,29474407,89,146,81,164
619,29474306,62,169,108,166
653,29474245,90,135,112,170
641,29474050,92,108,87,149
639,29473810,91,126,84,145
670,29473804,137,127,92,130
650,29473652,91,118,76,172
648,29473634,84,132,81,153
643,29473605,82,149,87,158
615,29473550,72,131,109,171
658,29473522,90,171,128,141
638,29473416,80,163,99,128
646,29473253,92,137,96,140
648,29473229,93,151,135,133
658,29473141,90,166,85,167
649,29472908,84,127,73,171
645,29472784,91,124,90,155
620,29472723,90,138,94,107
673,29472708,120,125,82,130
671,29472680,92,164,94,178
652,29472578,88,127,130,163
604,29472441,62,156,94,150
632,29472430,92,126,117,121
654,29472386,92,137,81,163
640,29472383,75,117,113,149
647,29472339,92,172,89,156
655,29472292,89,146,104,159
654,29472220,92,185,59,168
627,29472052,84,126,102,128
650,29471987,87,130,100,155
652,29471963,89,157,128,132
622,29471945,82,179,104,105
670,29471859,97,121,104,137
640,29471694,83,141,94,140
648,29471688,89,140,83,146
651,29471536,85,123,97,176
649,29471518,91,130,86,155
630,29471481,79,151,113,114
608,29471175,70,169,95,158
616,29471128,64,150,101,170
644,29471117,86,134,113,138
659,29471026,89,163,106,161
630,29470956,91,138,82,128
650,29470793,76,133,79,177
644,29470680,93,131,128,157
674,29470593,128,141,96,137
639,29470375,90,149,131,123
655,29470270,87,127,91,171
634,29470215,91,148,110,125
653,29470156,89,144,115,165
627,29470106,89,121,104,121
647,29469943,91,112,106,180
620,29469862,72,174,105,182
648,29469851,87,135,110,157
653,29469697,88,133,73,191
649,29469573,92,136,90,148
638,29469558,92,129,116,130
641,29469523,86,157,123,144
630,29469413,88,165,90,110
656,29469367,80,138,132,163
636,29469335,85,157,109,129
636,29469219,86,132,120,131
651,29469183,81,161,57,160
644,29469172,93,115,126,146
643,29469109,92,178,130,125
636,29468912,82,144,85,130
631,29468840,83,143,106,126
633,29468817,92,125,70,155
645,29468695,79,148,100,139
651,29468677,91,135,96,189
624,29468469,81,127,94,135
672,29468457,123,133,108,129
651,29468448,86,165,67,139
645,29468257,87,182,117,145
653,29468210,90,145,110,156
640,29468069,92,164,117,134
625,29467970,83,116,117,126
630,29467967,85,126,85,146
648,29467906,90,141,107,135
640,29467646,92,191,85,132
638,29467613,78,118,125,141
648,29467599,89,151,85,148
654,29467581,91,136,84,171
645,29467504,81,118,69,171
647,29467437,88,129,118,152
622,29467376,91,133,110,109
639,29467136,88,150,99,144
634,29467083,93,124,132,122
657,29466944,91,161,113,160
645,29466889,87,169,74,143
637,29466796,83,155,102,127
651,29466732,84,118,93,177
629,29466704,82,128,121,122
634,29466701,88,127,84,157
642,29466654,84,117,81,164
624,29466598,92,165,111,105
624,29466523,82,132,100,128
642,29466347,84,134,112,135
652,29466333,80,191,84,143
651,29466171,89,136,107,155
670,29466101,90,162,94,196
642,29466040,82,153,75,132
637,29465909,91,115,112,161
631,29465852,92,110,100,153
639,29465805,76,114,91,160
626,29465802,93,162,82,105
630,29465780,82,126,61,158
646,29465770,81,131,135,141
654,29465712,91,152,98,176
661,29465678,83,170,109,166
637,29465605,79,134,67,155
645,29465558,91,117,74,160
641,29465530,92,186,106,125
647,29465491,92,121,114,140
649,29465483,85,145,94,147
655,29465466,91,132,96,186
648,29465411,83,168,60,145
646,29465388,82,133,80,167
632,29465301,84,146,67,129
628,29465257,91,135,103,140
623,29464953,77,150,104,109
636,29464867,90,172,138,126
646,29464774,76,169,81,140
629,29464759,74,122,108,127
634,29464756,93,121,84,146
624,29464598,93,136,106,126
649,29464596,87,108,107,176
635,29464586,84,141,105,153
643,29464539,75,117,92,176
622,29464514,67,164,108,170
642,29464467,84,132,61,162
649,29464292,88,132,66,165
630,29464282,90,147,93,129
651,29464225,87,143,111,156
653,29464217,91,165,102,142
640,29464211,86,133,129,137
636,29464035,90,159,74,128
643,29463924,76,146,86,131
648,29463823,86,127,70,170
627,29463687,90,172,95,109
633,29463493,80,141,112,119
638,29463490,86,130,80,145
646,29463443,84,143,82,158
653,29463330,92,134,111,194
647,29463273,90,130,106,162
633,29463186,93,152,78,127
645,29462974,82,117,83,187
647,29462910,91,146,130,148
642,29462721,82,188,129,132
647,29462658,84,169,87,138
635,29462641,90,143,88,148
650,29462558,84,137,133,136
658,29462500,93,158,93,173
622,29462462,93,134,119,126
640,29462265,87,120,134,138
653,29462196,85,130,98,159
650,29462177,75,142,84,178
627,29462008,85,128,72,121
656,29461927,88,146,70,175
637,29461920,93,171,76,124
649,29461708,81,127,79,170
618,29461660,88,127,94,115
659,29461597,93,152,129,165
653,29461384,86,118,116,181
639,29461375,88,129,105,153
631,29461357,91,119,128,128
647,29461328,92,139,92,155
634,29461070,93,160,93,118
644,29460999,75,141,129,134
633,29460998,90,167,62,123
604,29460966,70,174,104,155
654,29460907,90,145,90,189
646,29460859,86,117,106,165
672,29460754,93,158,101,197
633,29460505,90,112,120,151
663,29460331,91,158,130,160
643,29460183,93,168,119,132
651,29460136,78,153,116,141
651,29460062,88,130,99,161
628,29459893,77,121,85,132
638,29459804,84,174,103,125
629,29459793,77,182,72,120
625,29459606,79,151,113,105
650,29459593,89,136,94,177
626,29459251,86,135,109,126
637,29459239,88,123,118,154
645,29459192,86,116,112,165
626,29458944,75,152,77,126
632,29458934,90,145,111,127
637,29458931,88,145,82,153
655,29458870,89,164,114,144
612,29458845,84,126,121,108
631,29458797,92,129,73,133
640,29458580,93,133,76,149
645,29458577,86,144,114,135
661,29458545,93,157,85,179
618,29458469,69,174,130,143
622,29458449,93,130,102,110
629,29458340,90,174,110,111
635,29458145,89,141,132,125
649,29457926,92,129,113,169
640,29457835,93,152,68,141
629,29457778,86,133,106,134
658,29457696,84,148,105,174
630,29457678,75,174,83,121
649,29457618,82,149,76,163
643,29457484,91,134,69,138
649,29457311,88,175,116,130
637,29457293,84,123,114,157
634,29457021,79,133,82,141
642,29457015,82,131,74,153
602,29456885,69,147,125,155
627,29456828,77,151,96,126
638,29456816,86,148,102,146
632,29456682,89,134,84,123
640,29456635,89,124,78,151
644,29456569,92,166,71,153
652,29456522,90,145,73,168
641,29456465,84,127,103,144
620,29456440,66,168,108,162
662,29456430,93,157,97,186
624,29456282,93,124,74,121
635,29456221,88,168,90,136
631,29456172,91,105,93,134
641,29456027,90,137,125,152
649,29455980,89,120,109,169
615,29455934,82,135,99,109
668,29455920,117,118,82,128
636,29455723,91,148,111,127
641,29455720,86,150,85,152
631,29455562,87,169,104,121
636,29455532,82,168,80,135
648,29455511,89,109,107,174
650,29455503,90,145,98,165
674,29455406,86,164,109,197
644,29455369,85,132,79,136
656,29455256,91,168,74,169
645,29455199,89,129,89,157
635,29454906,76,127,98,142
638,29454871,93,154,106,150
653,29454788,93,152,129,141
653,29454714,91,141,111,159
633,29454682,85,146,98,130
633,29454566,89,132,88,134
641,29454519,82,120,87,146
640,29454457,81,159,120,123
645,29454454,86,155,82,156
653,29454407,90,156,84,167
652,29454245,91,118,109,175
625,29454167,73,123,84,129
620,29454060,76,172,83,103
640,29454050,77,108,93,155
639,29453891,84,134,130,154
638,29453810,85,142,84,130
669,29453804,128,135,93,128
646,29453804,82,134,74,143
642,29453605,84,154,89,150
650,29453558,89,147,93,157
657,29453522,93,159,132,145
637,29453416,83,169,91,133
622,29453318,84,114,98,121
645,29453253,78,141,106,135
647,29453229,92,145,129,140
617,29453211,85,155,104,106
657,29453141,83,177,84,167
631,29452992,89,169,128,104
635,29452960,85,118,106,142
648,29452908,89,123,69,177
644,29452784,91,124,88,149
619,29452723,89,128,102,111
651,29452578,92,130,133,162
631,29452430,89,125,112,131
653,29452386,90,135,82,172
646,29452339,90,182,92,146
654,29452292,84,178,106,153
661,29452256,93,159,138,156
645,29452059,88,117,84,179
626,29452052,85,133,105,123
649,29451987,89,125,105,153
618,29451977,65,161,85,168
651,29451963,86,165,129,138
621,29451945,91,158,96,108
669,29451859,139,124,91,136
639,29451694,91,133,96,138
650,29451536,93,123,104,166
648,29451518,92,141,102,143
629,29451481,92,146,116,125
634,29451256,89,111,92,164
643,29451117,80,135,118,142
658,29451026,88,165,93,170
629,29450956,73,143,85,127
633,29450824,80,117,122,141
649,29450793,92,131,79,175
625,29450679,86,146,88,106
673,29450593,118,133,105,135
617,29450587,90,135,120,110
638,29450375,81,146,134,119
654,29450270,90,134,103,178
633,29450215,86,193,119,114
652,29450156,90,155,113,166
626,29450106,87,123,101,122
632,29450008,91,144,98,133
638,29449990,85,128,106,168
618,29449925,73,135,82,120
619,29449862,69,162,97,178
647,29449851,82,135,117,151
648,29449573,91,134,105,139
637,29449558,85,118,108,135
640,29449523,84,159,107,151
629,29449413,92,169,98,113
655,29449367,87,135,129,162
613,29449255,76,166,88,100
637,29449251,78,144,83,137
635,29449219,91,140,109,128
643,29449172,85,123,111,152
642,29449109,86,176,129,126
630,29448840,80,125,89,124
632,29448817,88,142,74,155
642,29448703,88,113,109,150
644,29448695,86,157,101,153
650,29448677,91,127,98,174
622,29448639,81,120,79,135
671,29448457,128,134,110,128
650,29448448,91,152,70,140
644,29448257,84,169,113,142
652,29448210,90,146,107,152
639,29448069,84,159,114,135
624,29447970,80,106,109,123
624,29447918,82,161,74,108
647,29447906,93,134,111,135
619,29447810,86,124,97,118
639,29447646,87,164,76,125
637,29447613,93,118,119,136
647,29447599,85,153,85,144
653,29447581,92,142,82,175
644,29447504,73,124,70,159
646,29447437,88,118,111,147
621,29447376,90,137,114,107
638,29447136,83,144,93,140
648,29446991,85,168,114,158
656,29446944,93,155,115,159
644,29446889,87,180,68,144
636,29446796,81,146,95,132
628,29446704,91,127,109,124
633,29446701,81,123,80,155
641,29446654,88,112,83,170
651,29446640,90,133,118,150
623,29446598,92,165,107,107
671,29446511,115,123,110,132
641,29446347,90,135,118,143
651,29446333,90,176,77,142
650,29446171,92,134,125,155
641,29446040,73,155,82,134
630,29445852,92,115,104,146
617,29445780,69,153,108,169
645,29445770,74,122,132,137
660,29445678,86,171,110,162
636,29445605,93,126,69,153
640,29445530,90,177,102,133
646,29445491,85,123,121,146
648,29445483,87,146,99,147
654,29445466,88,133,106,190
645,29445388,85,126,84,165
647,29445014,85,146,98,140
635,29444867,86,179,131,126
645,29444774,78,160,85,141
628,29444759,78,124,109,123
633,29444756,92,137,76,147
623,29444598,80,132,105,120
634,29444586,93,124,92,156
642,29444539,76,116,93,169
621,29444514,64,157,118,182
641,29444467,91,123,62,174
648,29444292,77,139,70,174
629,29444282,89,149,103,124
650,29444225,92,135,117,156
652,29444217,87,162,96,141
639,29444211,82,133,129,134
635,29444035,89,154,74,116
642,29443924,80,149,94,134
641,29443852,82,162,63,142
645,29443824,87,123,130,162
647,29443823,91,124,74,165
626,29443687,74,174,99,110
632,29443493,89,138,115,122
637,29443490,92,136,83,156
645,29443443,80,123,85,166
644,29443355,93,113,129,148
646,29443347,93,149,111,149
652,29443330,92,133,108,171
646,29443273,90,122,106,168
632,29443186,92,149,85,122
625,29443121,82,125,110,140
644,29442974,91,117,76,164
641,29442721,82,167,133,129
646,29442658,86,163,103,135
634,29442641,92,121,92,152
649,29442558,88,139,128,136
657,29442500,91,160,101,174
621,29442462,77,128,112,111
649,29442177,92,137,83,174
648,29442089,91,126,131,145
636,29441920,90,179,75,124
640,29441788,91,144,114,137
648,29441708,91,122,84,168
658,29441597,92,154,129,156
638,29441449,92,146,127,131
638,29441375,83,133,91,158
630,29441357,75,137,137,117
646,29441328,92,120,100,166
645,29441256,88,134,61,175
633,29441070,91,153,97,129
643,29440999,75,130,129,151
632,29440998,90,161,58,127
603,29440966,71,181,97,150
645,29440859,84,117,103,181
671,29440754,78,169,100,195
638,29440695,86,132,65,151
659,29440661,84,171,72,179
655,29440537,93,169,94,138
632,29440505,74,110,111,152
642,29440183,83,156,109,133
650,29440136,87,144,107,149
650,29440062,89,143,102,160
629,29439910,91,139,109,137
627,29439893,80,135,75,130
637,29439804,88,163,104,122
628,29439793,74,172,68,126
647,29439734,79,144,73,160
615,29439653,69,162,97,171
624,29439606,87,148,112,106
629,29439603,87,163,80,131
649,29439593,93,123,100,165
625,29439251,76,141,112,121
636,29439239,91,125,123,153
644,29439192,93,117,121,162
624,29439044,93,117,102,122
631,29438934,89,151,113,128
654,29438870,77,155,121,135
639,29438580,75,131,81,146
644,29438577,90,149,120,139
621,29438449,90,142,99,113
628,29438340,92,185,124,103
634,29438145,84,136,128,128
627,29437948,91,117,81,132
648,29437926,85,138,109,182
628,29437778,85,130,100,133
657,29437696,86,164,91,172
629,29437678,81,176,79,124
648,29437618,91,151,80,160
630,29437487,93,179,94,132
648,29437311,90,187,110,141
636,29437293,91,143,112,140
641,29437015,93,127,69,150
636,29436986,90,147,77,150
654,29436848,90,136,112,157
626,29436828,88,149,94,125
637,29436816,78,148,88,157
631,29436682,87,137,85,133
643,29436569,93,175,70,156
651,29436522,87,157,66,170
640,29436465,91,129,99,137
642,29436441,88,151,128,149
619,29436440,72,168,108,164
661,29436430,93,188,95,171
623,29436282,74,131,69,115
634,29436221,85,164,92,138
640,29436027,90,133,110,151
648,29435980,81,124,120,169
636,29435925,92,136,69,134
667,29435920,118,124,80,143
628,29435832,81,114,95,129
645,29435749,81,125,74,142
635,29435723,93,153,113,129
640,29435720,86,160,78,143
605,29435619,71,168,107,151
630,29435562,89,156,94,114
655,29435560,90,145,108,187
647,29435511,92,117,107,174
649,29435503,86,144,100,168
643,29435369,81,134,83,141
655,29435256,93,165,74,168
644,29435199,90,132,99,155
657,29435189,93,179,116,158
634,29435157,91,124,132,149
664,29435070,109,117,95,127
634,29434906,80,131,98,152
637,29434871,86,146,98,148
652,29434788,93,150,129,148
652,29434714,83,131,109,163
632,29434682,80,159,98,136
632,29434566,92,135,104,131
640,29434519,92,120,87,140
651,29434501,89,142,72,173
639,29434457,82,162,113,120
644,29434454,84,160,84,156
652,29434407,92,146,83,165
617,29434306,62,171,120,161
651,29434245,89,129,108,174
643,29434174,84,116,72,173
624,29434167,82,129,80,128
638,29433891,92,121,132,149
637,29433810,86,139,82,134
668,29433804,115,128,98,128
645,29433804,90,135,71,153
626,29433696,93,116,111,132
646,29433634,79,138,81,152
641,29433605,89,184,106,145
649,29433558,88,149,100,162
656,29433522,90,175,134,135
636,29433416,83,182,103,127
644,29433253,87,140,95,138
646,29433229,93,155,129,131
656,29433141,86,158,85,165
634,29432960,88,123,89,142
643,29432784,85,131,89,145
650,29432578,89,133,137,159
630,29432430,83,125,111,126
652,29432386,86,140,84,170
638,29432383,80,116,107,143
645,29432339,88,164,101,154
653,29432292,80,167,106,153
624,29432222,81,124,76,127
652,29432220,90,180,62,162
644,29432059,90,113,83,188
625,29432052,85,128,101,120
648,29431987,88,128,104,152
617,29431977,67,162,85,161
650,29431963,89,158,133,141
638,29431946,87,124,128,153
620,29431945,90,179,106,106
638,29431694,93,140,86,145
646,29431688,80,137,75,146
647,29431518,84,125,86,150
628,29431481,87,152,111,126
639,29431469,82,145,125,152
642,29431117,93,137,126,135
657,29431026,91,176,102,169
628,29430956,80,133,84,127
643,29430839,88,124,95,145
648,29430793,92,134,82,173
642,29430680,92,141,129,158
672,29430593,108,137,87,140
616,29430587,88,125,116,108
637,29430375,88,153,129,123
653,29430270,91,143,103,162
632,29430215,86,164,119,117
651,29430156,82,144,126,167
625,29430106,90,120,89,129
637,29429990,91,129,104,167
645,29429943,92,109,105,180
615,29429918,61,130,115,180
618,29429862,62,160,100,172
646,29429851,92,137,118,158
645,29429714,84,150,74,146
647,29429573,92,132,103,155
636,29429558,87,128,121,138
654,29429367,80,141,128,178
634,29429219,89,128,124,130
642,29429172,92,121,118,139
641,29429109,81,153,136,127
634,29428912,85,149,85,129
648,29428847,89,119,83,188
629,29428840,91,138,100,129
631,29428817,88,129,69,154
639,29428770,80,117,68,171
641,29428703,88,117,113,146
649,29428677,85,131,98,192
621,29428639,91,122,83,136
622,29428469,91,132,87,138
670,29428457,120,118,124,134
649,29428448,90,159,71,142
643,29428257,89,164,118,149
651,29428210,82,145,118,156
670,29428150,111,146,81,128
638,29428069,93,152,118,136
628,29427967,90,117,82,151
646,29427906,93,137,108,135
618,29427810,81,124,97,123
639,29427730,83,138,55,159
638,29427646,80,176,84,123
636,29427613,78,120,126,132
646,29427599,88,148,81,142
652,29427581,93,137,79,180
643,29427504,82,118,72,175
645,29427437,79,114,112,157
620,29427376,90,137,107,110
637,29427136,82,148,105,137
632,29427083,91,135,130,134
647,29426991,92,172,108,150
655,29426944,86,155,116,170
643,29426889,89,175,71,141
635,29426796,90,148,89,133
649,29426732,90,119,101,179
627,29426704,79,130,111,124
632,29426701,83,132,81,152
640,29426654,91,112,84,174
622,29426598,88,160,117,105
672,29426428,102,117,83,131
640,29426347,79,132,113,138
650,29426333,88,176,82,142
647,29426191,92,138,63,186
649,29426171,93,131,115,161
630,29426133,89,147,130,125
640,29426040,81,144,81,138
671,29426034,124,145,96,135
629,29425852,84,132,93,147
628,29425780,87,137,59,149
644,29425770,93,119,137,147
659,29425678,89,161,107,169
635,29425605,91,138,69,154
643,29425558,79,123,64,175
639,29425530,93,173,99,130
645,29425491,88,120,112,142
647,29425483,87,156,101,140
615,29425478,80,129,108,129
653,29425466,92,134,96,177
658,29425465,91,167,72,180
644,29425388,92,123,85,167
674,29425245,97,137,113,128
676,29425162,99,125,85,137
654,29425067,88,182,82,163
618,29425057,65,163,97,175
646,29425014,90,145,106,145
652,29424997,92,131,93,191
621,29424953,86,148,102,107
655,29424923,89,143,112,173
634,29424867,81,162,129,119
644,29424774,84,176,76,136
627,29424759,91,120,113,128
632,29424756,77,142,85,139
622,29424598,80,142,98,124
647,29424596,93,117,117,177
633,29424586,89,129,86,150
641,29424539,78,123,106,153
647,29424292,93,135,74,164
628,29424282,88,150,90,126
649,29424225,88,131,118,140
651,29424217,81,158,106,135
638,29424211,91,124,133,131
608,29424192,76,137,93,108
634,29424035,74,158,74,122
641,29423924,90,153,100,138
649,29423918,89,154,84,154
640,29423852,88,158,62,138
625,29423687,86,156,101,106
631,29423493,88,141,113,126
636,29423490,90,138,82,158
644,29423443,79,124,81,163
645,29423347,76,145,108,152
651,29423330,92,125,119,182
645,29423273,93,121,95,164
631,29423186,84,145,85,123
624,29423121,82,137,110,140
643,29422974,81,108,84,166
655,29422951,90,162,99,152
669,29422869,73,169,77,195
675,29422823,124,152,88,127
640,29422721,73,163,131,132
645,29422658,91,164,97,133
633,29422641,89,112,102,152
648,29422558,90,129,135,153
620,29422462,74,133,108,123
651,29422196,91,141,101,151
648,29422177,92,142,81,169
647,29422089,83,114,129,154
625,29422008,82,124,65,124
635,29421920,86,172,75,116
647,29421708,93,130,78,159
657,29421597,84,157,134,152
637,29421449,92,145,123,133
651,29421384,80,124,112,204
637,29421375,93,139,94,155
629,29421357,86,126,130,129
645,29421328,89,119,95,174
632,29421070,78,151,96,126
634,29421047,85,146,72,156
642,29420999,88,135,130,150
644,29420859,92,112,87,166
643,29420787,83,131,58,176
670,29420754,79,166,92,196
654,29420537,92,158,103,149
631,29420505,82,116,116,151
661,29420331,90,167,128,161
641,29420183,93,161,114,133
649,29420136,93,147,110,162
649,29420062,92,139,103,171
628,29419910,93,140,118,132
626,29419893,90,137,84,131
636,29419804,82,166,99,125
627,29419793,91,174,70,123
614,29419653,70,179,92,177
648,29419593,89,119,90,173
641,29419429,90,121,74,158
629,29419411,90,113,136,125
624,29419251,77,132,107,125
635,29419239,87,137,113,158
643,29419192,93,112,115,167
623,29419044,77,106,96,131
630,29418934,88,144,124,125
653,29418870,88,164,125,146
638,29418580,83,127,82,145
643,29418577,88,157,117,130
659,29418545,93,182,77,181
627,29418340,90,165,118,102
632,29418337,91,177,84,139
633,29418145,81,131,129,122
647,29417926,83,120,124,168
638,29417835,86,147,74,157
627,29417778,86,123,104,129
635,29417731,78,117,104,148
656,29417696,89,151,99,176
628,29417678,88,179,85,117
650,29417637,86,148,86,159
647,29417618,92,144,80,174
629,29417487,90,152,91,133
642,29417314,93,120,85,147
647,29417311,89,175,123,140
635,29417293,89,143,121,142
643,29417246,92,124,117,153
632,29417021,75,130,82,135
625,29416828,79,158,106,124
636,29416816,86,148,96,153
630,29416682,88,133,78,134
642,29416569,92,175,74,155
653,29416541,86,147,79,151
650,29416522,90,146,69,159
639,29416465,73,131,104,136
660,29416430,88,172,105,172
622,29416282,78,123,70,120
639,29416027,89,132,125,153
647,29415980,79,124,109,163
613,29415934,83,138,102,108
666,29415920,126,130,80,139
627,29415832,93,124,105,133
634,29415723,84,144,109,129
639,29415720,87,173,82,150
629,29415562,92,156,92,122
646,29415511,87,114,109,160
648,29415503,88,152,95,166
672,29415406,89,189,112,200
642,29415369,88,137,78,153
654,29415256,91,153,67,166
643,29415199,86,121,93,161
663,29415070,101,113,98,131
633,29414906,85,121,105,135
641,29414900,75,125,85,147
636,29414871,93,149,94,145
643,29414835,91,164,136,132
651,29414788,85,144,136,136
651,29414714,87,131,109,170
631,29414566,84,126,99,128
639,29414519,92,124,88,147
638,29414457,92,174,111,126
643,29414454,84,162,84,153
651,29414407,93,146,76,176
616,29414306,70,173,115,170
650,29414245,90,134,108,164
623,29414167,84,130,82,121
646,29414103,90,141,81,147
638,29414050,92,116,98,137
666,29413974,127,119,80,133
637,29413891,87,133,130,150
667,29413804,113,124,105,133
625,29413696,91,114,122,119
645,29413634,90,123,84,157
640,29413605,79,155,94,147
648,29413558,83,144,104,162
655,29413522,87,175,130,141
647,29413486,88,149,62,168
635,29413416,79,159,103,134
643,29413253,88,142,93,149
645,29413229,80,146,131,133
615,29413211,90,148,102,107
655,29413141,79,166,84,165
629,29412992,81,167,129,111
633,29412960,86,122,92,131
646,29412908,93,119,73,172
642,29412784,83,121,96,143
617,29412723,91,126,91,111
670,29412708,131,138,84,131
649,29412578,86,142,128,173
629,29412430,83,124,108,133
651,29412386,89,134,84,167
637,29412383,92,116,111,136
644,29412339,89,178,101,157
652,29412292,89,152,99,163
651,29412220,83,170,60,164
635,29412106,75,136,81,161
643,29412059,89,111,79,176
624,29412052,84,124,87,129
647,29411987,93,142,91,155
616,29411977,70,170,84,179
649,29411963,92,178,128,136
619,29411945,74,161,88,108
667,29411859,122,124,100,127
637,29411694,92,131,99,134
645,29411688,92,140,82,138
648,29411536,93,124,94,165
646,29411518,92,118,95,152
627,29411481,87,147,117,120
641,29411117,92,131,127,149
656,29411026,85,168,105,161
627,29410956,93,140,78,129
642,29410839,86,116,106,152
647,29410793,90,136,78,173
671,29410593,113,134,96,127
629,29410485,74,117,108,133
636,29410375,92,145,128,124
652,29410270,90,126,94,190
631,29410215,75,168,111,115
650,29410156,90,146,114,170
624,29410106,92,124,99,127
636,29409990,92,120,95,165
644,29409943,87,115,104,175
617,29409862,68,173,103,161
645,29409851,84,119,127,152
662,29409790,75,138,97,196
665,29409723,117,106,124,134
644,29409714,92,155,71,142
646,29409573,92,142,88,144
635,29409558,92,118,109,136
638,29409523,91,149,116,151
653,29409367,89,133,128,163
633,29409335,85,155,119,138
611,29409255,90,176,90,100
643,29409245,92,150,71,154
633,29409219,88,139,112,131
641,29409172,84,124,111,141
640,29409109,83,170,130,127
628,29408840,76,132,99,125
630,29408817,91,139,72,158
638,29408770,77,112,73,173
640,29408703,77,116,120,155
642,29408695,91,152,104,136
648,29408677,82,132,95,177
621,29408469,88,130,86,140
669,29408457,103,128,116,127
648,29408448,89,171,72,153
642,29408257,88,147,108,156
669,29408150,115,150,85,128
637,29408069,75,163,127,137
630,29407986,93,129,90,132
627,29407967,90,117,84,158
645,29407906,84,138,110,147
617,29407810,82,136,99,122
637,29407646,89,161,78,133
635,29407613,88,124,113,136
645,29407599,80,150,82,136
651,29407581,87,133,76,181
642,29407504,92,137,67,161
644,29407437,89,124,122,139
619,29407376,93,133,122,111
670,29407332,85,159,116,178
636,29407136,85,144,98,139
631,29407083,86,133,130,128
646,29406991,91,159,110,157
654,29406944,93,155,112,164
642,29406889,87,168,72,131
630,29406871,91,116,74,158
634,29406796,87,146,99,134
648,29406732,83,122,97,179
620,29406714,73,132,80,126
626,29406704,88,133,110,129
631,29406701,83,128,78,150
639,29406654,91,117,82,174
649,29406640,88,142,121,155
621,29406598,84,167,107,108
621,29406523,84,136,104,132
639,29406347,79,138,107,139
649,29406333,88,175,80,143
648,29406171,90,126,118,161
639,29406040,93,155,83,137
647,29406034,89,157,66,152
670,29406034,105,146,97,137
628,29405852,80,116,95,157
607,29405827,69,177,113,157
643,29405770,83,127,128,144
651,29405712,91,144,105,176
658,29405678,91,168,112,160
634,29405605,93,136,71,155
642,29405558,91,124,73,170
638,29405530,84,176,99,133
646,29405483,73,148,96,137
652,29405466,77,142,104,177
645,29405411,91,180,61,145
643,29405388,73,130,81,166
625,29405257,92,141,103,139
673,29405245,130,137,112,129
675,29405162,133,124,85,133
620,29404953,74,156,100,110
654,29404923,85,140,110,171
633,29404867,84,166,128,119
643,29404774,83,177,82,131
626,29404759,88,112,108,126
631,29404756,88,124,75,156
638,29404643,91,124,108,168
654,29404616,88,161,77,172
632,29404586,78,130,102,157
640,29404539,90,111,92,181
619,29404514,66,176,109,178
672,29404312,96,114,104,130
649,29404311,85,130,85,142
646,29404292,91,131,69,168
627,29404282,77,146,104,120
648,29404225,92,127,107,147
650,29404217,90,184,105,151
637,29404211,88,128,130,130
633,29404035,79,178,74,118
640,29403924,92,150,102,134
648,29403918,92,150,80,149
645,29403823,83,130,74,164
624,29403687,75,161,96,105
630,29403493,92,133,117,122
635,29403490,84,129,84,156
643,29403443,86,119,83,167
675,29403380,81,163,100,211
650,29403330,90,128,109,173
648,29403287,86,102,101,137
644,29403273,89,140,102,172
630,29403186,93,146,78,123
623,29403121,78,139,117,136
676,29403046,112,130,103,133
642,29402974,86,112,84,164
654,29402951,88,178,91,155
644,29402658,92,172,89,144
632,29402641,91,141,90,145
647,29402558,91,142,128,141
619,29402462,74,131,125,118
650,29402196,87,141,106,159
647,29402177,90,132,84,163
646,29402089,93,123,136,155
634,29401920,93,156,80,115
649,29401803,79,145,88,149
619,29401789,89,159,98,129
638,29401788,84,147,122,137
646,29401708,80,129,83,184
656,29401597,85,148,135,160
636,29401449,92,149,120,132
650,29401384,92,122,108,180
636,29401375,92,141,100,154
628,29401357,87,121,128,128
644,29401328,91,123,99,164
659,29401234,89,162,104,176
631,29401070,89,144,93,125
641,29400999,86,142,134,132
601,29400966,65,163,97,157
651,29400907,82,145,91,179
643,29400859,74,117,101,170
642,29400787,92,136,63,159
669,29400754,81,187,90,197
636,29400695,85,125,68,144
653,29400537,85,173,101,151
630,29400505,91,117,111,158
660,29400331,93,173,130,161
640,29400183,92,153,113,133
648,29400136,93,144,124,142
654,29400118,90,139,109,194
648,29400062,77,140,92,164
627,29399910,86,125,114,140
625,29399893,88,125,81,132
654,29399811,86,154,84,176
635,29399804,93,161,87,127
613,29399653,64,176,91,170
647,29399593,86,124,89,173
623,29399251,84,138,107,126
634,29399239,86,133,114,151
642,29399192,74,117,115,165
674,29398965,109,112,108,144
623,29398944,83,144,85,122
629,29398934,87,146,113,122
634,29398931,79,149,75,154
652,29398870,87,161,116,142
637,29398580,87,120,77,140
642,29398577,91,147,115,132
658,29398545,92,174,85,182
626,29398340,80,166,115,110
631,29398337,93,185,81,140
632,29398145,90,142,130,128
664,29398035,103,122,71,133
646,29397926,92,137,109,165
626,29397778,90,134,106,129
655,29397696,89,145,93,175
627,29397678,90,175,82,121
646,29397618,82,144,84,163
628,29397487,81,176,97,131
640,29397484,87,143,72,150
641,29397314,89,124,84,158
646,29397311,76,163,124,134
634,29397293,92,122,116,155
652,29396848,86,128,117,161
624,29396828,75,146,89,124
635,29396816,80,158,98,158
642,29396697,93,146,63,161
629,29396682,91,133,80,133
641,29396569,91,191,71,145
649,29396522,93,157,73,159
638,29396465,91,129,98,148
659,29396430,92,159,105,184
621,29396282,78,129,69,126
636,29396166,74,114,77,155
638,29396027,90,141,114,151
646,29395980,80,123,113,159
634,29395925,84,138,74,146
665,29395920,125,139,85,128
626,29395832,91,123,98,129
633,29395723,91,145,117,121
638,29395720,79,145,85,157
603,29395619,69,174,109,146
628,29395562,92,177,93,124
645,29395511,85,113,116,175
647,29395503,92,145,100,172
618,29395433,82,117,80,128
641,29395369,89,141,76,143
656,29395275,90,182,80,154
653,29395256,90,176,70,167
642,29395199,89,138,106,146
655,29395189,92,186,110,149
662,29395070,128,114,101,129
632,29394906,93,125,101,151
640,29394900,86,127,84,146
635,29394871,93,144,105,139
650,29394788,84,147,134,140
650,29394714,92,142,107,162
630,29394566,91,137,95,133
638,29394519,80,124,103,147
649,29394501,89,134,70,175
637,29394457,89,175,116,126
642,29394454,90,181,84,151
650,29394407,77,145,80,169
615,29394306,69,177,112,167
649,29394245,81,137,107,168
622,29394167,82,133,83,123
625,29393903,89,140,130,122
636,29393891,73,132,128,151
666,29393804,112,135,102,138
644,29393634,87,139,81,146
639,29393605,93,166,92,146
647,29393558,88,146,98,155
654,29393522,91,174,131,138
634,29393416,79,160,89,146
630,29393372,91,112,83,161
619,29393318,88,115,93,129
642,29393253,84,142,101,145
644,29393229,73,149,130,138
614,29393211,90,146,105,105
654,29393141,93,176,80,163
625,29393071,85,141,73,121
645,29392908,90,130,74,173
641,29392784,87,139,102,149
669,29392708,123,130,77,136
648,29392578,91,122,128,166
657,29392529,87,96,105,144
628,29392430,92,129,124,134
650,29392386,86,136,84,166
643,29392339,89,156,92,156
651,29392292,93,145,98,166
650,29392220,84,166,59,167
634,29392106,91,133,84,162
623,29392052,91,139,95,124
646,29391987,87,132,96,161
648,29391963,86,174,138,136
618,29391945,74,192,92,108
666,29391859,107,124,99,139
636,29391694,86,136,99,135
644,29391688,90,134,80,150
647,29391536,92,115,104,169
645,29391518,91,136,104,145
626,29391481,73,145,111,125
637,29391469,87,146,118,154
604,29391175,63,169,103,156
640,29391117,86,134,118,148
661,29391082,83,154,111,183
631,29391027,91,145,74,133
655,29391026,91,167,99,175
626,29390956,89,142,84,127
646,29390793,84,124,80,176
670,29390593,126,143,99,130
635,29390375,86,144,128,121
651,29390270,92,130,96,175
630,29390215,92,174,119,124
649,29390156,89,146,110,160
629,29390008,89,148,104,128
635,29389990,91,128,100,166
643,29389943,77,115,97,183
616,29389862,63,178,94,179
644,29389851,92,118,117,147
635,29389761,92,158,67,123
664,29389723,111,114,111,132
645,29389573,87,140,100,147
634,29389558,85,124,117,144
637,29389523,92,152,123,144
626,29389413,88,156,103,112
652,29389367,89,139,129,171
632,29389219,84,137,108,133
640,29389172,86,123,114,147
639,29389109,79,167,134,115
627,29388840,93,142,93,127
629,29388817,92,135,72,146
639,29388703,81,111,117,151
647,29388677,75,126,96,175
620,29388469,88,130,102,134
668,29388457,115,124,113,129
647,29388448,79,155,72,138
641,29388257,93,156,122,151
649,29388210,85,147,123,152
637,29388155,77,148,74,133
636,29388069,90,168,109,128
626,29387967,92,105,85,158
644,29387906,91,143,115,148
636,29387646,86,166,83,128
644,29387599,80,149,77,143
650,29387581,91,141,84,174
641,29387504,90,139,71,160
643,29387437,93,131,108,145
645,29387429,91,145,88,144
645,29386991,91,182,118,148
653,29386944,88,158,111,153
641,29386889,81,166,74,149
629,29386871,90,138,74,151
633,29386796,75,152,90,133
647,29386732,91,123,105,182
633,29386720,89,122,92,135
619,29386714,83,132,80,119
625,29386704,79,143,116,126
630,29386701,89,130,85,157
648,29386640,92,143,110,151
620,29386598,84,165,109,108
668,29386511,108,124,108,129
670,29386428,119,114,83,131
638,29386347,88,142,124,146
648,29386333,87,149,80,144
649,29386189,91,121,107,174
647,29386171,86,124,112,157
638,29386040,89,154,83,143
627,29385852,93,116,103,156
606,29385827,65,150,107,156
622,29385802,93,154,83,106
642,29385770,91,137,134,146
657,29385678,90,181,110,168
644,29385577,80,116,84,156
641,29385558,85,111,69,165
637,29385530,88,157,92,128
645,29385483,88,145,99,147
651,29385466,93,141,94,186
642,29385388,91,122,77,167
624,29385257,87,131,102,140
672,29385245,113,134,108,129
652,29385067,93,177,84,153
644,29385014,88,150,101,147
650,29384997,89,142,104,186
672,29384938,105,157,82,131
653,29384923,90,136,109,162
632,29384867,93,170,131,125
642,29384774,88,185,84,135
650,29384768,92,163,71,153
625,29384759,92,121,110,129
631,29384660,92,149,124,134
653,29384616,90,149,81,169
620,29384598,85,143,101,123
631,29384586,88,137,92,154
639,29384539,74,114,97,170
618,29384514,69,171,108,171
671,29384312,125,115,100,143
648,29384311,90,141,85,151
645,29384292,89,142,71,167
647,29384225,81,139,115,150
649,29384217,78,177,99,138
636,29384211,87,124,132,143
632,29384035,92,170,72,125
639,29383924,92,145,105,144
647,29383918,91,146,80,151
612,29383908,76,158,116,96
634,29383871,86,134,136,134
644,29383823,91,123,72,164
623,29383687,77,169,104,109
629,29383493,93,127,120,124
634,29383490,91,134,80,158
645,29383462,82,123,102,148
642,29383443,85,115,85,178
643,29383347,88,144,111,138
649,29383330,89,130,111,178
643,29383273,79,134,98,179
629,29383186,93,146,84,127
675,29383046,109,131,93,134
653,29382951,80,169,96,150
643,29382910,91,145,140,152
667,29382869,90,162,85,195
643,29382658,84,171,93,138
651,29382652,86,161,80,151
631,29382641,81,143,99,141
646,29382558,93,140,130,143
654,29382500,89,148,102,178
618,29382462,76,135,118,121
649,29382196,86,143,99,148
646,29382177,85,132,79,169
633,29381920,88,150,83,123
648,29381803,83,146,104,147
637,29381788,91,150,107,135
645,29381708,77,139,85,164
647,29381644,87,160,129,155
655,29381597,91,152,128,164
635,29381449,91,160,124,132
635,29381375,89,130,90,148
627,29381357,76,126,129,129
643,29381328,86,124,97,160
658,29381234,89,162,100,169
630,29381070,75,146,105,125
640,29380999,93,133,136,139
629,29380998,88,178,59,120
650,29380907,91,145,93,182
642,29380859,90,106,97,174
649,29380823,87,120,129,162
668,29380754,88,166,99,196
627,29380742,85,133,67,141
656,29380661,90,174,68,191
652,29380537,90,168,94,150
629,29380505,91,115,107,157
659,29380331,88,177,130,163
639,29380183,86,171,123,129
647,29380136,86,147,111,145
653,29380118,85,142,115,182
647,29380062,90,137,97,164
626,29379910,87,134,119,138
653,29379811,92,145,78,182
634,29379804,89,169,104,119
625,29379793,87,173,74,120
652,29379649,91,134,113,180
621,29379606,87,145,120,108
646,29379593,84,133,92,168
622,29379251,86,135,116,126
633,29379239,86,126,107,156
641,29379192,93,116,109,171
621,29379044,93,114,99,120
628,29378934,91,152,108,125
651,29378870,91,164,119,151
627,29378797,80,137,70,134
636,29378580,85,122,82,136
641,29378577,76,147,113,135
657,29378545,92,153,81,179
625,29378340,80,170,113,110
631,29378145,86,127,131,119
630,29378082,87,146,87,146
645,29377926,85,139,116,163
636,29377835,78,168,73,157
625,29377778,83,124,105,132
654,29377696,84,156,100,172
626,29377678,87,175,84,124
648,29377637,93,151,105,158
645,29377618,84,145,84,174
655,29377604,84,164,116,158
627,29377487,90,148,100,131
639,29377484,81,140,72,142
640,29377314,93,138,81,152
645,29377311,73,166,123,133
633,29377293,89,133,122,148
660,29377186,113,113,75,136
628,29377105,76,141,109,132
633,29376986,85,148,85,144
623,29376828,84,145,94,123
634,29376816,90,144,99,157
628,29376682,82,135,79,125
640,29376569,93,159,64,152
648,29376522,88,145,66,168
637,29376465,84,125,87,143
658,29376430,87,169,86,184
631,29376221,85,158,97,133
637,29376027,82,140,121,153
645,29375980,88,116,115,170
664,29375920,100,125,85,133
660,29375887,92,169,108,179
625,29375832,87,123,104,134
642,29375749,85,126,74,151
632,29375723,93,154,116,129
637,29375720,93,145,82,150
627,29375562,75,153,105,123
644,29375511,80,116,109,182
646,29375503,84,144,105,167
670,29375406,82,157,107,195
640,29375369,75,135,82,140
652,29375256,92,176,67,164
641,29375199,87,141,100,150
654,29375189,90,174,121,136
620,29375169,80,121,136,123
661,29375070,102,117,95,127
631,29374906,77,126,106,146
639,29374900,80,117,82,149
634,29374871,84,147,88,139
667,29374824,106,137,69,137
634,29374795,89,129,96,158
649,29374714,89,130,109,176
629,29374566,91,128,98,134
637,29374519,87,122,87,157
648,29374501,85,137,70,182
636,29374457,79,162,110,126
641,29374454,90,198,84,155
649,29374407,91,150,82,176
614,29374306,66,191,111,185
648,29374245,85,127,118,169
621,29374167,82,133,78,121
644,29374103,93,131,82,145
616,29374060,93,161,85,105
664,29373974,109,122,82,128
635,29373891,93,142,129,153
665,29373804,136,135,99,129
645,29373652,93,124,80,174
643,29373634,91,135,79,166
638,29373605,92,148,105,152
653,29373522,88,175,135,145
618,29373318,80,115,97,129
641,29373253,83,133,94,148
653,29373141,74,171,85,166
631,29372960,85,124,86,145
640,29372784,86,134,98,152
668,29372708,109,141,81,128
647,29372578,92,133,139,165
627,29372430,88,122,110,124
649,29372386,93,132,78,175
642,29372339,82,163,86,152
650,29372292,91,149,97,163
633,29372106,92,128,85,168
641,29372059,84,117,85,200
622,29372052,90,134,106,126
645,29371987,87,137,95,165
647,29371963,93,170,130,138
635,29371694,85,139,87,142
643,29371688,89,129,85,144
646,29371536,91,124,95,164
644,29371518,84,131,96,144
625,29371481,75,149,113,120
636,29371469,87,144,113,158
603,29371175,68,175,97,151
639,29371117,87,138,127,144
630,29371027,83,145,72,134
654,29371026,93,160,93,167
625,29370956,75,141,83,116
633,29370874,90,160,113,140
640,29370839,93,124,98,138
645,29370793,83,133,80,173
669,29370593,104,125,90,140
613,29370587,79,126,118,109
634,29370375,93,146,133,113
650,29370270,92,139,94,161
629,29370215,91,162,121,122
648,29370156,85,146,107,161
622,29370106,84,123,100,126
634,29369990,74,135,99,169
615,29369862,65,162,98,176
634,29369761,86,162,74,128
663,29369723,95,113,112,132
648,29369697,86,135,72,177
644,29369573,88,141,89,142
633,29369558,80,131,112,137
636,29369523,93,145,113,148
621,29369488,89,142,74,139
651,29369367,79,133,131,167
631,29369335,78,144,126,135
631,29369219,78,134,109,127
639,29369172,93,115,116,150
638,29369109,88,174,130,125
626,29368840,93,143,104,128
638,29368703,92,110,113,152
646,29368677,89,136,99,182
619,29368469,84,124,103,140
667,29368457,123,133,125,131
646,29368448,88,149,74,147
642,29368428,86,131,57,176
640,29368257,83,171,123,148
648,29368210,93,147,123,157
635,29368069,81,159,115,136
634,29368045,89,123,96,169
628,29367986,76,136,104,124
625,29367967,92,116,77,142
643,29367906,89,137,110,138
648,29367827,92,158,83,172
658,29367812,92,162,117,150
615,29367810,78,139,97,116
635,29367646,88,162,82,134
643,29367599,85,148,82,145
649,29367581,92,135,76,183
640,29367504,84,131,72,163
642,29367437,82,119,113,155
617,29367376,90,130,107,107
629,29367083,89,129,129,133
644,29366991,93,154,115,156
652,29366944,88,153,115,161
640,29366889,88,174,66,145
632,29366796,91,161,97,132
638,29366779,89,140,100,161
646,29366732,86,112,91,173
624,29366704,87,139,125,128
629,29366701,87,131,84,154
637,29366654,79,115,81,162
647,29366640,86,141,110,155
619,29366598,89,180,115,106
637,29366347,91,141,122,145
647,29366333,93,169,85,149
646,29366171,92,119,108,151
668,29366034,103,144,105,135
626,29365852,92,108,95,150
621,29365802,74,165,79,111
641,29365770,83,122,137,161
649,29365712,90,145,88,167
656,29365678,89,165,119,166
632,29365605,81,136,71,156
636,29365530,86,173,88,134
642,29365491,83,122,114,149
644,29365483,89,145,92,145
650,29365466,84,141,102,179
643,29365411,84,174,61,140
641,29365388,82,132,84,173
671,29365245,122,139,121,129
643,29365014,91,148,105,142
649,29364997,77,118,96,177
618,29364953,75,148,88,110
671,29364938,131,145,79,129
652,29364923,93,129,113,165
631,29364867,92,167,128,115
641,29364774,85,172,85,132
629,29364756,93,117,83,157
630,29364660,82,150,120,134
636,29364643,92,131,107,168
652,29364616,87,154,81,176
630,29364586,85,125,104,153
638,29364539,84,116,92,159
670,29364312,114,117,98,132
647,29364311,89,135,83,156
644,29364292,79,142,67,165
646,29364225,93,126,113,153
648,29364217,91,171,91,145
635,29364211,82,131,129,135
631,29364035,86,168,74,129
638,29363924,90,148,99,135
633,29363871,93,136,135,129
643,29363823,91,131,69,171
622,29363687,88,170,104,108
675,29363672,127,174,79,128
628,29363493,90,133,115,122
633,29363490,90,130,85,155
644,29363462,81,124,101,155
641,29363443,89,123,76,168
656,29363350,93,167,85,172
642,29363347,93,147,108,143
648,29363330,86,139,108,171
642,29363273,81,129,92,162
628,29363186,81,144,83,129
669,29363109,100,128,128,127
674,29363046,125,123,92,135
640,29362974,92,117,84,177
652,29362951,87,158,94,161
666,29362869,83,171,82,199
672,29362823,121,157,93,128
637,29362721,90,160,134,132
642,29362658,89,190,91,137
650,29362652,93,177,85,142
630,29362641,92,124,92,154
629,29362569,92,135,61,150
645,29362558,89,137,133,141
653,29362500,91,147,100,173
648,29362196,82,143,90,153
645,29362177,82,137,79,162
632,29361920,84,162,78,118
647,29361803,88,148,90,151
617,29361789,93,168,104,128
644,29361708,91,129,83,176
646,29361644,83,169,129,150
654,29361597,82,185,128,164
634,29361449,83,157,111,127
634,29361375,90,132,95,158
626,29361357,91,126,130,125
642,29361328,88,121,105,170
621,29361250,89,178,128,106
657,29361234,90,156,95,164
674,29361101,124,123,93,142
629,29361070,88,146,89,126
639,29360999,86,137,128,141
599,29360966,67,161,94,151
649,29360907,89,144,94,175
641,29360859,75,111,101,188
648,29360823,91,134,128,148
667,29360754,89,170,90,197
651,29360537,86,178,105,147
628,29360505,86,111,110,154
658,29360331,93,160,128,160
638,29360183,87,164,125,132
646,29360136,84,152,118,153
652,29360118,87,139,112,180
646,29360062,93,143,101,167
623,29359893,75,131,75,130
652,29359811,87,147,84,192
633,29359804,92,169,98,117
651,29359649,92,123,108,182
645,29359593,76,136,99,171
621,29359251,93,143,125,124
632,29359239,90,133,107,158
640,29359192,88,117,114,167
641,29359009,92,149,105,170
650,29358870,90,162,113,146
640,29358577,88,146,124,138
656,29358545,93,166,83,181
617,29358449,86,129,97,114
624,29358340,85,174,118,109
629,29358337,81,176,85,140
630,29358145,86,143,129,124
662,29358035,112,132,70,138
644,29357926,89,128,114,164
624,29357778,92,133,106,131
653,29357696,84,145,87,182
625,29357678,91,161,75,125
644,29357618,86,144,76,160
654,29357604,93,181,114,164
626,29357487,91,149,98,139
638,29357484,82,130,74,150
674,29357475,108,163,108,132
639,29357314,74,123,85,157
644,29357311,84,173,111,141
632,29357293,83,137,108,150
654,29357216,134,114,92,125
655,29357153,85,162,108,187
629,29357021,84,135,76,132
637,29357015,92,126,65,150
632,29356986,92,146,85,150
597,29356885,62,150,117,153
650,29356848,89,126,119,159
622,29356828,85,145,96,120
633,29356816,93,153,101,158
627,29356682,91,136,81,134
639,29356569,91,166,73,156
650,29356541,90,148,76,153
647,29356522,85,147,74,168
636,29356465,87,133,105,146
649,29356455,91,144,112,166
615,29356440,67,174,118,168
657,29356430,90,175,94,187
615,29356313,87,140,120,115
630,29356221,82,171,97,138
636,29356027,91,139,118,151
644,29355980,82,123,108,169
610,29355934,85,125,89,107
632,29355925,93,141,74,135
663,29355920,124,125,85,128
659,29355887,93,157,107,177
641,29355749,93,138,74,159
631,29355723,77,144,123,121
636,29355720,83,146,85,151
626,29355562,79,166,87,125
643,29355511,80,114,112,165
645,29355503,81,147,105,173
639,29355369,84,142,82,142
651,29355256,88,175,66,167
640,29355199,85,121,102,157
653,29355189,92,198,107,160
630,29355157,90,111,132,154
660,29355070,124,113,95,127
632,29354965,86,122,78,149
630,29354906,93,131,91,138
638,29354900,90,132,85,168
633,29354871,76,144,105,149
633,29354795,85,138,98,158
648,29354788,88,152,128,150
648,29354714,93,140,107,167
649,29354587,93,170,57,177
628,29354566,92,134,99,127
636,29354519,86,118,93,138
647,29354501,93,138,66,167
635,29354457,79,167,112,128
640,29354454,90,170,85,152
648,29354407,93,150,85,164
647,29354245,88,133,107,171
620,29354167,79,126,82,124
635,29354050,77,115,92,146
663,29353974,109,119,81,129
634,29353891,93,118,131,150
642,29353844,89,137,131,155
633,29353810,85,139,85,140
664,29353804,114,128,92,129
622,29353696,89,116,121,119
644,29353652,82,124,75,163
642,29353634,93,132,84,155
637,29353605,93,166,99,145
645,29353558,83,147,100,155
636,29353533,91,176,60,158
652,29353522,90,185,133,141
632,29353416,83,186,100,132
640,29353253,89,131,105,144
642,29353229,86,144,129,134
612,29353211,76,144,102,107
655,29353160,90,183,87,160
652,29353141,88,167,81,162
623,29353071,74,126,70,128
630,29352960,85,124,94,141
643,29352908,92,138,74,185
639,29352784,87,129,97,147
667,29352708,103,138,76,127
646,29352578,90,131,134,162
626,29352430,87,124,107,133
648,29352386,86,142,85,164
655,29352348,93,151,111,177
641,29352339,87,166,100,153
649,29352292,90,155,102,163
648,29352220,92,168,63,175
628,29352140,81,164,116,136
632,29352106,91,134,76,170
621,29352052,86,129,90,120
644,29351987,92,131,98,154
646,29351963,91,157,129,134
616,29351945,89,168,98,106
664,29351859,131,114,103,133
634,29351694,86,130,101,137
642,29351688,89,140,84,146
645,29351536,80,124,99,170
643,29351518,91,143,94,159
624,29351481,76,145,107,124
644,29351464,92,134,62,169
638,29351117,83,120,117,150
653,29351026,93,169,106,166
624,29350956,79,143,75,128
639,29350839,82,123,86,148
644,29350793,77,133,79,187
668,29350593,112,125,95,127
612,29350587,89,118,113,110
617,29350584,92,127,83,139
633,29350375,76,144,133,123
649,29350270,93,131,95,175
688,29350255,114,117,99,196
628,29350215,86,167,114,117
647,29350156,90,147,109,169
621,29350106,90,124,100,128
627,29350008,93,149,88,134
633,29349990,92,133,93,162
641,29349943,92,117,103,185
642,29349851,93,136,108,175
633,29349761,93,166,72,133
662,29349723,98,116,125,135
641,29349714,76,152,64,135
643,29349573,90,135,90,136
632,29349558,87,138,120,135
635,29349447,90,138,108,153
650,29349367,81,143,129,159
630,29349219,92,139,115,133
645,29349183,83,167,55,161
638,29349172,75,122,112,140
637,29349109,82,178,135,126
625,29348840,81,126,102,117
627,29348817,78,134,72,145
639,29348695,86,145,100,141
645,29348677,81,136,101,172
618,29348469,83,128,99,138
666,29348457,110,120,127,135
645,29348448,93,149,70,152
639,29348257,90,154,111,147
647,29348210,89,156,114,155
634,29348069,79,158,110,129
619,29347918,78,178,72,111
642,29347906,88,137,124,140
614,29347810,75,126,88,126
634,29347646,91,168,79,125
642,29347599,87,147,83,152
648,29347581,90,138,84,186
639,29347504,85,118,72,169
641,29347437,77,127,107,143
616,29347376,82,132,120,111
657,29347182,84,97,110,139
616,29347068,89,144,84,111
643,29346991,82,165,108,157
651,29346944,82,145,113,165
639,29346889,90,163,67,131
631,29346796,90,144,91,134
637,29346779,90,131,86,160
645,29346732,85,124,93,171
623,29346704,75,124,108,129
628,29346701,84,138,76,143
636,29346654,87,113,84,180
646,29346640,93,136,121,163
666,29346511,109,123,111,131
668,29346428,108,116,85,140
645,29346427,82,143,73,151
636,29346347,83,133,116,141
646,29346333,92,162,78,152
647,29346189,90,119,109,172
645,29346171,93,129,108,162
636,29346040,79,150,79,133
625,29345852,84,116,94,151
620,29345802,87,185,77,103
673,29345788,119,160,74,129
624,29345780,89,125,63,151
640,29345770,89,120,129,135
648,29345712,82,146,87,180
655,29345678,91,177,107,168
631,29345605,76,141,69,152
639,29345558,82,122,74,161
635,29345530,81,167,95,121
643,29345483,82,148,105,141
649,29345466,74,131,96,175
654,29345465,89,179,73,169
640,29345388,85,136,79,166
626,29345301,84,147,70,125
622,29345257,89,134,96,139
670,29345245,116,142,117,131
648,29344997,93,129,97,186
651,29344923,91,131,110,179
630,29344867,85,175,131,124
640,29344774,77,170,84,135
623,29344759,75,123,109,128
628,29344756,81,123,85,158
651,29344616,90,149,80,172
618,29344598,88,138,102,120
629,29344586,88,122,94,154
637,29344539,92,111,104,164
636,29344467,77,131,61,166
669,29344312,131,113,92,130
646,29344311,87,142,83,158
643,29344292,89,139,73,161
645,29344225,89,130,110,147
647,29344217,79,192,94,139
630,29344035,76,154,71,125
637,29343924,83,144,90,139
645,29343918,88,157,83,147
632,29343871,92,131,130,121
642,29343823,90,134,70,176
621,29343687,88,181,105,111
674,29343672,121,182,85,129
694,29343642,111,129,105,195
627,29343493,92,142,110,125
632,29343490,86,135,82,153
643,29343462,93,123,98,156
640,29343443,76,121,80,165
655,29343350,93,159,85,168
647,29343330,92,124,111,179
641,29343273,82,140,94,176
627,29343186,87,152,83,128
620,29343121,89,127,119,130
673,29343046,130,138,86,134
639,29342974,79,112,79,169
651,29342951,77,157,103,151
671,29342823,121,145,90,136
636,29342721,80,186,133,135
641,29342658,83,162,104,137
649,29342652,91,154,85,148
629,29342641,91,113,101,158
644,29342558,75,137,132,137
652,29342500,93,151,88,173
647,29342196,88,127,88,157
644,29342177,89,129,79,165
645,29342081,84,145,125,150
676,29341950,125,134,81,132
631,29341920,91,163,83,123
646,29341803,92,145,106,142
616,29341789,90,165,99,127
643,29341708,88,134,77,182
612,29341660,83,127,102,116
653,29341597,86,145,136,163
675,29341557,119,150,92,128
633,29341449,74,147,112,132
647,29341384,79,123,110,180
633,29341375,87,135,89,149
625,29341357,88,131,128,127
641,29341328,86,122,95,180
656,29341234,91,171,99,177
673,29341101,113,121,105,131
628,29341070,85,149,94,129
638,29340999,92,139,133,147
598,29340966,67,164,104,158
648,29340907,90,145,86,176
640,29340859,81,116,95,167
647,29340823,93,137,129,164
666,29340754,82,175,104,195
633,29340695,90,139,74,158
654,29340661,84,169,73,181
650,29340537,93,170,93,141
627,29340505,87,110,109,150
657,29340331,93,163,129,160
637,29340183,93,160,112,134
645,29340136,82,147,123,155
651,29340118,82,141,112,191
645,29340062,81,142,89,171
672,29339898,108,138,133,144
622,29339893,81,120,84,133
651,29339811,87,147,85,186
632,29339804,78,181,91,128
645,29339753,90,145,85,170
644,29339593,88,128,94,160
620,29339251,91,134,113,121
631,29339239,88,132,109,149
639,29339192,93,117,120,163
641,29338917,88,172,116,132
649,29338870,78,180,117,147
634,29338580,86,140,81,143
639,29338577,88,145,112,146
655,29338545,90,181,82,194
623,29338340,86,166,113,111
629,29338145,74,140,130,127
645,29338114,89,121,109,160
661,29338035,114,130,65,137
643,29337926,88,123,109,171
634,29337835,78,173,74,149
623,29337778,86,130,104,130
675,29337699,112,132,109,137
652,29337696,81,151,90,173
624,29337678,83,164,83,120
646,29337637,93,144,105,158
643,29337618,82,145,84,171
653,29337604,93,164,124,153
625,29337487,90,170,100,131
673,29337475,131,157,113,132
643,29337311,92,176,113,144
631,29337293,85,128,109,150
653,29337216,117,117,95,120
658,29337186,115,117,79,127
654,29337153,88,144,113,179
628,29337021,90,122,78,135
636,29337015,78,131,65,145
649,29336848,93,143,115,167
632,29336816,91,145,106,156
626,29336682,93,133,80,130
634,29336635,85,112,84,141
638,29336569,85,184,72,153
649,29336541,93,153,83,150
646,29336522,90,156,66,164
627,29336512,93,124,91,141
635,29336465,90,127,100,140
656,29336430,86,183,99,183
629,29336221,92,164,94,137
625,29336172,75,117,95,131
635,29336027,91,133,114,157
643,29335980,92,122,116,169
657,29335950,137,120,104,123
631,29335925,73,135,71,145
662,29335920,104,135,82,127
623,29335832,86,123,99,134
630,29335723,87,160,110,129
635,29335720,89,169,81,143
625,29335562,91,162,106,124
642,29335511,93,112,113,165
644,29335503,74,149,101,159
638,29335369,91,129,80,138
617,29335266,71,161,98,173
650,29335256,86,169,74,166
639,29335199,75,126,101,143
652,29335189,89,167,127,149
659,29335070,97,115,99,142
629,29334906,74,126,104,132
632,29334871,87,156,87,148
639,29334835,86,168,135,129
665,29334824,116,130,71,133
647,29334788,88,145,134,144
647,29334714,93,133,114,160
627,29334566,88,132,102,130
646,29334501,89,141,72,176
634,29334457,90,165,109,126
639,29334454,93,155,78,157
650,29334426,93,147,101,163
647,29334407,91,145,85,162
646,29334245,87,130,109,174
662,29333974,108,121,75,129
633,29333891,93,118,137,157
632,29333810,91,126,83,141
663,29333804,104,129,100,131
643,29333652,90,122,81,159
641,29333634,86,135,81,156
636,29333605,87,150,98,148
628,29333587,90,147,136,127
651,29333522,93,174,129,141
631,29333416,84,160,92,132
639,29333253,79,139,99,145
641,29333229,74,147,128,136
654,29333160,93,161,102,154
651,29333141,91,147,85,172
618,29333102,79,135,107,116
638,29332784,81,132,93,144
666,29332708,135,139,84,129
645,29332578,91,136,137,159
625,29332430,88,122,111,125
647,29332386,93,141,83,169
654,29332348,89,144,107,182
640,29332339,88,171,99,158
648,29332292,88,144,92,167
647,29332220,84,156,61,165
631,29332106,92,136,84,170
620,29332052,86,129,105,129
643,29331987,84,143,103,153
645,29331963,76,179,144,143
615,29331945,80,169,88,107
663,29331859,103,122,101,140
633,29331694,84,128,102,132
641,29331688,86,142,80,135
644,29331536,92,120,86,182
642,29331518,81,139,90,145
628,29331256,84,113,104,169
637,29331117,86,133,116,146
651,29331116,84,145,94,204
658,29331082,92,158,119,185
652,29331026,88,166,101,164
623,29330956,92,136,85,125
631,29330874,91,178,113,135
638,29330839,86,123,92,155
643,29330793,84,132,85,184
637,29330680,89,131,130,156
645,29330633,85,124,129,172
667,29330593,112,136,104,128
616,29330584,92,119,84,136
632,29330375,88,152,129,117
648,29330270,92,138,106,176
627,29330215,92,169,118,125
646,29330156,88,145,108,167
620,29330106,82,121,96,129
632,29329990,88,126,97,167
640,29329943,89,115,98,176
645,29329942,93,145,73,176
641,29329851,87,124,126,173
661,29329723,107,117,107,127
646,29329697,89,128,70,171
642,29329573,89,133,86,139
631,29329558,89,135,108,140
649,29329367,93,143,128,168
629,29329219,82,132,122,124
637,29329172,78,119,116,146
636,29329109,91,174,129,123
652,29329078,90,150,120,155
643,29328847,86,113,77,172
624,29328840,79,140,99,128
626,29328817,83,129,70,155
636,29328703,86,116,115,138
638,29328695,75,144,95,142
644,29328677,90,124,103,176
617,29328469,86,135,102,140
665,29328457,96,138,117,129
644,29328448,88,166,70,144
638,29328257,92,159,108,151
633,29328069,86,165,117,129
626,29327986,90,117,105,141
623,29327967,87,116,84,157
641,29327906,73,135,126,148
633,29327646,91,175,84,119
631,29327613,83,124,112,137
641,29327599,93,148,83,147
647,29327581,88,129,83,186
638,29327504,83,121,73,179
640,29327437,91,135,121,140
620,29327373,88,138,79,140
627,29327083,86,131,130,133
642,29326991,90,173,109,158
650,29326944,93,144,107,165
630,29326796,92,148,87,129
636,29326779,90,133,93,168
644,29326732,77,118,98,172
649,29326731,87,151,68,172
629,29326724,89,176,61,134
622,29326704,88,130,118,127
627,29326701,91,136,75,154
645,29326640,89,140,115,143
617,29326598,92,169,121,106
617,29326523,91,122,103,140
665,29326511,105,122,108,137
644,29326427,91,130,69,157
635,29326347,77,142,114,137
645,29326333,82,174,83,141
646,29326189,92,123,112,163
644,29326171,87,134,112,159
666,29326034,126,145,93,127
624,29325852,82,106,103,158
639,29325770,73,120,132,137
647,29325712,89,145,100,172
654,29325678,86,168,115,166
630,29325605,91,138,67,158
634,29325530,90,166,103,128
640,29325491,87,123,109,153
642,29325483,83,152,87,141
648,29325466,92,142,103,180
641,29325411,89,169,63,152
639,29325388,93,129,78,167
625,29325301,89,162,72,123
621,29325257,87,139,89,140
669,29325245,111,136,123,130
671,29325162,95,139,79,132
649,29325067,90,160,85,157
647,29324997,90,142,91,174
669,29324938,116,150,85,139
650,29324923,93,128,116,172
629,29324867,84,177,140,126
639,29324774,79,160,84,137
647,29324768,87,176,72,138
628,29324586,92,134,97,157
636,29324539,90,117,100,170
643,29324504,83,125,131,157
645,29324311,92,132,82,157
642,29324292,91,135,72,169
644,29324225,93,143,114,163
646,29324217,87,167,101,140
633,29324211,85,130,133,130
625,29324066,86,174,113,110
629,29324035,86,180,72,122
636,29323924,82,144,86,132
644,29323918,92,145,79,149
635,29323852,92,170,60,137
641,29323823,92,135,65,175
620,29323687,92,159,98,110
673,29323672,121,174,80,135
626,29323493,88,133,107,126
631,29323490,91,132,81,156
642,29323462,93,124,105,159
639,29323443,83,118,85,159
654,29323350,89,160,76,174
640,29323347,89,146,110,136
646,29323330,92,140,110,186
640,29323273,85,136,104,173
626,29323186,86,144,76,124
619,29323121,76,122,108,140
667,29323109,113,131,128,145
672,29323046,106,131,96,149
638,29322974,90,117,81,171
650,29322951,88,162,94,169
670,29322823,135,146,100,128
635,29322721,83,167,131,135
640,29322658,82,158,93,137
648,29322652,89,178,79,153
628,29322641,76,140,95,144
628,29322639,93,125,111,132
643,29322558,93,139,131,142
651,29322500,87,145,105,165
646,29322196,93,139,98,157
643,29322177,85,140,85,165
642,29322089,84,125,131,155
630,29321920,82,166,80,128
645,29321803,81,148,98,155
615,29321789,80,164,100,129
642,29321708,87,125,77,170
644,29321644,88,178,128,157
652,29321597,86,174,130,153
674,29321557,116,156,90,136
632,29321449,92,144,115,129
646,29321384,89,124,107,176
632,29321375,84,126,100,158
624,29321357,84,125,131,127
640,29321328,79,111,102,176
639,29321256,78,138,61,163
655,29321234,93,176,91,183
627,29321070,77,150,99,125
639,29320859,75,117,90,172
646,29320823,89,141,129,158
665,29320754,92,166,97,200
653,29320661,88,164,74,181
649,29320537,89,176,86,156
626,29320505,90,117,107,155
649,29320364,90,145,110,166
656,29320331,87,162,130,163
625,29320291,88,117,71,143
636,29320183,93,162,117,132
644,29320136,87,144,108,140
650,29320118,77,140,107,197
644,29320062,92,143,103,178
621,29319893,85,136,79,134
642,29319858,83,183,77,168
676,29319835,117,136,100,136
650,29319811,80,145,81,175
631,29319804,90,172,104,123
649,29319649,88,130,107,183
643,29319593,73,121,106,178
630,29319239,93,141,109,152
638,29319192,80,117,114,172
670,29318965,113,114,112,130
625,29318934,90,145,109,129
630,29318931,88,147,83,157
648,29318870,86,176,115,144
633,29318580,84,121,84,140
638,29318577,84,149,112,135
654,29318545,88,171,82,175
622,29318340,81,168,116,110
627,29318337,81,177,82,139
628,29318145,93,139,133,128
660,29318035,113,124,72,130
642,29317926,92,123,116,174
633,29317835,88,144,67,153
622,29317778,83,136,95,126
643,29317743,92,166,95,170
674,29317699,126,134,110,137
651,29317696,84,149,102,179
623,29317678,77,175,78,126
642,29317618,81,148,78,171
652,29317604,91,173,111,157
624,29317487,81,151,98,137
672,29317475,113,150,107,133
651,29317391,89,173,65,155
642,29317311,92,163,107,130
630,29317293,92,119,115,158
657,29317186,110,114,84,153
653,29317153,86,169,114,168
651,29317144,94,131,63,116
630,29316910,93,127,80,155
648,29316848,89,136,109,170
620,29316828,73,165,99,123
631,29316816,88,144,106,158
625,29316682,81,136,82,134
637,29316569,87,163,70,152
645,29316522,89,145,71,170
634,29316465,93,125,94,149
647,29316455,93,159,113,142
617,29316442,91,176,117,125
636,29316441,79,158,140,141
655,29316430,91,171,97,177
628,29316221,84,164,94,137
632,29316166,78,117,82,155
634,29316027,84,141,112,157
642,29315980,77,116,108,166
656,29315950,127,124,103,116
608,29315934,76,122,87,110
661,29315920,113,137,85,128
657,29315887,89,160,114,166
639,29315749,89,129,73,153
629,29315723,84,145,110,123
634,29315720,82,170,83,145
624,29315562,93,158,106,125
641,29315511,92,115,111,174
643,29315503,88,144,99,170
637,29315369,91,125,82,141
616,29315266,68,168,90,183
649,29315256,87,169,71,159
638,29315199,86,132,102,155
651,29315189,93,167,110,160
658,29315070,100,116,102,133
636,29314900,89,113,82,149
631,29314871,81,144,95,151
664,29314824,104,143,74,131
631,29314795,89,134,104,152
646,29314788,89,155,130,137
646,29314714,82,131,111,160
626,29314566,73,132,99,127
634,29314519,85,124,87,142
645,29314501,89,138,74,179
633,29314457,90,159,113,120
638,29314454,85,174,75,155
649,29314426,91,155,103,159
646,29314407,82,145,85,173
645,29314245,91,129,108,184
618,29314167,74,140,85,126
641,29314103,80,130,85,146
633,29314050,91,111,91,139
661,29313974,98,122,76,134
632,29313891,88,132,128,153
620,29313873,82,140,100,151
662,29313804,114,127,96,127
639,29313804,89,130,74,145
642,29313652,86,123,84,175
640,29313634,82,123,83,163
635,29313605,85,160,101,152
650,29313522,93,161,138,143
630,29313416,80,179,94,128
638,29313253,76,137,94,137
640,29313229,90,146,137,137
653,29313160,92,171,96,152
650,29313141,93,161,85,168
621,29313071,79,140,64,126
637,29312784,88,136,102,141
665,29312708,105,137,81,134
624,29312430,87,127,112,132
646,29312386,93,133,75,163
632,29312383,90,104,108,152
653,29312348,93,144,113,173
639,29312339,88,161,97,153
647,29312292,79,147,86,162
646,29312220,91,183,63,159
626,29312140,84,151,113,132
619,29312052,92,138,97,129
642,29311987,79,138,102,148
644,29311963,90,169,131,140
662,29311859,121,122,97,135
661,29311787,110,136,62,129
632,29311694,88,135,92,135
640,29311688,88,133,84,138
635,29311657,91,156,119,126
643,29311536,92,121,102,182
641,29311518,79,128,99,155
622,29311481,88,149,110,120
633,29311469,90,148,118,158
642,29311464,85,139,60,165
636,29311117,87,130,112,149
657,29311082,92,170,113,178
651,29311026,91,171,86,162
622,29310956,77,142,85,128
630,29310874,86,159,112,140
642,29310793,90,127,80,178
636,29310680,73,135,131,156
666,29310593,118,135,104,143
615,29310584,90,135,85,139
624,29310485,92,124,112,126
647,29310270,77,142,105,178
626,29310215,74,174,120,122
645,29310156,80,147,120,166
619,29310106,88,118,97,116
631,29309990,78,135,95,169
639,29309943,74,116,105,183
611,29309925,91,129,83,115
640,29309851,83,129,111,153
653,29309842,88,148,128,157
631,29309761,89,168,70,122
660,29309723,99,117,110,128
639,29309714,82,152,72,156
645,29309697,86,141,69,184
641,29309573,93,143,94,154
630,29309558,81,132,110,145
633,29309523,89,149,108,149
622,29309413,84,158,95,112
648,29309367,92,139,128,173
628,29309335,87,159,107,128
628,29309219,83,132,115,133
635,29309109,86,167,135,120
651,29309078,90,147,111,162
628,29308912,93,147,77,133
634,29308894,90,136,80,161
623,29308840,89,135,94,128
625,29308817,77,126,65,157
637,29308695,86,144,94,154
643,29308677,91,126,98,180
616,29308469,76,135,90,140
664,29308457,125,132,116,135
643,29308448,81,159,71,142
637,29308257,79,145,107,157
632,29308069,90,175,111,130
640,29307906,92,137,110,146
632,29307646,93,157,83,130
640,29307599,91,149,82,140
646,29307581,76,141,79,182
637,29307504,90,124,74,169
639,29307437,84,117,112,163
665,29307332,79,186,113,180
669,29307277,119,129,71,134
639,29307130,93,151,81,142
645,29307112,88,126,85,186
626,29307083,91,127,132,128
614,29307068,75,148,84,107
641,29306991,88,164,123,158
649,29306944,88,162,117,169
637,29306889,82,173,74,142
629,29306796,88,164,91,134
635,29306779,90,135,97,170
643,29306732,73,121,91,174
648,29306731,92,145,74,186
621,29306704,91,127,121,126
626,29306701,91,138,84,154
634,29306654,87,117,81,184
644,29306640,90,141,114,143
658,29306638,93,184,97,179
616,29306598,81,163,108,105
643,29306427,85,137,72,152
634,29306347,87,143,110,139
644,29306333,88,175,84,142
645,29306189,84,119,108,160
643,29306171,91,134,118,150
623,29305852,73,116,99,155
638,29305770,81,128,130,147
646,29305712,92,144,106,164
653,29305678,89,162,107,160
629,29305605,92,141,69,155
633,29305530,81,172,103,132
639,29305491,89,123,107,147
641,29305483,79,152,92,136
647,29305466,89,125,100,176
652,29305465,93,168,73,170
640,29305411,92,166,63,141
638,29305388,85,135,84,184
620,29305257,84,132,97,138
668,29305245,104,143,110,131
670,29305162,101,132,82,145
648,29305067,90,163,83,159
646,29304997,86,131,99,184
668,29304938,103,153,83,127
649,29304923,89,134,110,177
628,29304867,78,164,139,121
638,29304774,86,165,81,131
621,29304759,84,124,112,128
626,29304756,80,122,77,154
649,29304616,89,158,82,173
641,29304596,92,116,113,188
627,29304586,92,119,98,150
635,29304539,82,112,96,168
662,29304375,103,115,132,128
667,29304312,128,117,97,145
644,29304311,86,135,84,156
641,29304292,91,130,72,168
622,29304282,88,144,97,122
643,29304225,90,141,111,143
645,29304217,92,168,96,141
632,29304211,85,131,132,142
628,29304035,91,168,73,122
635,29303924,79,155,105,136
634,29303852,89,162,62,139
640,29303823,92,134,73,176
619,29303687,87,177,93,110
672,29303672,115,166,77,131
633,29303509,93,139,98,138
625,29303493,92,130,110,127
630,29303490,84,141,77,148
641,29303462,88,116,91,148
638,29303443,93,123,85,171
653,29303350,89,167,76,186
645,29303330,80,135,118,180
639,29303273,91,134,101,171
625,29303186,75,145,82,126
671,29303046,119,132,104,131
645,29303023,76,152,83,199
639,29302997,78,148,62,150
649,29302951,93,163,97,155
639,29302910,83,163,128,137
669,29302823,129,154,94,133
619,29302743,91,124,57,154
639,29302658,84,176,89,140
647,29302652,92,166,83,149
627,29302641,93,137,92,150
642,29302558,86,141,128,147
650,29302500,93,147,97,175
645,29302196,89,143,88,148
642,29302177,88,131,81,163
641,29302089,88,134,128,143
629,29301920,93,180,78,124
644,29301803,90,146,86,153
643,29301731,90,176,62,148
641,29301708,86,126,77,172
643,29301644,84,177,129,158
651,29301597,90,167,129,156
673,29301557,120,159,99,133
631,29301449,86,149,124,132
631,29301375,91,137,90,158
623,29301357,87,132,131,127
639,29301328,90,124,99,161
646,29301292,92,134,134,149
654,29301234,90,180,99,167
671,29301101,117,121,104,130
626,29301070,86,155,98,121
636,29300999,90,130,129,136
638,29300859,90,116,105,178
645,29300823,83,132,130,153
664,29300754,82,171,101,198
652,29300661,85,165,74,174
648,29300537,88,162,105,135
625,29300505,91,107,108,149
625,29300452,93,186,71,134
655,29300331,89,161,131,159
635,29300183,89,173,123,127
643,29300136,91,152,126,147
649,29300118,91,128,115,181
643,29300062,86,131,102,168
622,29299910,91,134,107,140
648,29299905,92,135,74,173
620,29299893,85,125,78,133
675,29299835,138,142,91,135
649,29299811,76,149,83,183
630,29299804,74,165,103,128
642,29299667,88,144,108,147
648,29299649,92,124,117,180
617,29299606,82,147,121,110
642,29299593,83,131,103,183
629,29299239,91,124,117,152
637,29299192,73,111,109,165
645,29299056,80,124,85,180
669,29298965,104,110,121,132
647,29298870,86,150,121,141
632,29298580,86,143,78,147
637,29298577,92,146,123,144
653,29298545,86,164,85,182
614,29298449,87,131,101,116
621,29298340,92,168,119,107
625,29298176,89,117,81,156
627,29298145,73,135,135,114
659,29298035,110,124,68,135
641,29297926,78,125,107,169
632,29297901,131,143,100,96
632,29297835,92,179,72,149
621,29297778,91,129,101,122
642,29297743,91,157,97,170
629,29297731,80,112,98,151
673,29297699,111,133,123,131
650,29297696,89,145,93,173
622,29297678,83,178,85,126
641,29297618,80,145,84,168
651,29297604,92,181,108,150
623,29297487,91,146,105,135
635,29297484,74,143,72,141
671,29297475,125,144,108,127
650,29297391,89,188,69,152
641,29297311,89,170,108,136
629,29297293,93,119,117,155
651,29297216,98,117,97,124
656,29297186,119,116,84,133
646,29296940,84,120,89,181
629,29296910,93,128,79,157
647,29296848,92,138,107,154
630,29296816,88,145,99,157
624,29296682,88,133,76,125
636,29296569,85,173,65,158
647,29296541,92,148,83,161
644,29296522,92,145,74,166
625,29296512,88,123,96,132
633,29296465,79,127,92,137
646,29296455,93,154,107,148
654,29296430,92,168,104,171
612,29296313,83,121,113,114
627,29296221,85,161,103,137
675,29296209,107,154,109,136
633,29296027,92,139,116,141
641,29295980,88,118,107,174
660,29295920,100,135,82,136
656,29295887,92,164,110,179
673,29295753,114,124,113,131
638,29295749,78,129,73,169
636,29295739,89,171,105,118
628,29295723,80,148,121,128
633,29295720,88,158,85,144
650,29295674,84,140,97,177
623,29295562,91,171,97,125
640,29295511,87,111,115,168
642,29295503,89,145,88,167
636,29295369,90,139,84,148
608,29295326,90,144,81,106
651,29295275,81,172,83,160
648,29295256,85,163,73,178
637,29295199,78,126,88,154
650,29295189,90,167,122,146
657,29295070,105,105,93,128
627,29294906,76,130,87,131
637,29294835,87,171,133,134
630,29294795,81,129,88,143
645,29294788,79,144,138,148
645,29294714,91,141,110,159
625,29294566,93,139,103,126
644,29294501,90,129,66,167
632,29294457,90,167,110,116
637,29294454,78,172,80,156
648,29294426,86,146,98,168
645,29294407,92,147,85,170
610,29294306,69,181,111,165
644,29294245,85,133,113,172
640,29294103,87,133,84,149
631,29293891,75,128,130,158
639,29293844,92,114,128,168
661,29293804,96,130,96,135
641,29293652,85,120,81,169
639,29293634,92,119,81,165
634,29293605,84,155,99,155
649,29293522,90,163,128,137
614,29293318,81,106,100,125
637,29293253,86,138,98,142
639,29293229,86,145,134,132
652,29293160,92,161,105,157
649,29293141,92,175,80,171
640,29292908,85,121,72,174
636,29292784,86,116,98,158
635,29292712,79,134,61,154
664,29292708,106,141,75,127
643,29292578,87,130,131,159
623,29292430,91,132,115,119
645,29292386,85,137,83,175
652,29292348,90,154,107,178
638,29292339,91,176,105,155
646,29292292,79,152,106,172
645,29292220,90,158,58,168
625,29292140,92,183,119,131
637,29292059,87,114,85,191
618,29292052,91,125,98,129
641,29291987,90,137,93,157
643,29291963,77,170,135,132
661,29291859,102,124,100,127
631,29291694,75,136,87,134
639,29291688,88,134,83,136
642,29291536,79,124,104,173
640,29291518,86,140,105,145
621,29291481,89,145,119,110
632,29291469,90,146,118,147
626,29291256,87,113,99,164
635,29291117,74,137,114,140
656,29291082,84,152,114,180
650,29291026,86,175,104,167
621,29290956,86,131,83,128
629,29290874,88,180,124,140
636,29290839,78,124,97,141
641,29290793,73,124,83,190
635,29290680,84,133,129,157
643,29290633,78,135,138,158
665,29290593,103,143,95,128
630,29290375,84,170,133,126
646,29290270,86,138,101,179
625,29290215,89,175,110,119
644,29290156,83,145,110,166
630,29289990,78,130,99,169
638,29289943,76,117,106,174
611,29289862,62,176,89,175
639,29289851,84,136,115,153
630,29289761,89,175,74,127
659,29289723,111,107,115,128
644,29289697,80,136,73,187
640,29289573,84,136,98,147
629,29289558,91,132,118,135
632,29289523,79,147,115,150
647,29289367,90,131,128,167
627,29289219,92,140,109,132
642,29289183,74,166,57,165
634,29289109,92,160,130,128
627,29288912,88,153,82,132
633,29288894,92,143,80,163
641,29288847,79,124,77,184
622,29288840,87,136,96,128
624,29288817,86,139,73,158
634,29288703,77,116,107,162
636,29288695,93,146,103,145
642,29288677,92,137,105,183
663,29288457,126,127,122,127
642,29288448,84,170,69,142
636,29288257,77,151,116,155
643,29288252,109,113,118,104
616,29287918,82,168,65,105
639,29287906,82,133,109,144
644,29287827,89,144,80,175
654,29287812,92,161,115,152
631,29287646,83,170,85,117
639,29287599,93,151,84,153
645,29287581,80,128,79,181
636,29287504,87,128,65,169
638,29287437,93,129,115,158
664,29287332,75,184,118,181
646,29287182,93,163,70,156
644,29287112,92,133,84,185
640,29286991,90,177,114,150
648,29286944,86,178,108,159
636,29286889,90,157,74,138
628,29286796,88,145,87,128
634,29286779,90,138,97,170
642,29286732,85,124,99,181
647,29286731,91,146,73,175
628,29286720,88,124,99,136
620,29286704,90,129,112,114
625,29286701,84,131,80,157
643,29286640,87,140,121,142
615,29286598,80,173,108,106
663,29286511,113,122,108,132
665,29286428,127,113,83,131
642,29286427,89,141,72,152
633,29286347,81,137,109,137
643,29286333,92,153,75,138
641,29286263,91,108,88,177
644,29286189,88,122,112,179
642,29286171,90,126,121,161
633,29286040,76,145,84,133
641,29286034,88,150,70,159
622,29285852,93,121,95,150
617,29285802,88,170,80,102
670,29285788,115,163,67,127
637,29285770,91,140,128,139
645,29285712,93,144,104,175
652,29285678,83,155,116,161
628,29285605,92,132,74,152
639,29285577,88,124,76,152
636,29285558,92,122,74,166
632,29285530,90,150,97,134
631,29285526,91,163,135,139
638,29285491,91,121,110,149
640,29285483,87,157,96,154
646,29285466,92,139,94,182
651,29285465,89,164,74,178
637,29285388,93,142,84,162
667,29285245,99,127,109,129
669,29285162,119,130,85,144
647,29285067,83,164,84,156
639,29285014,86,145,88,150
645,29284997,90,123,87,201
667,29284938,120,145,75,130
648,29284923,79,125,111,163
627,29284867,80,173,128,110
637,29284774,79,175,76,141
645,29284768,81,160,74,150
625,29284756,88,114,81,156
640,29284663,93,155,83,155
632,29284643,91,118,108,170
648,29284616,91,145,78,170
626,29284586,88,140,96,154
634,29284539,88,109,103,174
613,29284514,72,190,107,177
641,29284504,81,132,128,159
666,29284312,111,112,91,144
643,29284311,92,135,79,156
640,29284292,80,142,70,163
642,29284225,88,129,110,151
644,29284217,80,184,104,135
631,29284211,85,137,132,131
627,29284035,91,175,74,128
634,29283924,78,151,104,131
639,29283823,77,139,66,178
618,29283687,91,171,103,107
671,29283672,114,171,84,127
624,29283493,82,143,112,127
629,29283490,90,136,83,153
640,29283462,76,116,96,163
637,29283443,86,122,83,175
639,29283390,76,131,63,152
652,29283350,90,177,78,169
644,29283330,89,134,110,177
638,29283273,81,126,104,176
624,29283186,92,145,83,125
665,29283109,100,132,128,127
670,29283046,124,132,95,131
636,29282974,92,111,80,177
648,29282951,92,162,103,146
662,29282869,91,175,84,202
668,29282823,138,145,102,136
633,29282721,88,174,129,127
638,29282658,77,160,98,140
646,29282652,91,181,84,155
626,29282641,86,121,98,158
625,29282569,93,138,62,151
641,29282558,90,141,135,142
649,29282500,86,165,99,162
644,29282196,91,125,101,146
641,29282177,90,143,78,173
673,29281950,100,132,85,130
647,29281927,80,158,74,180
628,29281920,93,188,82,129
643,29281803,86,148,103,156
640,29281708,89,127,83,166
642,29281644,91,168,128,150
650,29281597,85,146,131,169
672,29281557,119,156,102,129
630,29281449,82,162,110,130
630,29281375,82,141,92,157
638,29281328,82,120,101,172
653,29281234,92,158,105,175
670,29281101,129,122,102,139
625,29281070,86,147,103,126
624,29280998,93,181,61,120
645,29280907,86,150,99,175
637,29280859,91,112,99,170
644,29280823,79,130,129,153
636,29280787,92,132,59,175
663,29280754,89,175,91,195
666,29280687,115,150,119,135
651,29280661,83,172,74,177
647,29280537,92,174,89,143
624,29280505,79,123,120,150
647,29280364,89,146,113,172
654,29280331,90,159,133,163
623,29280291,79,106,73,154
634,29280183,81,163,107,124
652,29280181,123,123,70,118
642,29280136,86,155,114,146
648,29280118,88,139,107,186
642,29280062,85,128,106,161
674,29279835,104,143,104,133
648,29279811,86,146,81,179
629,29279804,88,150,95,128
647,29279649,89,133,108,182
641,29279593,91,122,106,174
639,29279321,87,173,48,166
617,29279251,75,137,126,121
628,29279239,84,129,112,152
636,29279192,85,117,114,161
627,29279025,88,132,74,146
623,29278934,85,144,107,126
644,29278878,91,137,128,154
646,29278870,86,184,114,154
623,29278627,93,132,82,141
631,29278580,78,129,83,142
636,29278577,82,152,112,141
652,29278545,77,168,77,183
613,29278449,88,126,102,115
620,29278340,81,154,121,110
625,29278337,87,158,85,139
626,29278145,83,137,136,121
642,29278114,88,124,107,164
653,29278066,126,134,84,114
658,29278035,107,132,65,128
640,29277926,82,125,116,172
631,29277835,89,145,70,156
648,29277790,81,141,82,182
620,29277778,84,128,101,132
641,29277743,93,160,95,165
672,29277699,118,134,117,133
649,29277696,92,164,94,192
621,29277678,91,155,80,113
643,29277637,91,149,105,145
640,29277618,86,158,81,169
650,29277604,81,150,111,155
670,29277475,121,147,110,134
635,29277314,87,127,84,163
640,29277311,92,150,107,133
628,29277293,78,124,110,157
655,29277186,95,117,77,129
628,29276910,92,120,77,147
646,29276848,90,129,112,156
629,29276816,85,148,96,153
623,29276682,75,143,84,129
635,29276569,87,172,73,156
643,29276522,89,148,68,175
632,29276465,76,137,91,142
645,29276455,93,148,108,149
611,29276440,64,172,111,160
653,29276430,91,174,102,178
626,29276221,87,159,87,136
674,29276209,116,182,119,142
658,29276090,120,116,74,130
632,29276027,87,131,107,156
640,29275980,91,123,108,176
654,29275950,106,130,92,118
659,29275920,124,130,84,133
655,29275887,89,163,111,169
637,29275749,92,131,73,144
627,29275723,92,150,114,129
632,29275720,87,166,83,154
649,29275674,93,140,98,188
622,29275562,91,172,86,119
639,29275511,83,114,117,172
641,29275503,91,144,90,175
635,29275369,90,129,76,144
650,29275275,88,153,77,161
647,29275256,85,164,67,163
636,29275199,85,130,89,151
649,29275189,93,170,117,153
656,29275070,96,112,103,130
626,29274906,89,121,104,151
634,29274900,87,126,80,155
629,29274871,82,152,91,138
636,29274835,83,158,136,134
629,29274795,87,136,100,156
644,29274788,93,147,133,145
644,29274714,84,135,112,163
624,29274566,73,127,93,122
643,29274501,85,133,72,171
631,29274457,93,187,114,128
636,29274454,93,158,85,157
647,29274426,80,152,97,157
644,29274407,87,148,85,175
643,29274319,84,144,128,135
643,29274245,93,125,112,171
630,29273891,84,123,128,158
660,29273804,107,120,86,127
640,29273652,90,117,78,175
638,29273634,86,118,84,155
670,29273617,108,110,137,134
633,29273605,87,147,89,157
632,29273533,85,202,63,156
648,29273522,77,172,129,159
640,29273486,82,145,62,172
636,29273253,87,141,103,138
651,29273160,87,170,101,149
648,29273141,86,179,78,159
622,29272992,85,175,128,102
635,29272784,93,137,104,157
663,29272708,99,140,83,128
642,29272578,82,134,130,168
622,29272430,78,133,109,129
644,29272386,88,139,85,168
651,29272348,90,144,110,184
637,29272339,74,182,93,152
645,29272292,81,162,93,154
644,29272220,90,183,62,169
628,29272106,93,132,78,168
636,29272059,90,116,84,180
617,29272052,81,131,94,127
640,29271987,90,135,101,154
642,29271963,93,156,132,133
660,29271859,113,115,100,130
630,29271694,81,142,97,143
638,29271688,93,129,84,146
633,29271583,92,141,106,155
641,29271536,90,124,106,179
639,29271518,84,138,101,158
648,29271501,92,137,129,154
631,29271469,74,144,109,157
640,29271464,78,138,63,173
625,29271256,82,110,92,168
634,29271117,90,130,110,138
655,29271082,92,174,108,178
649,29271026,91,172,99,167
620,29270956,88,142,83,125
628,29270874,85,179,114,140
640,29270793,87,125,80,186
634,29270680,87,138,128,155
656,29270603,116,135,117,114
664,29270593,117,131,88,132
629,29270375,80,147,134,117
645,29270270,88,141,96,172
684,29270255,120,117,98,195
624,29270215,93,159,112,124
628,29270160,87,120,84,170
643,29270156,80,144,113,161
629,29269990,92,134,101,164
637,29269943,87,113,99,175
642,29269942,87,146,74,177
638,29269851,89,126,111,158
629,29269761,90,173,73,126
658,29269723,101,114,113,129
643,29269697,91,139,73,183
639,29269573,78,137,93,139
631,29269523,89,154,109,144
631,29269447,93,128,109,158
646,29269367,87,141,131,163
626,29269219,83,136,107,134
634,29269172,78,123,108,152
633,29269109,86,163,137,127
649,29269078,91,148,123,157
626,29268912,87,146,84,131
645,29268898,88,129,128,170
632,29268894,87,140,85,165
640,29268847,90,123,77,183
621,29268840,93,129,96,126
623,29268817,87,118,67,153
641,29268677,92,125,88,191
662,29268457,108,124,109,129
641,29268448,89,178,74,148
635,29268257,93,176,107,147
630,29267953,90,143,114,141
638,29267906,89,126,108,143
653,29267812,84,178,115,162
630,29267646,86,161,80,132
638,29267599,92,151,82,148
644,29267581,83,139,84,179
637,29267437,80,123,113,157
667,29267277,105,139,70,143
643,29267112,92,128,83,187
639,29266991,89,161,111,158
647,29266944,82,144,108,165
635,29266889,74,169,69,146
627,29266796,92,152,99,122
633,29266779,87,135,104,167
641,29266732,83,123,102,177
619,29266704,93,124,107,124
624,29266701,73,131,82,158
642,29266640,84,137,116,146
662,29266511,95,123,108,129
632,29266347,81,135,116,138
642,29266333,81,167,84,138
635,29266236,91,137,111,145
643,29266189,79,124,113,184
641,29266171,86,134,122,154
663,29266034,114,144,91,127
640,29266034,89,150,72,153
621,29265852,88,113,105,154
616,29265802,86,177,85,111
644,29265712,91,144,88,167
651,29265678,89,161,116,164
627,29265605,91,135,73,158
638,29265577,88,121,82,159
631,29265530,93,160,99,129
637,29265491,91,124,115,144
639,29265483,90,146,92,144
645,29265466,93,138,95,178
650,29265465,93,168,74,168
636,29265388,78,136,79,168
622,29265301,87,149,70,125
618,29265257,92,138,88,133
666,29265245,109,138,111,152
668,29265162,125,133,83,132
646,29265067,92,151,83,165
638,29265014,88,144,105,144
624,29265007,88,148,79,152
644,29264997,91,139,100,187
647,29264923,89,139,110,177
626,29264867,75,162,135,119
636,29264774,90,172,75,137
644,29264768,89,165,65,153
625,29264660,85,147,117,131
647,29264616,86,152,85,160
639,29264596,89,115,116,180
625,29264586,86,126,90,157
633,29264539,91,117,93,176
665,29264312,100,114,99,131
642,29264311,87,132,80,152
639,29264292,86,143,71,167
664,29264240,109,129,63,138
641,29264225,92,127,117,155
643,29264217,80,154,106,140
626,29264035,87,158,66,123
633,29263924,85,144,104,132
641,29263918,83,144,84,156
638,29263823,89,124,74,168
617,29263687,91,175,97,109
670,29263672,120,170,76,128
690,29263642,120,132,112,196
623,29263493,93,137,115,121
628,29263490,85,143,83,154
639,29263462,83,124,103,154
636,29263443,80,119,83,160
651,29263350,93,168,83,179
637,29263347,93,144,120,152
643,29263330,93,125,111,174
637,29263273,83,127,99,169
634,29263240,89,144,70,169
623,29263186,91,153,82,125
664,29263109,106,128,129,129
669,29263046,144,141,100,131
635,29262974,90,115,84,172
647,29262951,92,167,98,163
637,29262910,92,161,129,147
667,29262823,99,157,93,131
637,29262658,84,163,100,131
645,29262652,93,153,79,142
625,29262641,92,119,97,153
640,29262558,73,127,128,144
648,29262500,83,147,98,169
643,29262196,89,142,97,157
640,29262177,82,142,81,181
641,29262081,92,151,121,156
672,29261950,116,135,83,136
627,29261920,91,175,80,124
642,29261803,88,145,94,150
639,29261708,90,136,85,186
641,29261644,91,167,131,153
649,29261597,85,153,131,161
671,29261557,133,164,103,129
629,29261449,86,144,111,131
635,29261431,82,138,108,169
629,29261375,83,132,101,158
621,29261357,93,119,129,124
637,29261328,85,124,96,168
644,29261292,92,143,137,166
652,29261234,87,153,104,170
664,29261164,125,122,129,131
669,29261101,120,123,99,137
624,29261070,81,165,93,123
634,29260999,82,134,128,144
644,29260907,93,148,102,175
636,29260859,92,107,106,173
643,29260823,79,138,131,155
650,29260661,89,172,70,176
646,29260537,92,175,105,164
623,29260452,87,181,74,138
653,29260331,88,159,133,166
633,29260183,90,163,117,134
641,29260136,74,161,108,137
647,29260118,84,128,107,177
641,29260062,80,136,105,164
620,29259910,81,138,122,135
639,29259858,89,154,80,170
673,29259835,112,131,104,141
647,29259811,80,148,75,187
628,29259804,91,170,91,129
615,29259606,92,145,120,107
640,29259593,90,135,94,185
644,29259392,93,167,57,181
627,29259239,75,134,117,155
698,29259239,120,178,114,171
635,29259192,84,116,114,161
667,29258965,114,113,109,132
645,29258870,86,159,112,149
630,29258580,74,126,81,163
635,29258577,79,148,111,141
651,29258545,89,160,81,177
619,29258340,81,183,120,110
624,29258337,81,172,81,140
692,29258294,124,122,113,196
625,29258145,88,143,139,127
652,29258066,112,137,76,125
657,29258035,121,127,64,135
639,29257926,79,130,116,162
630,29257835,81,144,71,158
619,29257778,92,129,86,131
640,29257743,91,167,91,163
671,29257699,130,140,108,138
648,29257696,93,150,97,191
639,29257618,91,150,84,176
649,29257604,90,171,115,149
621,29257487,91,146,88,137
669,29257475,116,146,116,132
639,29257311,80,173,110,135
627,29257293,93,120,115,154
649,29257216,134,116,95,119
654,29257186,102,114,76,128
650,29257153,93,155,110,178
632,29257015,79,119,71,160
627,29256910,86,121,85,156
645,29256848,88,134,119,162
628,29256816,83,148,100,158
634,29256569,82,177,64,157
645,29256541,93,147,84,158
642,29256522,89,144,64,166
623,29256512,80,123,100,141
631,29256465,76,125,89,147
644,29256455,90,157,116,163
614,29256442,88,148,108,129
610,29256440,69,169,111,153
652,29256430,92,174,91,179
625,29256221,85,164,103,140
673,29256209,120,170,114,131
657,29256090,102,123,69,133
631,29256027,93,141,122,152
639,29255980,88,124,115,174
653,29255950,143,129,97,119
658,29255920,100,132,78,129
654,29255887,93,172,113,160
626,29255723,85,144,114,126
631,29255720,93,155,80,158
621,29255562,92,169,105,122
638,29255511,89,115,113,173
640,29255503,86,144,93,163
664,29255406,86,166,110,195
634,29255369,84,140,84,149
649,29255275,88,170,85,156
646,29255256,92,158,67,166
635,29255199,83,137,103,145
648,29255189,91,160,108,151
655,29255070,114,115,91,128
627,29254965,91,123,80,158
625,29254906,86,135,97,135
633,29254900,75,123,83,144
635,29254835,92,168,135,133
661,29254824,105,136,74,128
628,29254795,89,128,103,153
643,29254714,90,136,107,173
623,29254566,86,143,102,125
642,29254501,88,137,72,169
675,29254487,132,135,118,132
630,29254457,81,150,113,123
635,29254454,85,159,81,158
646,29254426,93,154,99,159
643,29254407,87,148,85,174
642,29254245,87,135,115,171
615,29254167,74,133,84,129
630,29254050,78,117,105,153
658,29253974,114,119,81,128
629,29253891,76,118,132,148
628,29253810,90,137,79,150
659,29253804,110,126,104,132
636,29253804,86,133,72,164
639,29253652,81,121,84,191
637,29253634,84,134,84,158
632,29253605,85,169,96,150
640,29253558,87,149,97,159
631,29253533,80,160,63,150
647,29253522,91,155,130,157
637,29253448,89,144,66,166
635,29253253,73,139,97,144
650,29253160,92,169,95,160
647,29253141,92,168,77,166
638,29252908,91,124,73,197
628,29252849,90,124,99,156
634,29252784,92,123,95,148
657,29252739,108,133,95,116
662,29252708,103,137,78,127
641,29252578,83,129,131,171
621,29252430,90,133,116,130
642,29252395,87,171,108,167
643,29252386,84,134,85,182
650,29252348,90,154,109,176
636,29252339,92,177,98,158
644,29252292,81,145,98,165
643,29252220,90,169,62,171
623,29252140,93,145,112,134
627,29252106,81,140,83,170
639,29251987,82,136,92,155
641,29251963,77,167,128,135
659,29251859,113,124,97,132
637,29251688,76,133,82,148
640,29251536,88,115,104,172
638,29251518,82,136,89,161
647,29251501,85,138,134,157
630,29251469,89,144,121,156
633,29251117,93,130,109,141
654,29251082,91,155,109,172
648,29251026,85,161,93,163
619,29250956,86,141,85,124
627,29250874,93,160,116,136
675,29250862,112,168,129,141
639,29250793,92,130,80,182
633,29250680,91,136,135,157
655,29250603,118,136,122,124
663,29250593,122,135,104,142
628,29250375,85,145,132,127
644,29250270,86,140,90,173
623,29250215,89,164,112,117
642,29250156,90,146,114,172
616,29250106,91,119,96,126
622,29250008,84,146,90,128
628,29249990,91,140,93,164
636,29249943,73,105,104,181
609,29249862,71,166,103,177
637,29249851,77,125,116,148
650,29249842,87,151,133,147
628,29249761,90,169,74,124
657,29249723,116,115,120,128
642,29249697,80,130,74,182
638,29249573,85,142,101,148
627,29249558,77,125,118,140
619,29249413,87,166,92,109
645,29249367,84,140,129,165
625,29249335,78,159,114,127
625,29249219,90,140,118,118
632,29249109,91,153,133,126
648,29249078,92,145,108,162
625,29248912,89,145,83,134
620,29248840,81,139,97,128
625,29248836,84,126,85,141
622,29248817,73,133,66,156
632,29248703,92,117,109,152
640,29248677,85,129,105,184
662,29248543,100,113,74,135
661,29248457,126,124,107,128
640,29248448,76,178,73,136
634,29248257,91,157,120,145
629,29248069,75,172,125,136
628,29248045,92,121,89,170
633,29248044,86,146,66,152
637,29247906,75,142,109,146
642,29247827,89,144,85,168
652,29247812,89,164,109,153
629,29247646,83,158,84,133
627,29247613,88,124,121,132
637,29247599,88,146,78,141
643,29247581,89,132,85,182
634,29247504,83,138,71,173
636,29247437,77,111,125,167
642,29247112,87,132,85,174
638,29246991,90,163,110,158
646,29246944,92,150,117,172
634,29246889,80,171,74,130
626,29246796,73,155,102,129
632,29246779,88,141,91,169
640,29246732,93,124,91,185
645,29246731,90,150,73,173
625,29246724,74,166,63,128
626,29246720,93,133,103,139
618,29246704,76,128,109,125
623,29246701,90,132,84,156
641,29246640,92,138,107,154
655,29246638,91,168,101,189
613,29246598,87,178,112,103
661,29246511,94,122,115,130
663,29246428,132,111,82,134
641,29246333,86,171,85,144
642,29246189,75,122,119,186
640,29246171,91,118,112,168
632,29246121,91,144,130,156
662,29246034,101,146,97,128
620,29245852,92,116,97,155
619,29245780,76,131,63,156
635,29245770,79,134,130,141
643,29245712,84,152,96,173
650,29245678,90,170,109,170
626,29245605,90,134,66,150
630,29245530,81,174,95,126
629,29245526,85,181,128,133
636,29245491,77,123,110,156
638,29245483,89,165,94,136
644,29245466,89,132,92,183
649,29245465,93,153,71,177
635,29245388,77,128,84,172
617,29245257,85,133,104,137
665,29245245,124,137,114,132
667,29245162,124,134,85,132
645,29245067,83,177,81,168
637,29245014,88,153,102,152
643,29244997,87,131,102,187
665,29244938,138,145,84,143
646,29244923,92,132,118,159
625,29244867,82,156,128,117
635,29244774,86,164,81,131
643,29244768,91,176,73,153
623,29244756,88,122,80,157
646,29244616,93,144,78,182
624,29244586,84,132,105,158
632,29244539,87,111,103,171
664,29244312,106,115,90,134
641,29244311,90,128,85,148
638,29244292,79,141,74,171
640,29244225,90,140,119,150
642,29244217,92,171,95,141
670,29244066,103,139,73,136
621,29244066,76,173,110,111
625,29244035,93,166,74,129
632,29243924,82,146,106,142
627,29243871,87,141,130,130
637,29243823,90,123,74,172
616,29243687,77,165,92,111
669,29243672,122,158,81,140
622,29243493,90,141,119,128
627,29243490,89,136,77,152
650,29243350,93,170,80,177
642,29243330,78,129,107,195
636,29243273,83,125,103,166
667,29243216,113,123,82,132
615,29243121,73,130,108,135
663,29243109,114,135,133,138
668,29243046,116,133,100,137
634,29242974,91,116,79,176
646,29242951,90,181,103,153
636,29242910,93,154,133,152
666,29242823,108,151,92,127
636,29242658,76,171,96,134
644,29242652,83,165,83,153
624,29242641,77,119,103,158
624,29242639,86,128,117,133
647,29242500,87,153,101,184
654,29242465,93,177,132,157
646,29242428,93,161,63,175
642,29242196,82,143,91,158
639,29242177,83,138,80,159
638,29242089,92,131,128,147
671,29241950,144,137,82,132
645,29241927,87,162,72,171
626,29241920,89,163,82,123
641,29241803,88,156,103,149
638,29241708,88,129,80,177
640,29241644,89,173,133,153
648,29241597,88,145,129,181
670,29241557,122,184,87,133
628,29241449,81,150,118,123
634,29241431,89,132,110,170
628,29241375,92,130,93,150
620,29241357,73,140,135,124
636,29241328,80,121,93,174
651,29241234,92,171,104,173
634,29241124,92,155,78,168
668,29241101,115,124,91,132
623,29241070,75,149,95,129
643,29240907,80,144,92,175
635,29240859,78,114,95,174
642,29240823,85,127,128,158
661,29240754,79,188,99,196
664,29240687,116,144,108,131
649,29240661,80,169,74,178
645,29240537,84,178,100,140
622,29240505,86,117,110,157
645,29240364,89,147,109,185
652,29240331,93,163,129,176
632,29240183,89,176,113,130
640,29240136,84,149,127,135
646,29240118,82,140,107,187
640,29240062,87,134,96,176
619,29239910,76,137,112,136
667,29239898,132,137,129,127
638,29239858,92,169,81,168
672,29239835,112,135,105,139
646,29239811,91,144,81,177
627,29239804,89,163,87,124
618,29239793,73,176,69,122
639,29239667,87,144,113,136
639,29239593,88,137,89,160
628,29239427,92,134,113,128
643,29239392,87,160,56,162
647,29239332,95,115,76,124
626,29239239,86,130,108,155
634,29239192,73,117,115,183
614,29239044,88,114,95,133
666,29238965,113,113,107,133
621,29238934,82,149,114,129
644,29238870,87,183,112,144
634,29238577,83,158,107,135
650,29238545,83,180,82,178
618,29238340,91,168,112,106
623,29238337,88,175,77,136
632,29238161,92,131,115,136
624,29238145,87,143,139,129
640,29238114,86,120,126,166
651,29238066,108,131,82,126
638,29237926,89,131,109,169
646,29237790,82,140,82,179
618,29237778,91,126,96,126
639,29237743,85,176,102,170
670,29237699,116,120,114,133
647,29237696,92,152,94,176
619,29237678,79,159,84,124
641,29237637,93,149,90,154
648,29237604,87,174,108,149
620,29237487,81,150,103,140
668,29237475,125,150,123,132
638,29237311,89,169,109,142
626,29237293,89,130,124,145
648,29237216,95,115,99,126
653,29237186,96,117,85,142
649,29237153,79,148,111,181
631,29237015,84,124,65,155
626,29236910,91,127,83,142
644,29236848,93,127,107,160
627,29236816,87,145,88,149
621,29236682,89,135,81,124
633,29236569,89,155,73,149
641,29236522,81,149,70,169
630,29236465,80,133,90,144
643,29236455,86,144,125,145
613,29236442,93,160,110,129
651,29236430,73,163,101,184
613,29236282,79,123,70,127
624,29236221,92,158,97,134
672,29236209,95,162,124,146
630,29236101,91,161,128,134
630,29236027,85,141,107,154
638,29235980,80,113,109,178
652,29235950,129,133,98,119
657,29235920,124,135,82,144
653,29235887,87,164,117,176
637,29235767,92,120,73,173
625,29235723,87,147,111,128
630,29235720,89,147,75,154
647,29235674,91,138,100,181
620,29235562,87,177,102,123
637,29235511,93,112,112,179
639,29235503,80,148,101,171
633,29235369,74,141,80,146
648,29235275,92,176,81,150
645,29235256,93,165,73,167
647,29235189,87,166,111,159
654,29235070,100,115,106,131
653,29234998,102,128,62,128
624,29234906,86,125,95,143
632,29234900,79,127,79,154
627,29234871,78,162,100,146
634,29234835,85,169,129,133
660,29234824,107,132,69,130
627,29234795,90,125,92,157
642,29234788,80,153,131,149
642,29234714,89,133,122,171
622,29234566,86,135,96,134
630,29234519,89,119,92,146
641,29234501,79,130,74,159
674,29234487,140,135,108,131
629,29234457,88,166,108,125
634,29234454,87,166,83,154
645,29234426,92,153,93,158
642,29234407,89,149,82,176
641,29234245,93,120,115,168
625,29234221,91,131,73,167
637,29234103,80,141,77,146
657,29233974,123,119,77,129
628,29233891,81,123,129,157
658,29233804,99,138,99,134
638,29233652,80,120,82,169
636,29233634,91,136,75,163
631,29233605,82,171,102,145
639,29233558,84,164,95,153
646,29233522,81,185,135,149
634,29233253,74,134,98,150
649,29233160,83,154,87,152
646,29233141,85,168,80,171
637,29232908,91,129,74,184
633,29232784,77,142,90,146
661,29232708,108,131,76,137
640,29232578,88,133,134,180
620,29232430,87,133,108,134
642,29232386,75,138,84,166
672,29232351,136,126,128,134
649,29232348,92,146,117,187
635,29232339,85,162,100,153
643,29232292,89,153,103,160
650,29232256,92,161,128,144
642,29232220,92,168,61,169
626,29232106,86,133,83,162
615,29232052,80,135,89,128
638,29231987,84,135,97,158
640,29231963,86,172,132,143
628,29231946,82,122,131,158
650,29231869,101,111,114,125
658,29231859,95,123,101,129
636,29231688,87,135,82,149
631,29231583,89,133,97,152
639,29231536,80,112,101,162
637,29231518,83,134,106,154
685,29231486,100,126,119,172
629,29231469,82,149,122,154
632,29231117,83,128,121,148
653,29231082,80,155,113,180
647,29231026,74,161,89,164
626,29230874,85,162,114,131
674,29230862,118,149,134,130
633,29230839,93,120,100,162
638,29230793,74,124,83,183
632,29230680,92,126,129,157
654,29230603,134,129,125,123
662,29230593,102,135,105,129
643,29230270,93,132,93,166
689,29230220,102,134,113,182
622,29230215,90,158,109,119
641,29230156,85,144,117,168
615,29230106,77,122,92,121
649,29230020,91,145,79,181
627,29229990,87,134,97,165
635,29229943,92,111,102,182
636,29229851,82,126,108,148
627,29229761,88,173,74,130
656,29229723,110,117,125,128
635,29229714,78,147,73,144
637,29229573,84,129,89,144
626,29229558,75,132,111,139
629,29229523,88,154,117,149
618,29229413,84,171,104,110
644,29229367,83,143,131,164
624,29229219,90,143,108,133
631,29229109,84,170,128,122
647,29229078,92,151,120,159
630,29228894,88,139,85,168
638,29228847,87,124,85,173
619,29228840,85,136,92,125
621,29228817,91,125,74,153
653,29228754,89,159,75,179
639,29228677,93,129,103,175
660,29228457,97,128,108,130
639,29228448,77,166,73,148
633,29228257,89,152,111,154
621,29227986,89,131,86,131
636,29227906,85,141,118,136
641,29227827,88,156,82,172
651,29227812,92,161,113,157
628,29227646,93,176,84,134
636,29227599,93,144,85,147
642,29227581,87,142,84,184
633,29227504,74,134,73,160
635,29227437,79,125,120,147
665,29227277,110,136,74,132
651,29227182,82,101,116,138
641,29227112,90,122,81,183
622,29227083,79,127,130,132
637,29226991,89,157,112,157
645,29226944,80,147,111,172
633,29226889,82,171,73,133
625,29226796,85,148,103,133
631,29226779,92,136,102,164
639,29226732,78,122,106,182
644,29226731,93,155,69,167
617,29226704,74,128,115,128
622,29226701,93,125,84,155
640,29226640,87,134,109,144
654,29226638,92,167,91,194
660,29226511,105,122,110,130
662,29226428,107,115,76,135
639,29226427,88,139,68,159
630,29226347,92,134,109,136
640,29226333,83,163,85,154
641,29226189,93,117,114,173
639,29226171,93,124,112,163
620,29226133,88,147,128,123
661,29226034,100,145,99,134
638,29226034,87,144,72,148
619,29225852,89,114,87,156
667,29225788,119,158,73,130
634,29225770,83,138,130,136
642,29225712,88,150,99,171
649,29225678,86,167,113,174
625,29225605,81,134,72,146
636,29225577,74,122,80,155
633,29225558,79,123,72,162
629,29225530,86,167,105,134
637,29225483,90,155,100,140
643,29225466,84,136,91,180
648,29225465,79,172,69,171
634,29225388,76,122,75,161
616,29225257,81,143,98,140
664,29225245,127,143,109,131
666,29225162,123,130,81,135
640,29225138,90,144,66,184
632,29225089,76,117,73,177
644,29225067,93,164,77,159
642,29224997,89,131,95,188
664,29224938,123,145,85,148
645,29224923,83,128,110,171
624,29224867,83,179,131,123
634,29224774,83,147,83,139
642,29224768,86,176,72,144
622,29224756,84,119,84,157
629,29224643,77,131,110,168
645,29224616,75,145,75,173
623,29224586,90,134,96,157
631,29224539,81,116,104,161
663,29224312,119,106,100,140
640,29224311,90,130,80,153
637,29224292,90,138,66,173
633,29224264,93,151,105,141
639,29224225,88,138,110,150
641,29224217,86,173,105,143
624,29224035,89,166,73,129
631,29223924,88,151,92,151
636,29223823,86,126,71,168
626,29223741,77,164,77,149
615,29223687,73,168,93,109
668,29223672,114,169,83,129
629,29223509,91,139,103,141
621,29223493,81,142,112,128
626,29223490,77,140,81,154
637,29223462,84,124,94,149
649,29223350,92,178,80,169
641,29223330,87,125,109,178
694,29223278,125,135,93,195
635,29223273,92,135,100,177
614,29223121,90,128,112,136
662,29223109,107,119,128,136
667,29223046,116,123,95,130
641,29223023,92,151,77,184
633,29222974,85,113,85,166
645,29222951,91,157,91,160
635,29222910,88,162,128,135
665,29222823,102,148,102,130
635,29222658,79,165,89,142
643,29222652,86,178,77,153
623,29222641,90,112,104,158
638,29222558,93,139,132,144
646,29222500,79,153,98,173
657,29222308,122,122,83,129
641,29222196,89,140,95,159
638,29222177,81,138,78,166
637,29222089,89,134,134,145
625,29221920,83,179,84,125
640,29221803,82,144,95,138
637,29221708,92,127,76,179
639,29221644,75,169,131,153
647,29221597,81,150,130,163
669,29221557,125,173,95,131
654,29221458,124,111,93,118
627,29221449,91,145,111,125
633,29221431,90,137,107,170
627,29221375,84,135,94,155
619,29221357,89,134,132,121
635,29221328,87,120,97,169
650,29221234,93,163,104,172
667,29221101,119,124,106,140
622,29221070,80,148,96,125
634,29220859,79,117,99,181
641,29220823,90,133,134,169
633,29220787,92,135,62,170
663,29220687,127,149,110,130
648,29220661,93,166,69,180
644,29220537,91,173,95,146
671,29220524,116,107,110,140
621,29220505,87,113,109,158
644,29220364,92,150,111,173
651,29220331,86,155,132,164
630,29220199,91,129,86,158
658,29220192,132,123,96,129
631,29220183,93,172,107,131
639,29220136,88,155,114,144
645,29220118,78,134,108,184
639,29220062,89,142,100,169
618,29219910,91,129,124,139
644,29219905,76,137,73,191
666,29219898,131,142,140,134
637,29219858,90,178,83,170
671,29219835,109,128,93,135
645,29219811,89,161,78,183
626,29219804,89,171,93,128
632,29219684,65,105,89,162
638,29219593,81,131,92,175
619,29219411,77,120,132,126
625,29219239,84,124,107,155
641,29219056,85,122,83,191
634,29219009,88,149,97,158
665,29218965,100,117,124,137
641,29218878,83,136,128,155
643,29218870,86,175,119,155
642,29218657,83,145,73,148
633,29218577,88,148,111,142
649,29218545,76,178,84,171
610,29218449,81,136,92,109
617,29218340,82,166,119,106
623,29218145,93,139,132,128
639,29218114,90,123,111,159
650,29218066,110,132,77,114
655,29218035,115,132,72,130
696,29217930,125,133,100,197
637,29217926,86,135,111,173
628,29217835,92,178,69,151
617,29217778,85,130,86,133
638,29217743,93,173,89,164
669,29217699,116,125,113,133
646,29217696,86,153,86,176
637,29217618,92,145,82,170
647,29217604,89,151,114,151
631,29217484,83,132,73,136
667,29217475,105,156,116,135
646,29217391,80,171,71,165
637,29217311,76,170,127,141
625,29217293,93,122,110,157
647,29217216,134,117,89,123
652,29217186,110,111,80,132
648,29217153,91,155,122,163
625,29216986,89,145,85,146
625,29216910,86,128,80,155
643,29216848,91,128,110,148
626,29216816,89,147,88,150
632,29216569,81,180,73,150
643,29216541,88,146,84,160
640,29216522,78,161,67,171
629,29216465,90,126,103,146
642,29216455,91,144,117,152
612,29216442,92,169,109,127
650,29216430,93,174,104,180
623,29216221,88,168,90,136
671,29216209,112,157,112,133
650,29216120,119,120,83,123
629,29216027,91,136,114,157
637,29215980,79,122,118,167
651,29215950,113,122,99,118
656,29215920,100,132,82,127
652,29215887,89,173,119,184
617,29215832,91,121,97,129
624,29215723,92,146,108,124
629,29215720,90,144,78,150
646,29215674,88,133,99,177
619,29215562,74,178,98,126
636,29215511,92,115,111,173
638,29215503,92,148,99,177
632,29215369,90,133,82,143
647,29215275,86,172,79,150
644,29215256,89,169,71,165
633,29215199,83,123,98,151
646,29215189,93,155,107,151
653,29215070,102,115,91,136
631,29214900,87,140,85,140
633,29214835,83,174,130,124
659,29214824,95,138,71,129
626,29214795,90,125,100,147
673,29214795,127,121,83,159
641,29214788,87,148,131,154
641,29214714,84,139,109,163
621,29214566,92,136,105,131
640,29214501,90,133,74,169
673,29214487,117,138,123,130
636,29214473,84,159,88,141
628,29214457,84,177,127,126
633,29214454,86,171,84,152
644,29214426,84,154,87,160
641,29214407,93,144,83,159
640,29214245,84,121,115,177
624,29214221,85,132,67,162
654,29214088,92,101,98,143
651,29214005,104,124,100,117
656,29213974,96,123,84,129
657,29213804,102,129,89,130
637,29213652,85,118,85,178
635,29213634,93,140,83,157
667,29213617,107,117,132,136
630,29213605,82,164,87,158
645,29213522,89,170,130,148
633,29213253,91,141,92,144
648,29213160,84,163,102,144
645,29213141,86,169,85,172
636,29212908,87,136,73,181
632,29212784,87,126,103,140
655,29212739,139,129,105,119
660,29212708,125,131,80,130
674,29212680,139,113,98,161
639,29212578,89,120,128,164
619,29212430,93,125,109,131
641,29212386,91,138,83,175
671,29212351,113,125,128,134
648,29212348,86,154,110,192
634,29212339,85,157,99,155
642,29212292,92,144,90,171
642,29212290,92,144,112,162
641,29212220,85,177,62,181
674,29212065,109,145,100,133
614,29212052,86,118,93,117
637,29211987,76,132,90,150
639,29211963,91,160,136,135
657,29211859,129,122,92,132
627,29211694,75,137,101,139
635,29211688,78,138,85,153
630,29211583,90,143,105,150
638,29211536,93,121,96,165
616,29211528,84,168,82,115
636,29211518,83,118,102,163
645,29211501,87,132,131,164
631,29211117,82,129,116,149
644,29211108,90,144,131,151
652,29211082,93,170,120,171
646,29211026,92,171,104,168
628,29211010,77,136,73,170
625,29210874,86,166,107,134
632,29210839,83,116,100,140
631,29210810,79,144,79,135
637,29210793,91,129,84,188
631,29210680,89,139,128,149
653,29210603,118,118,112,125
661,29210593,114,129,106,133
626,29210375,87,144,128,126
642,29210270,88,141,105,164
621,29210215,85,153,111,121
640,29210156,82,147,108,167
666,29210102,131,116,72,135
648,29210020,92,144,78,181
626,29209990,91,124,92,165
634,29209943,76,116,95,196
607,29209862,70,171,93,183
635,29209851,81,130,114,164
648,29209842,87,168,128,153
626,29209761,90,167,70,132
655,29209723,105,116,112,128
636,29209573,91,138,101,150
625,29209558,78,135,126,131
628,29209523,92,152,109,150
617,29209413,92,174,96,113
643,29209367,93,132,130,160
639,29209228,88,123,70,188
623,29209219,80,142,120,129
631,29209172,80,121,111,140
675,29209140,112,133,129,136
630,29209109,92,165,132,127
646,29209078,82,152,118,156
685,29208989,103,126,101,195
623,29208912,90,151,81,134
642,29208898,89,124,129,181
629,29208894,77,143,81,166
618,29208840,74,138,106,128
632,29208695,81,147,96,137
638,29208677,77,128,95,173
660,29208543,98,114,71,136
611,29208469,77,128,100,134
659,29208457,94,129,109,131
638,29208448,84,161,74,143
632,29208257,78,150,121,154
660,29208130,120,134,51,148
620,29207986,82,126,100,119
635,29207906,86,140,114,148
649,29207904,89,157,87,188
640,29207827,83,144,83,179
650,29207812,93,164,113,153
627,29207646,85,173,82,126
641,29207581,88,132,80,187
632,29207504,78,118,73,168
634,29207437,88,119,110,146
664,29207277,119,131,74,133
640,29207112,86,120,83,185
662,29207054,108,155,74,132
636,29206991,91,162,118,158
644,29206944,87,147,110,171
632,29206889,91,171,74,138
624,29206796,73,145,95,132
630,29206779,91,131,101,169
643,29206731,87,144,72,178
671,29206721,103,134,83,145
624,29206720,73,128,96,141
616,29206704,80,124,111,121
621,29206701,88,131,81,157
639,29206640,81,141,109,147
653,29206638,88,165,93,177
659,29206511,118,123,111,140
638,29206427,76,137,74,160
629,29206347,83,136,120,135
639,29206333,88,173,80,146
640,29206189,93,122,110,163
638,29206171,91,136,117,157
620,29206041,80,124,106,134
629,29206040,88,147,79,131
637,29206034,88,149,73,142
660,29206034,104,156,96,142
618,29205852,76,115,92,151
666,29205788,111,149,72,133
633,29205770,89,129,130,136
641,29205712,89,148,100,179
648,29205678,89,161,117,167
624,29205605,92,141,70,153
628,29205530,92,163,96,121
636,29205483,88,170,97,145
642,29205466,82,133,89,181
647,29205465,92,168,71,171
635,29205411,88,160,62,162
633,29205388,80,127,79,160
664,29205332,119,120,71,138
663,29205245,115,138,111,143
665,29205162,128,136,83,140
643,29205067,81,170,78,155
635,29205014,90,149,99,149
641,29204997,79,131,86,188
663,29204938,103,158,78,133
644,29204923,93,126,108,169
623,29204867,79,166,138,124
624,29204775,90,130,96,127
633,29204774,92,169,85,141
641,29204768,87,164,72,142
628,29204643,90,122,107,167
644,29204616,88,145,80,163
622,29204586,86,138,96,153
630,29204539,75,116,106,166
662,29204312,112,116,103,130
639,29204311,91,142,84,156
636,29204292,91,142,72,168
632,29204264,90,171,99,137
638,29204225,81,130,108,152
640,29204217,93,158,104,154
668,29204066,125,132,68,139
623,29204035,90,168,71,128
638,29203918,82,144,83,141
625,29203871,88,136,133,133
635,29203823,92,134,72,182
614,29203687,90,160,95,106
667,29203672,107,168,77,137
655,29203615,104,142,43,137
620,29203493,84,132,118,125
625,29203490,92,132,77,155
636,29203462,84,121,99,155
648,29203350,90,173,83,173
640,29203330,89,125,112,193
634,29203273,73,120,87,162
661,29203109,118,130,130,138
666,29203046,108,119,94,132
682,29203030,113,123,83,178
632,29202974,84,115,80,173
644,29202951,84,164,101,158
634,29202910,85,171,131,149
664,29202823,119,150,104,127
628,29202697,78,124,107,163
634,29202658,74,164,105,142
642,29202652,90,178,78,151
622,29202641,78,120,105,158
622,29202639,93,132,116,132
637,29202558,93,136,128,153
637,29202547,92,162,93,151
645,29202500,91,153,106,178
640,29202196,77,138,102,157
637,29202177,89,139,78,167
669,29201950,106,133,75,130
643,29201927,86,149,74,178
624,29201920,86,154,81,126
639,29201803,83,144,99,151
636,29201708,80,121,82,175
638,29201644,88,175,128,158
646,29201597,93,157,128,169
668,29201557,111,162,99,148
653,29201458,114,115,103,125
626,29201449,93,144,107,128
626,29201375,90,134,99,155
634,29201328,83,118,91,162
641,29201292,78,132,128,165
649,29201234,92,164,104,173
658,29201204,103,129,56,131
666,29201101,97,121,100,135
621,29201070,92,155,93,129
641,29200907,86,145,94,180
633,29200859,79,109,99,174
640,29200823,90,128,136,164
647,29200661,90,149,70,177
643,29200537,89,156,105,152
643,29200364,93,145,124,167
650,29200331,92,162,131,171
657,29200192,118,122,98,121
630,29200183,81,170,114,117
638,29200136,85,162,108,149
644,29200118,88,125,107,179
638,29200062,84,141,101,172
617,29199910,84,140,115,134
665,29199898,109,135,133,129
636,29199858,82,177,75,170
670,29199835,112,137,95,134
644,29199811,91,144,84,187
625,29199804,91,163,105,120
612,29199606,92,144,112,103
637,29199593,77,124,99,166
645,29199332,121,112,79,116
624,29199239,89,129,120,154
632,29199192,84,113,107,166
633,29199009,77,152,105,169
664,29198965,121,115,121,139
640,29198878,89,139,131,151
642,29198870,89,149,122,142
632,29198577,89,147,119,135
648,29198545,88,167,75,174
616,29198340,81,163,121,109
621,29198337,87,175,80,130
622,29198145,85,132,128,126
649,29198066,120,133,85,125
654,29198035,107,123,68,134
636,29197926,92,134,110,168
627,29197835,92,145,69,151
644,29197790,93,137,81,199
616,29197778,93,136,96,133
637,29197743,81,184,100,164
668,29197699,125,124,109,140
645,29197696,80,144,97,173
617,29197678,75,161,84,122
636,29197618,78,144,83,161
646,29197604,86,154,116,148
666,29197475,125,145,122,143
668,29197392,111,150,84,138
645,29197391,90,184,72,156
636,29197311,87,168,109,150
624,29197293,78,124,110,146
646,29197216,96,114,98,114
647,29197153,87,146,109,169
652,29196970,122,130,73,121
631,29196873,79,152,107,170
642,29196848,91,134,124,155
619,29196682,79,138,78,125
631,29196569,86,191,68,158
642,29196541,91,152,75,150
639,29196522,92,150,74,169
628,29196465,73,127,95,145
641,29196455,88,146,119,150
649,29196430,83,158,104,179
622,29196221,92,182,90,139
670,29196209,111,165,109,128
628,29196027,84,141,112,144
636,29195980,87,120,107,163
650,29195950,117,135,100,122
655,29195920,98,125,78,137
651,29195887,92,160,108,177
627,29195814,90,133,74,157
668,29195753,141,115,111,134
623,29195723,78,150,113,126
628,29195720,87,166,85,151
645,29195674,87,134,100,192
618,29195562,73,185,100,123
643,29195560,77,147,118,193
635,29195511,86,113,113,180
637,29195503,87,145,103,171
631,29195369,91,129,83,138
669,29195276,118,147,97,138
646,29195275,89,162,84,160
643,29195256,90,172,67,166
632,29195199,86,136,98,172
645,29195189,88,164,107,150
652,29195070,110,113,105,129
651,29194998,96,127,62,131
630,29194900,78,128,84,168
653,29194854,127,140,78,113
632,29194835,93,167,130,131
658,29194824,100,133,67,127
625,29194795,88,138,88,158
640,29194788,84,144,131,146
640,29194714,90,132,111,174
620,29194566,84,136,93,134
628,29194519,91,122,90,152
639,29194501,83,140,70,194
672,29194487,94,143,111,133
627,29194457,86,176,119,127
632,29194454,93,158,84,158
643,29194426,87,150,99,154
640,29194407,75,144,82,169
642,29194354,91,152,63,159
639,29194245,85,132,117,176
635,29194103,77,139,80,146
627,29194050,92,113,105,149
650,29194005,112,123,99,116
655,29193974,95,120,84,128
626,29193891,76,131,137,156
656,29193804,101,125,93,131
636,29193652,81,122,84,180
634,29193634,83,118,85,167
629,29193605,78,145,96,156
644,29193522,88,151,128,138
632,29193253,79,136,87,138
647,29193160,90,170,96,157
644,29193141,82,174,75,168
676,29192914,117,167,84,130
625,29192849,90,121,86,158
631,29192784,87,135,104,150
654,29192739,112,136,100,113
659,29192708,98,141,79,143
673,29192680,133,112,90,169
697,29192583,118,137,109,195
638,29192578,85,131,128,172
647,29192529,86,100,89,140
618,29192430,76,143,124,131
639,29192395,86,163,112,154
640,29192386,85,134,81,161
647,29192348,89,146,107,171
633,29192339,89,153,103,148
641,29192292,91,151,96,165
641,29192290,88,146,113,156
648,29192256,87,179,129,158
640,29192220,89,173,60,177
620,29192140,88,163,110,133
673,29192065,125,144,96,133
613,29192052,88,139,88,122
636,29191987,92,139,98,149
638,29191963,90,174,132,133
648,29191869,122,115,108,122
656,29191859,117,122,92,132
626,29191694,85,135,106,136
634,29191688,79,140,83,148
629,29191583,77,136,104,157
637,29191536,91,121,91,168
635,29191518,75,129,92,148
644,29191501,93,143,134,168
627,29191469,86,146,108,155
630,29191117,89,129,114,138
651,29191082,85,177,108,178
645,29191026,73,176,90,174
627,29191010,81,132,73,164
624,29190874,90,149,121,136
672,29190862,111,161,128,130
636,29190793,73,132,81,171
630,29190767,90,142,63,155
630,29190680,82,138,129,150
652,29190603,130,125,117,122
660,29190593,116,133,95,137
618,29190485,82,124,107,128
647,29190327,91,132,116,187
641,29190270,92,133,94,183
620,29190215,89,167,127,124
639,29190156,92,145,107,175
647,29190020,89,163,80,188
619,29190008,73,145,98,131
625,29189990,78,130,96,168
634,29189851,93,127,113,144
625,29189761,76,157,73,133
654,29189723,104,116,113,129
635,29189573,80,138,103,148
616,29189413,89,166,104,116
642,29189367,89,129,133,164
622,29189219,75,143,121,132
629,29189109,89,184,128,129
645,29189078,84,150,115,152
617,29188840,84,131,93,127
622,29188836,77,134,79,139
619,29188817,90,124,73,158
651,29188754,90,167,83,184
629,29188703,81,115,110,147
637,29188677,93,134,97,185
658,29188457,126,124,108,130
637,29188448,86,156,74,168
633,29188428,89,134,53,163
631,29188257,91,152,113,155
658,29188150,123,149,82,127
634,29187906,85,132,119,140
649,29187812,92,175,120,157
626,29187646,90,166,83,127
640,29187581,90,130,82,171
631,29187504,82,120,65,180
633,29187437,91,124,110,139
656,29187391,134,136,107,121
659,29187332,75,164,120,179
675,29187332,112,122,118,153
663,29187277,108,122,69,130
639,29187112,77,136,81,183
620,29187083,77,122,131,134
661,29187054,126,145,74,130
635,29186991,91,168,108,157
643,29186944,86,148,111,171
629,29186779,84,134,95,169
642,29186731,88,151,64,167
620,29186701,88,127,81,152
628,29186654,74,113,81,174
638,29186640,86,142,107,150
652,29186638,87,172,97,176
658,29186511,107,122,107,129
660,29186428,99,112,81,137
637,29186427,81,139,71,155
628,29186347,81,139,110,133
638,29186333,83,175,84,136
631,29186236,93,136,114,157
639,29186189,90,115,109,163
637,29186171,87,140,127,155
659,29186034,115,144,105,140
623,29185909,86,110,111,170
688,29185852,109,146,106,172
617,29185852,84,115,102,151
665,29185788,106,162,70,131
685,29185757,114,134,84,197
640,29185712,86,144,98,161
647,29185678,83,175,109,174
623,29185605,79,140,72,157
627,29185530,75,183,88,130
635,29185483,90,144,97,154
641,29185466,88,138,97,175
646,29185465,91,171,71,167
632,29185388,89,131,85,172
663,29185332,96,117,71,135
662,29185245,128,141,115,131
664,29185162,122,143,84,144
630,29185089,89,117,74,168
642,29185067,86,162,80,147
634,29185014,84,149,102,136
640,29184997,87,133,95,199
662,29184938,123,145,84,131
643,29184923,89,129,111,176
622,29184867,92,165,128,121
623,29184775,88,119,102,141
632,29184774,79,179,80,135
640,29184768,93,166,72,142
620,29184756,82,121,76,158
643,29184616,93,146,81,182
621,29184586,93,128,95,158
608,29184514,70,157,108,182
654,29184423,106,123,70,120
656,29184375,116,116,137,135
627,29184336,76,148,82,169
661,29184312,105,108,96,132
638,29184311,92,141,81,150
637,29184225,77,132,109,154
639,29184217,88,174,104,144
667,29184066,95,137,66,130
618,29184066,91,169,120,108
622,29184035,83,162,71,128
629,29183924,85,144,97,130
637,29183918,82,145,76,146
624,29183871,76,141,132,134
634,29183823,84,126,64,171
647,29183731,86,145,135,148
613,29183687,78,158,96,109
666,29183672,118,173,82,127
686,29183642,129,141,105,195
619,29183493,79,142,107,125
624,29183490,84,131,78,151
647,29183350,90,164,83,177
639,29183330,88,129,107,177
633,29183273,74,120,87,162
630,29183240,86,156,71,169
660,29183109,116,130,133,137
665,29183046,106,130,106,147
643,29182951,77,174,105,148
633,29182910,92,152,134,146
663,29182823,107,150,103,127
633,29182658,86,163,99,140
641,29182652,91,168,80,155
621,29182641,83,143,106,150
636,29182547,91,174,87,155
644,29182500,74,147,101,175
643,29182428,89,166,61,173
639,29182196,78,138,94,155
636,29182177,91,139,82,174
637,29182081,81,147,122,158
668,29181950,109,135,84,142
623,29181920,81,177,78,122
638,29181803,93,151,93,150
637,29181731,93,171,63,139
635,29181708,81,130,80,166
637,29181644,83,173,135,151
645,29181597,84,149,135,169
667,29181557,114,193,101,135
652,29181458,128,109,88,121
625,29181449,91,153,122,130
631,29181431,91,129,109,163
625,29181375,84,137,103,155
633,29181328,89,121,106,173
648,29181234,93,161,97,176
660,29181164,104,124,131,137
665,29181101,107,119,94,135
620,29181070,91,145,90,124
630,29180999,87,127,131,138
639,29180956,93,110,86,116
632,29180859,92,113,99,175
639,29180823,85,131,137,148
646,29180661,80,176,72,177
642,29180537,81,154,98,144
619,29180505,80,131,107,139
649,29180331,92,183,129,162
656,29180192,133,130,100,124
629,29180183,92,176,126,130
637,29180136,85,144,111,162
643,29180118,83,139,107,177
637,29180062,92,137,90,163
664,29179898,97,141,133,130
614,29179893,80,130,85,130
635,29179858,91,174,85,170
669,29179835,116,140,106,144
643,29179811,86,144,83,183
624,29179804,76,180,104,127
636,29179667,87,146,123,145
636,29179593,91,136,98,168
640,29179392,86,156,57,177
649,29179301,111,116,70,127
623,29179239,86,129,112,148
631,29179192,89,115,119,167
632,29179009,93,149,95,167
663,29178965,95,115,116,133
639,29178878,87,135,130,146
641,29178870,93,165,110,143
647,29178545,82,164,78,180
640,29178410,102,111,63,116
615,29178340,91,164,108,111
620,29178337,88,176,82,137
637,29178114,88,124,107,153
648,29178066,120,124,81,117
653,29178035,120,136,70,136
635,29177926,75,131,114,169
643,29177790,87,139,83,182
615,29177778,73,130,104,123
636,29177743,88,173,99,170
667,29177699,120,136,113,141
644,29177696,76,145,104,181
616,29177678,74,152,79,123
645,29177604,85,162,116,149
665,29177475,133,144,111,129
644,29177391,92,171,69,159
635,29177311,81,169,115,142
623,29177293,81,120,109,141
645,29177216,126,116,106,114
646,29177153,88,152,108,172
626,29177005,86,152,98,134
623,29176910,93,133,75,157
641,29176848,93,140,110,160
624,29176816,84,147,100,155
630,29176569,79,164,74,158
641,29176541,85,149,78,142
638,29176522,82,147,68,177
619,29176512,93,129,99,137
627,29176465,83,131,93,136
640,29176455,88,146,122,151
648,29176430,88,164,98,182
621,29176221,93,170,103,133
669,29176209,106,163,108,130
627,29176027,93,137,113,157
635,29175980,88,122,111,167
649,29175950,118,137,86,123
654,29175920,99,128,82,134
650,29175887,81,176,109,166
667,29175753,112,113,116,138
630,29175739,93,167,91,128
622,29175723,84,149,117,126
627,29175720,85,146,82,156
644,29175674,90,143,98,183
617,29175562,79,174,98,125
634,29175511,84,110,117,173
636,29175503,79,145,105,161
645,29175275,89,150,78,155
642,29175256,78,168,74,164
644,29175189,92,168,108,151
651,29175070,106,117,101,132
629,29174900,86,133,84,145
624,29174871,90,150,89,138
652,29174854,113,139,84,116
631,29174835,88,162,136,128
657,29174824,97,134,67,129
624,29174795,92,125,97,156
639,29174788,89,175,139,145
639,29174714,89,135,109,162
619,29174566,85,133,98,120
638,29174501,92,135,69,169
671,29174487,117,135,121,139
626,29174457,86,189,126,127
631,29174454,75,181,85,143
642,29174426,90,153,93,159
639,29174407,85,144,85,161
638,29174245,86,126,119,176
671,29174180,110,146,84,143
649,29174005,118,123,88,121
654,29173974,111,117,83,131
625,29173891,93,137,128,156
655,29173804,110,137,102,127
627,29173699,85,135,76,157
634,29173661,90,149,107,160
635,29173652,84,121,82,165
633,29173634,92,130,85,166
628,29173605,92,195,99,150
643,29173522,78,181,135,137
631,29173253,84,128,99,140
646,29173160,89,174,100,150
643,29173141,93,167,85,161
658,29172899,140,121,110,128
671,29172850,108,120,78,153
630,29172784,86,116,93,165
653,29172739,103,131,92,125
658,29172708,94,135,76,140
672,29172680,106,131,94,156
637,29172578,84,128,131,166
639,29172386,87,133,85,170
669,29172351,105,119,129,139
646,29172348,91,150,109,188
632,29172339,79,162,99,154
640,29172292,73,145,105,169
639,29172220,93,165,63,167
619,29172140,78,153,127,137
667,29172128,122,154,132,127
623,29172106,91,140,85,168
672,29172065,114,147,105,134
612,29172052,78,136,103,122
635,29171987,87,126,91,150
637,29171963,78,175,129,141
625,29171946,75,142,135,147
655,29171859,115,124,101,127
633,29171688,82,132,80,143
628,29171657,93,148,109,133
628,29171583,86,132,92,153
636,29171536,91,121,105,183
634,29171518,89,139,100,159
643,29171501,92,137,133,154
635,29171464,88,138,59,169
676,29171414,103,125,106,161
620,29171256,75,112,88,170
629,29171117,84,131,107,145
642,29171108,83,145,128,160
682,29171105,101,126,76,196
650,29171082,89,169,109,187
644,29171026,85,161,99,166
615,29170956,84,143,80,129
623,29170874,88,172,107,131
671,29170862,115,172,128,135
676,29170799,112,166,100,136
635,29170793,82,129,81,178
622,29170713,88,115,111,157
629,29170680,88,137,130,155
617,29170662,84,138,91,149
651,29170603,111,138,108,119
659,29170593,98,133,93,132
624,29170375,86,158,130,124
640,29170270,90,142,105,175
619,29170215,88,178,114,123
638,29170156,91,144,111,181
624,29169990,91,120,96,161
646,29169842,92,169,128,156
653,29169723,105,114,111,129
634,29169573,88,127,99,154
626,29169523,84,153,120,137
676,29169468,124,140,91,162
626,29169447,84,124,108,152
641,29169367,91,142,129,174
637,29169228,84,133,72,199
621,29169219,81,143,107,132
628,29169109,83,175,128,124
644,29169078,81,155,123,153
689,29169046,104,129,106,209
616,29168840,80,131,88,128
621,29168836,89,134,83,140
618,29168817,80,122,74,153
650,29168754,93,162,82,184
628,29168703,77,117,114,151
636,29168677,93,122,90,177
657,29168457,102,133,122,129
630,29168257,89,145,110,144
624,29168045,73,114,106,158
633,29167906,86,139,119,148
647,29167904,93,144,105,182
648,29167812,93,163,123,152
625,29167646,76,170,79,134
639,29167581,76,135,77,176
632,29167437,78,126,111,154
655,29167391,116,136,109,125
674,29167332,105,130,118,159
648,29167182,90,102,108,138
624,29167136,77,147,89,137
638,29167112,87,139,77,186
634,29166991,93,176,113,142
642,29166944,85,148,109,175
622,29166796,89,152,86,133
628,29166779,84,131,100,155
636,29166732,90,117,93,185
641,29166731,89,145,68,167
622,29166720,89,119,105,139
614,29166704,81,137,109,123
619,29166701,92,124,75,157
637,29166640,92,126,120,152
609,29166598,89,175,108,105
657,29166511,115,118,108,127
659,29166428,126,116,84,139
627,29166347,89,142,116,134
637,29166333,85,151,84,145
635,29166263,89,117,95,176
638,29166189,90,124,110,171
636,29166171,93,130,116,172
658,29166034,102,147,106,130
666,29165871,139,117,106,137
616,29165852,85,116,106,151
664,29165788,105,174,72,140
639,29165712,89,144,100,159
646,29165678,86,162,113,166
625,29165624,86,137,77,140
622,29165605,87,132,72,156
626,29165530,73,171,99,131
634,29165483,93,150,98,141
640,29165466,84,132,97,177
645,29165465,84,172,65,178
631,29165388,75,132,84,164
662,29165332,114,124,72,138
613,29165257,85,143,91,133
661,29165245,107,138,122,133
663,29165162,115,135,84,138
641,29165067,86,161,81,156
639,29164997,93,134,90,187
656,29164969,117,147,98,114
661,29164938,114,145,75,131
642,29164923,91,140,112,166
622,29164775,87,134,90,121
631,29164774,84,171,79,144
639,29164768,90,166,74,152
619,29164756,84,118,84,158
642,29164616,93,144,84,170
670,29164605,123,136,86,138
620,29164586,74,123,86,158
660,29164312,133,117,96,133
637,29164311,82,135,84,159
634,29164292,78,133,73,162
659,29164240,113,123,63,134
636,29164225,78,143,109,139
638,29164217,79,172,95,140
617,29164066,77,174,108,115
621,29164035,88,173,74,117
628,29163924,80,146,91,137
636,29163918,92,152,79,144
623,29163871,75,140,129,132
633,29163823,87,124,67,172
646,29163731,93,150,138,164
612,29163687,80,170,93,105
665,29163672,104,167,85,130
626,29163509,91,138,98,141
618,29163493,87,143,119,127
623,29163490,83,141,85,158
646,29163350,83,156,76,179
632,29163347,92,145,110,144
638,29163330,77,124,113,181
632,29163273,87,124,89,164
663,29163216,113,114,75,138
659,29163109,120,130,128,143
664,29163046,115,129,90,133
638,29163023,87,146,82,172
630,29162974,83,117,79,170
642,29162951,93,205,96,146
632,29162910,84,183,135,143
662,29162823,107,151,86,138
632,29162658,81,166,93,151
640,29162652,90,171,76,143
620,29162641,89,126,96,151
635,29162558,75,134,128,147
643,29162500,93,150,100,191
654,29162308,116,133,77,126
638,29162196,91,134,91,152
635,29162177,75,139,82,163
657,29162044,141,130,141,123
667,29161950,124,136,83,140
622,29161920,89,163,84,127
637,29161803,84,150,99,152
626,29161788,89,146,109,132
617,29161736,85,173,83,116
634,29161708,85,129,80,171
636,29161644,92,165,132,158
624,29161626,91,165,92,151
644,29161597,90,153,128,162
666,29161557,104,185,87,134
651,29161458,132,117,100,126
624,29161449,89,144,121,134
630,29161431,79,134,110,167
638,29161384,79,124,107,187
624,29161375,87,128,104,155
624,29161373,93,128,109,135
632,29161328,79,124,106,180
639,29161292,85,134,129,155
647,29161234,86,169,102,164
664,29161101,97,122,100,139
619,29161070,84,158,98,129
629,29160999,86,143,130,143
639,29160907,90,144,98,196
631,29160859,85,109,99,193
638,29160823,85,120,144,150
660,29160687,107,144,115,129
645,29160661,86,181,74,171
641,29160537,90,163,88,152
668,29160524,112,112,109,135
641,29160364,87,152,108,171
648,29160331,92,171,129,166
627,29160199,83,127,103,168
655,29160192,120,128,102,126
628,29160183,86,173,119,133
646,29160181,138,142,72,114
636,29160136,73,154,109,142
642,29160118,86,130,109,181
636,29160062,89,125,102,174
615,29159910,82,134,112,135
663,29159898,111,134,128,142
613,29159893,88,124,77,134
634,29159858,84,167,82,169
668,29159835,140,128,93,138
642,29159811,90,159,85,178
623,29159804,81,158,106,124
658,29159714,109,171,56,129
629,29159684,72,108,96,174
610,29159606,77,151,113,108
635,29159593,77,141,87,174
624,29159427,89,131,120,134
643,29159332,119,113,84,112
622,29159239,84,130,114,154
693,29159239,111,171,112,172
630,29159192,88,112,111,165
638,29159056,90,123,82,180
631,29159009,87,147,102,166
662,29158965,115,114,109,132
640,29158870,90,155,125,144
625,29158580,90,133,84,143
630,29158577,74,152,107,140
646,29158545,92,160,81,177
619,29158337,87,175,80,140
655,29158247,120,121,93,123
628,29158161,86,140,120,140
636,29158114,92,119,123,157
647,29158066,118,134,84,120
652,29158035,112,123,70,138
634,29157926,83,133,116,161
625,29157835,91,150,74,158
642,29157790,86,141,75,189
635,29157743,91,180,98,168
666,29157699,106,131,116,138
643,29157696,93,144,98,174
615,29157678,80,172,80,125
642,29157624,87,171,62,185
634,29157618,91,145,83,160
644,29157604,88,168,118,152
664,29157475,123,145,113,130
643,29157391,82,172,74,157
634,29157311,93,168,124,142
622,29157293,89,119,108,155
644,29157216,102,108,100,119
649,29157186,100,114,80,132
645,29157153,93,145,107,179
639,29156940,88,117,87,184
622,29156910,86,138,82,151
640,29156848,77,140,116,147
629,29156569,93,173,70,154
640,29156541,90,145,75,155
626,29156465,75,128,88,135
639,29156455,88,153,112,151
647,29156430,87,177,98,182
620,29156221,90,152,95,136
668,29156209,114,174,115,134
647,29156120,111,121,80,125
619,29156061,78,114,106,158
626,29156027,89,127,121,156
634,29155980,75,117,115,162
648,29155950,113,135,88,125
653,29155920,103,122,85,137
649,29155887,89,192,111,176
666,29155753,126,122,114,153
629,29155739,82,159,102,134
621,29155723,85,147,127,119
626,29155720,85,168,78,151
643,29155674,93,139,99,186
683,29155567,114,134,90,178
616,29155562,86,177,87,115
641,29155560,90,144,107,189
694,29155508,105,147,94,195
635,29155503,88,150,104,178
629,29155369,92,141,81,140
614,29155351,79,149,118,134
644,29155275,91,163,78,156
641,29155256,91,173,73,167
630,29155199,77,125,103,159
643,29155189,90,174,109,145
650,29155070,108,111,86,130
673,29155030,127,184,69,142
623,29154869,87,144,127,128
651,29154854,119,138,84,122
657,29154845,118,142,115,129
630,29154835,89,169,129,132
656,29154824,96,128,73,143
623,29154795,89,120,91,149
638,29154714,77,132,108,169
618,29154566,93,132,92,132
637,29154501,93,126,72,177
670,29154487,102,143,109,148
625,29154457,89,169,121,127
630,29154454,84,177,81,156
641,29154426,83,158,88,155
638,29154407,90,144,81,170
637,29154245,92,126,108,167
670,29154180,119,144,83,142
625,29154050,87,117,99,165
648,29154005,109,121,101,126
653,29153974,107,121,83,127
667,29153946,115,114,104,152
654,29153804,110,131,97,139
634,29153652,87,122,82,178
632,29153634,84,142,78,150
683,29153622,114,134,94,171
627,29153605,91,154,101,157
642,29153522,91,161,134,144
630,29153253,88,138,97,139
620,29153212,76,123,139,141
645,29153160,84,176,93,157
642,29153141,88,183,84,185
674,29152914,110,179,82,141
629,29152784,78,118,104,148
652,29152739,117,129,93,126
657,29152708,108,142,83,128
671,29152680,125,136,101,152
636,29152578,80,138,129,166
616,29152430,75,137,116,132
637,29152395,83,180,114,169
638,29152386,88,133,84,185
668,29152351,116,135,131,131
645,29152348,82,152,109,181
631,29152339,91,181,103,157
638,29152333,123,141,104,108
639,29152292,90,144,90,166
639,29152290,92,146,117,162
638,29152220,85,153,61,169
666,29152128,135,151,130,129
671,29152065,142,146,104,133
670,29151993,127,162,62,144
636,29151963,80,176,130,137
654,29151859,109,122,95,139
624,29151694,74,132,95,139
632,29151688,75,137,83,152
627,29151657,88,156,118,134
627,29151583,93,138,99,153
635,29151536,81,124,92,170
633,29151518,93,123,98,154
642,29151501,91,125,130,159
619,29151256,88,117,87,170
684,29151200,114,145,96,171
628,29151117,76,130,110,143
641,29151108,83,147,130,138
649,29151082,88,186,113,182
643,29151026,86,166,100,168
655,29150877,92,105,106,151
622,29150874,93,165,108,139
670,29150862,114,165,129,134
629,29150839,85,117,99,152
675,29150799,124,159,89,130
634,29150793,87,136,84,173
650,29150603,108,137,116,126
658,29150593,96,133,92,129
631,29150391,92,166,110,134
639,29150270,83,132,88,163
618,29150215,86,180,108,117
637,29150156,78,147,112,170
623,29149990,91,133,100,170
631,29149943,88,116,88,192
669,29149929,124,145,108,134
691,29149856,110,138,99,178
645,29149842,86,165,128,148
623,29149761,86,173,74,134
652,29149723,112,117,120,132
637,29149697,75,127,73,188
633,29149573,81,137,101,153
625,29149447,91,137,116,151
640,29149367,90,140,128,165
637,29149320,94,134,38,124
620,29149219,80,143,108,134
653,29149200,114,148,72,124
672,29149140,115,131,134,139
627,29149109,90,176,136,126
643,29149078,84,146,110,165
620,29148912,85,144,83,132
626,29148894,92,139,81,164
649,29148754,90,175,76,185
629,29148695,86,150,106,146
635,29148677,88,140,101,184
656,29148457,95,135,107,132
635,29148448,79,166,66,153
629,29148257,92,145,112,151
656,29148150,128,145,82,132
632,29147906,83,137,107,143
646,29147904,85,150,96,193
647,29147812,93,158,115,156
624,29147646,91,165,77,129
638,29147581,88,140,83,180
631,29147437,83,134,109,146
633,29147429,88,148,90,145
654,29147391,104,139,119,125
661,29147277,97,134,71,130
659,29147054,100,153,72,133
633,29146991,93,167,114,158
641,29146944,74,144,122,172
620,29146890,89,132,85,133
621,29146796,93,146,95,131
627,29146779,83,133,100,159
640,29146731,74,148,72,175
668,29146721,130,121,81,138
621,29146720,92,132,99,136
673,29146717,129,159,116,137
613,29146704,92,127,116,129
618,29146701,81,123,84,149
650,29146638,91,171,98,182
656,29146511,107,121,109,133
658,29146428,107,117,84,140
635,29146427,87,134,72,159
626,29146347,79,136,113,131
636,29146333,90,170,83,142
629,29146236,91,132,110,147
637,29146189,86,122,113,177
635,29146171,89,128,125,152
657,29146034,113,154,104,127
665,29145871,115,117,93,141
663,29145788,104,171,70,135
638,29145712,93,144,91,183
645,29145678,88,177,118,166
625,29145530,82,175,92,134
633,29145483,81,154,92,150
639,29145466,73,140,96,171
644,29145465,82,163,71,178
630,29145388,88,132,82,159
616,29145301,85,144,68,125
612,29145257,84,133,92,137
660,29145245,108,131,122,135
662,29145162,100,130,84,130
640,29145067,78,154,83,147
632,29145014,79,146,91,146
638,29144997,77,128,86,186
655,29144969,136,152,104,118
660,29144938,105,158,76,135
641,29144923,88,137,108,175
630,29144774,73,153,85,130
625,29144643,90,132,109,167
641,29144616,86,156,79,174
669,29144605,116,123,102,138
619,29144586,85,129,106,158
652,29144423,146,123,74,125
654,29144375,95,115,131,131
625,29144336,84,144,76,166
598,29144321,82,149,104,118
659,29144312,116,116,102,135
636,29144311,76,137,83,164
633,29144292,87,131,71,176
635,29144225,88,142,124,154
637,29144217,79,170,89,147
665,29144066,120,135,74,130
616,29144066,82,166,122,112
627,29143924,74,150,91,158
635,29143918,75,163,80,145
630,29143813,93,147,93,154
644,29143774,114,143,118,108
645,29143731,93,146,128,159
664,29143672,109,179,84,136
684,29143642,120,137,98,202
625,29143509,92,136,94,130
617,29143493,88,135,118,128
622,29143490,89,135,81,143
633,29143462,87,124,104,152
645,29143350,84,168,81,183
631,29143273,85,124,90,163
662,29143216,114,121,75,131
617,29143186,75,144,85,124
610,29143121,85,122,119,139
658,29143109,108,127,129,128
663,29143046,123,127,99,134
629,29142974,79,112,83,184
641,29142951,85,147,104,149
631,29142910,82,149,129,156
661,29142823,104,155,101,136
631,29142658,75,170,91,133
639,29142652,93,154,82,165
619,29142641,77,123,101,153
619,29142639,85,131,121,131
634,29142547,90,165,89,158
642,29142500,89,158,93,176
649,29142465,93,154,131,150
641,29142428,88,168,61,173
653,29142308,112,130,82,128
637,29142196,83,134,92,156
634,29142177,86,137,79,169
633,29142089,76,113,133,149
666,29141950,111,130,84,130
621,29141920,80,171,84,126
636,29141803,87,146,106,154
635,29141731,93,167,63,141
633,29141708,84,120,84,170
635,29141644,91,162,134,156
665,29141557,108,163,86,128
650,29141458,111,114,102,125
623,29141449,91,152,109,134
623,29141375,84,143,98,157
631,29141328,81,121,97,167
646,29141234,93,170,103,161
658,29141164,108,123,128,137
629,29141124,93,147,85,153
663,29141101,109,124,94,135
618,29141070,91,145,96,120
638,29140907,87,148,91,184
630,29140859,86,117,92,179
637,29140823,85,133,130,151
656,29140754,84,161,97,195
644,29140661,76,168,72,180
640,29140537,86,169,97,155
640,29140364,93,151,114,170
647,29140331,88,175,129,167
654,29140192,128,134,94,127
627,29140183,90,166,113,134
645,29140181,123,125,73,123
635,29140136,88,144,109,140
641,29140118,89,125,116,181
635,29140062,85,137,102,175
662,29139898,105,130,135,127
633,29139858,89,179,85,161
667,29139835,129,135,104,138
641,29139811,86,149,79,176
622,29139804,79,163,103,126
640,29139649,93,119,114,193
634,29139593,92,129,99,165
621,29139239,80,130,109,157
629,29139192,81,115,111,181
630,29139009,90,151,99,170
661,29138965,103,108,109,133
631,29138917,86,156,111,139
637,29138878,87,133,128,150
639,29138870,90,172,122,142
616,29138627,89,136,80,141
629,29138577,90,144,110,139
645,29138545,92,176,81,181
613,29138340,85,174,120,110
618,29138337,84,167,85,136
654,29138247,112,114,97,126
619,29138145,77,141,133,126
646,29138066,109,124,76,120
633,29137926,86,135,108,173
627,29137854,90,176,85,132
624,29137835,78,146,73,153
641,29137790,88,132,85,181
613,29137778,74,120,92,133
634,29137743,86,160,101,164
665,29137699,104,130,107,135
642,29137696,87,151,99,174
643,29137604,78,175,109,146
663,29137475,131,149,108,127
642,29137391,90,166,72,150
633,29137311,77,170,116,135
621,29137293,85,128,107,148
643,29137216,111,117,104,113
644,29137153,85,151,107,175
642,29137144,130,132,63,121
638,29136940,84,116,103,187
621,29136910,90,121,85,158
639,29136848,91,143,126,157
622,29136816,83,155,103,156
616,29136682,86,139,81,130
628,29136569,89,177,72,156
635,29136564,96,138,73,106
639,29136541,81,145,81,148
636,29136522,92,146,73,167
617,29136512,92,125,89,140
638,29136455,78,151,126,147
646,29136430,79,171,94,183
619,29136221,93,158,95,137
667,29136209,108,167,109,133
652,29136111,121,116,120,124
625,29136027,84,128,116,153
647,29135950,116,127,103,122
652,29135920,113,128,83,127
648,29135887,89,159,112,162
665,29135753,125,118,108,130
628,29135739,91,168,98,134
620,29135723,86,144,113,126
625,29135720,84,147,80,158
642,29135674,91,138,91,173
615,29135562,81,163,97,122
632,29135511,89,117,111,178
634,29135503,93,144,99,163
666,29135276,102,144,100,143
643,29135275,80,159,76,173
640,29135256,91,167,72,164
629,29135199,77,135,95,143
642,29135189,91,167,107,160
649,29135070,106,106,94,131
648,29134998,108,131,62,132
650,29134854,123,137,83,121
656,29134845,109,118,115,122
629,29134835,74,170,130,130
655,29134824,95,137,73,133
622,29134795,89,132,97,156
637,29134788,85,147,134,146
637,29134714,86,126,112,171
628,29134690,98,131,87,97
617,29134566,75,132,94,126
636,29134501,85,137,72,188
669,29134487,109,138,118,150
624,29134457,76,174,122,124
629,29134454,78,175,83,157
640,29134426,86,147,95,148
637,29134407,86,154,76,168
636,29134245,81,124,126,167
669,29134180,139,146,85,132
647,29134005,105,124,86,123
666,29133946,118,112,89,152
623,29133891,92,123,128,154
653,29133804,95,136,92,131
625,29133699,93,127,85,154
633,29133652,84,118,83,178
631,29133634,87,126,83,154
663,29133617,117,113,130,139
626,29133605,79,174,94,146
641,29133522,78,171,130,144
629,29133253,86,139,99,151
644,29133160,90,167,86,154
641,29133141,81,185,80,173
673,29132914,102,165,82,131
622,29132849,92,112,99,157
628,29132784,88,133,100,153
651,29132739,123,135,102,124
656,29132708,107,139,78,134
670,29132680,116,122,96,156
636,29132395,88,156,115,168
637,29132386,93,141,81,184
667,29132351,112,131,137,138
644,29132348,90,151,111,177
630,29132339,89,172,92,150
638,29132292,89,158,96,171
670,29132065,129,153,99,140
610,29132052,76,125,97,124
633,29131987,88,137,99,154
635,29131963,80,165,130,131
645,29131869,105,116,126,123
653,29131859,103,123,88,128
634,29131790,91,98,76,128
626,29131583,86,134,104,149
634,29131536,92,122,101,174
632,29131518,77,125,102,152
641,29131501,92,130,129,153
633,29131464,93,130,60,173
674,29131414,114,119,104,165
627,29131117,84,125,108,136
648,29131082,90,154,107,174
642,29131026,81,159,102,179
621,29130874,81,168,117,139
647,29130869,87,178,74,182
669,29130862,100,170,135,128
674,29130799,122,178,101,130
620,29130713,75,113,108,157
627,29130680,81,133,131,155
649,29130603,97,129,112,125
657,29130593,109,137,103,135
667,29130406,118,123,129,130
630,29130391,93,178,119,130
638,29130270,80,126,100,171
617,29130215,80,178,125,121
636,29130156,87,145,127,172
644,29130020,93,159,83,184
622,29129990,75,133,103,163
668,29129929,124,148,108,132
631,29129851,83,129,109,151
644,29129842,91,191,131,152
651,29129723,106,116,109,135
632,29129573,92,140,97,138
635,29129529,86,164,51,161
624,29129447,91,120,110,151
613,29129413,91,166,96,115
619,29129219,79,142,125,130
671,29129140,122,126,128,130
626,29129109,81,165,130,113
642,29129078,79,149,115,155
625,29128894,88,138,83,170
614,29128840,84,133,100,129
648,29128754,78,173,82,190
634,29128677,76,134,100,174
649,29128657,100,123,121,124
655,29128457,114,137,119,127
634,29128448,85,169,73,138
628,29128257,74,145,118,158
650,29128180,106,146,100,122
655,29128150,113,144,84,128
652,29128052,87,110,96,136
613,29127967,79,111,85,157
631,29127906,87,137,125,138
645,29127904,86,149,95,188
646,29127812,92,167,124,161
623,29127646,87,162,83,131
631,29127599,93,149,83,147
637,29127581,93,142,84,174
628,29127504,73,129,73,160
637,29127456,140,111,84,106
630,29127437,90,139,109,152
653,29127391,123,138,111,125
672,29127332,112,111,111,159
660,29127277,123,125,70,133
632,29126991,91,170,107,152
640,29126944,79,146,111,168
620,29126796,92,145,87,134
626,29126779,90,141,98,168
639,29126731,90,154,74,172
667,29126721,116,134,84,138
620,29126720,85,129,103,138
672,29126717,116,144,117,134
612,29126704,91,133,109,129
617,29126701,80,139,82,158
635,29126640,85,140,113,148
649,29126638,82,164,88,180
655,29126511,120,123,114,135
657,29126428,108,105,77,133
635,29126333,76,173,83,137
628,29126236,92,133,108,158
636,29126189,86,116,114,176
634,29126171,80,130,108,175
656,29126034,94,150,86,127
662,29125788,102,164,73,130
629,29125770,92,132,129,139
682,29125757,96,128,85,195
637,29125712,89,152,96,160
644,29125678,90,170,115,159
624,29125530,92,176,102,134
623,29125526,93,164,128,136
630,29125491,78,124,114,144
632,29125483,93,144,98,155
638,29125466,84,136,92,181
643,29125465,91,176,68,175
676,29125451,121,164,112,134
629,29125388,76,123,80,179
615,29125301,75,152,68,120
659,29125245,97,137,114,127
661,29125162,107,121,80,132
639,29125067,81,173,78,162
637,29124997,81,129,93,179
654,29124969,132,146,100,118
659,29124938,94,150,83,137
640,29124923,77,140,108,171
619,29124867,88,169,128,125
620,29124775,92,139,105,119
629,29124774,84,176,82,138
637,29124768,81,173,66,150
632,29124663,88,169,77,147
624,29124643,78,125,113,169
640,29124616,87,145,83,174
668,29124605,95,122,99,136
618,29124586,92,125,106,146
626,29124539,82,117,103,161
658,29124312,110,115,98,134
635,29124311,88,127,79,159
632,29124292,91,131,65,173
628,29124264,93,168,86,138
634,29124225,93,125,117,147
636,29124217,79,177,104,156
664,29124066,120,131,74,135
619,29124035,90,174,71,128
650,29123970,90,107,116,133
634,29123918,88,147,80,156
621,29123871,89,132,130,133
631,29123823,90,129,74,174
629,29123813,86,147,96,157
643,29123774,125,137,114,101
644,29123731,85,152,129,156
636,29123694,73,145,62,175
610,29123687,79,162,95,104
663,29123672,105,171,82,132
683,29123642,105,126,105,198
648,29123574,110,110,80,126
624,29123509,81,140,100,141
616,29123493,87,133,110,129
621,29123490,76,141,83,153
629,29123443,74,113,79,169
622,29123394,89,145,112,136
644,29123350,87,179,82,175
636,29123330,84,131,117,174
630,29123273,88,125,106,177
661,29123216,111,121,76,135
657,29123109,101,130,130,143
662,29123046,115,129,93,137
640,29122951,87,167,92,147
630,29122910,89,149,128,153
660,29122823,115,148,105,132
630,29122658,83,175,87,147
638,29122652,89,164,85,147
618,29122641,79,123,104,158
633,29122547,82,175,95,154
641,29122500,89,147,101,172
648,29122465,91,165,128,162
640,29122428,76,189,60,180
652,29122308,110,123,84,117
636,29122196,93,136,90,163
633,29122177,77,141,83,167
631,29121974,79,159,72,169
665,29121950,111,128,84,149
620,29121920,73,183,76,121
635,29121803,87,146,102,168
632,29121708,92,136,81,177
627,29121677,83,147,111,145
634,29121644,93,174,130,157
642,29121597,87,150,128,163
664,29121557,124,176,93,135
628,29121431,76,143,109,169
648,29121386,99,123,62,122
622,29121375,81,136,93,143
622,29121373,92,124,118,135
630,29121328,73,119,94,173
645,29121234,90,179,96,167
655,29121212,119,130,74,129
657,29121164,113,120,129,129
628,29121124,92,151,82,169
662,29121101,113,122,106,132
617,29121070,86,152,93,123
627,29120999,79,127,128,136
637,29120907,88,149,95,183
629,29120859,73,113,102,169
697,29120820,106,172,96,179
628,29120787,85,126,63,182
658,29120687,110,148,113,134
643,29120661,77,166,73,182
639,29120537,93,163,96,152
666,29120524,122,110,120,150
639,29120364,93,144,111,170
646,29120331,93,170,130,188
653,29120192,95,129,88,126
626,29120183,87,164,114,125
644,29120181,113,131,69,118
634,29120136,88,147,124,147
640,29120118,89,125,108,180
634,29120062,79,136,94,163
690,29120046,145,128,85,195
639,29119905,83,136,69,179
661,29119898,115,138,140,133
632,29119858,91,165,85,167
666,29119835,107,142,105,140
640,29119811,88,147,85,182
621,29119804,74,168,106,129
656,29119714,104,162,52,135
633,29119667,80,146,121,144
633,29119593,91,120,105,175
641,29119332,96,113,84,119
620,29119239,89,136,110,156
629,29119009,83,147,98,168
660,29118965,122,105,112,134
620,29118931,90,144,81,158
638,29118870,88,161,108,146
637,29118657,85,155,70,163
623,29118580,81,128,85,147
628,29118577,93,153,107,132
644,29118545,91,162,79,175
685,29118294,125,132,115,197
653,29118247,130,122,101,124
645,29118066,96,136,77,123
632,29117926,88,126,110,173
640,29117790,87,140,80,182
633,29117743,92,153,97,170
664,29117699,107,119,107,136
641,29117696,89,152,102,179
642,29117604,88,158,107,159
662,29117475,112,149,114,130
664,29117392,96,148,82,131
641,29117391,83,158,69,147
632,29117311,73,152,112,133
642,29117216,95,117,101,124
635,29117200,93,173,115,149
643,29117153,89,160,108,177
657,29116981,140,128,99,123
648,29116970,110,139,69,121
637,29116940,93,115,93,186
638,29116848,86,137,116,168
621,29116816,79,145,98,158
627,29116569,91,164,69,157
638,29116541,86,146,84,169
637,29116455,77,155,108,151
645,29116430,89,155,86,182
618,29116221,90,168,100,139
666,29116209,116,168,117,133
617,29116061,83,116,103,154
624,29116027,93,135,119,158
632,29115980,80,120,109,175
646,29115950,106,132,88,126
651,29115920,97,131,78,132
647,29115887,93,167,115,176
631,29115767,91,116,72,173
664,29115753,121,124,119,134
627,29115739,88,174,98,130
619,29115723,77,150,114,124
624,29115720,80,155,85,158
641,29115674,87,143,99,186
639,29115560,80,148,108,184
633,29115503,90,145,98,166
660,29115339,117,144,128,130
665,29115276,115,152,86,132
642,29115275,85,185,84,156
639,29115256,87,166,74,172
641,29115189,73,165,112,139
671,29115030,126,172,72,140
649,29114854,134,131,84,115
628,29114835,86,160,129,131
654,29114824,99,143,74,141
621,29114795,88,129,106,157
636,29114714,86,131,111,168
616,29114566,76,139,97,131
635,29114501,76,133,73,177
668,29114487,118,135,125,136
631,29114473,79,168,104,135
623,29114457,93,180,115,127
628,29114454,87,172,83,155
639,29114426,87,154,102,163
636,29114407,88,148,84,164
638,29114354,86,158,58,154
635,29114245,93,128,107,177
668,29114180,107,146,83,136
646,29114005,94,116,101,109
652,29113804,98,134,103,137
629,29113804,80,137,69,155
631,29113661,90,151,114,170
630,29113634,87,135,78,161
625,29113605,88,152,100,156
672,29113529,124,130,85,159
640,29113522,77,169,130,160
628,29113253,81,133,93,143
630,29113229,78,166,130,131
643,29113160,91,166,98,153
640,29113141,89,163,78,159
672,29112914,117,157,81,130
627,29112784,90,120,89,144
650,29112739,119,136,92,116
655,29112708,96,140,85,131
669,29112680,112,131,98,152
634,29112578,85,133,136,159
614,29112430,77,139,107,133
635,29112395,86,161,113,170
636,29112386,90,136,80,180
666,29112351,113,122,129,146
643,29112348,93,155,115,178
629,29112339,80,181,96,156
637,29112292,83,149,88,165
644,29112256,82,170,134,151
636,29112220,87,183,63,166
616,29112140,82,145,108,134
669,29112065,112,150,104,143
634,29111963,74,165,137,133
644,29111869,104,115,120,112
652,29111859,117,117,100,138
625,29111583,76,138,92,156
633,29111536,92,121,100,184
631,29111518,88,132,100,152
640,29111501,88,142,137,145
623,29111469,84,146,114,148
673,29111414,133,129,97,160
635,29111317,84,160,56,155
626,29111117,86,137,108,143
647,29111082,89,165,109,178
641,29111026,92,179,99,162
620,29110874,91,175,121,136
646,29110869,87,168,69,194
668,29110862,104,166,134,127
673,29110799,112,164,98,132
632,29110793,87,123,77,189
626,29110680,87,143,132,156
648,29110603,132,132,107,116
608,29110602,87,130,102,121
656,29110593,129,142,106,130
629,29110391,88,179,117,133
637,29110270,89,136,90,181
616,29110215,76,172,117,125
635,29110156,89,145,110,164
643,29110020,80,147,84,189
621,29109990,93,128,101,167
686,29109934,95,160,105,171
667,29109929,112,147,116,132
643,29109842,76,167,130,155
621,29109761,91,168,70,131
650,29109723,104,110,109,129
635,29109697,74,138,72,182
634,29109675,88,101,102,129
631,29109573,84,143,104,155
612,29109413,87,160,89,115
618,29109219,79,127,114,134
670,29109140,136,139,130,134
625,29109109,87,171,129,128
641,29109078,90,151,116,151
613,29108840,86,139,94,117
647,29108754,89,161,83,195
633,29108677,76,137,95,177
648,29108657,122,124,120,124
654,29108457,117,132,116,139
633,29108448,76,176,74,145
627,29108257,74,157,115,153
654,29108150,116,145,80,138
622,29107953,85,137,118,141
630,29107906,76,133,108,148
644,29107904,87,150,102,187
645,29107812,93,166,123,147
622,29107646,81,172,83,132
629,29107437,86,126,107,157
652,29107391,114,126,119,111
659,29107277,101,123,72,132
637,29107182,90,162,73,147
635,29107112,84,126,84,195
657,29107054,123,148,69,143
631,29106991,89,165,116,158
639,29106944,86,160,111,158
625,29106779,88,137,94,161
633,29106732,86,116,100,182
638,29106731,90,146,71,173
619,29106720,90,124,102,141
671,29106717,128,151,115,135
611,29106704,75,132,122,126
616,29106701,83,131,83,155
648,29106638,91,166,103,177
654,29106511,101,114,109,133
621,29106429,90,162,94,138
656,29106428,97,117,84,135
634,29106333,79,167,85,146
627,29106236,79,141,109,158
635,29106189,87,122,110,167
633,29106171,86,120,114,164
624,29106040,78,152,85,142
655,29106034,122,148,91,135
627,29105929,89,144,81,157
663,29105871,103,116,93,151
656,29105818,125,170,77,125
661,29105788,105,164,65,131
636,29105712,81,144,88,170
643,29105678,91,169,117,164
619,29105605,77,134,70,153
623,29105530,81,170,100,127
629,29105491,74,122,114,144
631,29105483,83,145,106,144
637,29105466,88,139,88,182
642,29105465,87,172,74,164
675,29105451,101,172,120,134
628,29105388,81,125,85,167
671,29105387,113,122,120,153
650,29105255,95,124,134,117
658,29105245,103,137,108,137
660,29105162,104,129,79,142
638,29105067,90,165,80,158
636,29104997,78,131,89,177
653,29104969,115,151,97,120
658,29104938,126,145,82,134
639,29104923,85,141,114,175
666,29104775,104,121,81,142
628,29104774,77,176,80,135
636,29104768,79,176,71,150
623,29104643,89,126,113,167
639,29104616,93,148,79,166
667,29104605,127,125,104,153
617,29104586,79,130,92,158
632,29104504,81,136,133,156
657,29104312,118,116,88,146
634,29104311,81,140,78,163
631,29104292,78,135,70,167
627,29104264,90,190,106,134
633,29104225,81,137,111,162
635,29104217,84,159,102,148
663,29104066,97,129,72,131
614,29104066,92,181,120,115
630,29103823,80,127,72,180
628,29103813,91,146,90,154
643,29103731,89,147,128,168
657,29103703,123,170,106,116
609,29103687,83,169,104,110
662,29103672,95,173,82,140
620,29103490,88,129,78,152
631,29103462,93,123,94,160
643,29103350,91,168,81,174
635,29103330,88,125,108,178
688,29103278,108,132,101,195
629,29103273,86,131,93,171
660,29103216,109,118,75,131
656,29103109,94,125,128,134
661,29103046,116,133,105,133
639,29102951,93,177,86,149
659,29102823,123,145,98,144
629,29102658,73,166,98,141
637,29102652,84,167,81,153
617,29102641,86,122,104,153
617,29102639,93,129,110,127
632,29102558,92,136,133,146
632,29102547,93,177,104,150
640,29102500,89,144,99,178
647,29102465,93,178,132,151
639,29102428,93,167,63,178
651,29102308,109,118,82,126
635,29102196,78,138,103,163
632,29102177,88,138,85,164
636,29102177,127,133,93,129
631,29102089,74,140,137,153
630,29101974,93,175,72,169
664,29101950,108,138,82,130
619,29101920,91,181,80,126
634,29101803,90,145,105,161
631,29101708,88,131,84,165
633,29101644,88,169,128,145
641,29101597,82,146,139,168
663,29101557,106,169,97,130
648,29101458,131,117,99,128
621,29101449,88,146,108,131
671,29101394,142,137,105,150
621,29101375,88,130,102,151
621,29101373,87,122,112,140
629,29101328,92,114,90,165
644,29101234,87,181,88,176
627,29101124,85,144,79,165
661,29101101,102,121,95,132
626,29100999,93,141,132,139
635,29100956,89,110,94,126
628,29100859,81,117,88,172
657,29100687,99,147,112,129
642,29100661,76,164,71,184
638,29100537,92,173,102,147
665,29100524,128,115,111,157
615,29100452,92,164,67,136
638,29100364,91,154,109,180
658,29100348,133,109,54,139
645,29100331,84,169,129,181
614,29100291,80,117,71,150
652,29100192,114,127,103,129
625,29100183,91,167,126,134
639,29100118,76,132,110,177
633,29100062,85,138,97,176
612,29099910,75,138,115,135
660,29099898,102,132,133,129
631,29099858,93,184,76,168
665,29099835,130,143,92,130
639,29099811,82,162,85,187
620,29099804,79,173,103,123
632,29099593,88,124,93,160
641,29099575,88,128,128,179
621,29099427,85,138,113,128
619,29099239,84,133,107,156
627,29099192,89,116,123,174
655,29099096,108,130,78,117
628,29099009,93,152,89,168
659,29098965,95,117,107,140
637,29098870,81,171,107,144
636,29098657,80,144,68,159
627,29098577,74,149,113,141
643,29098545,93,172,83,177
611,29098340,75,183,115,106
684,29098294,112,139,108,195
625,29098161,88,137,111,138
617,29098145,77,131,131,128
644,29098066,116,131,80,117
649,29098035,105,129,73,132
631,29097926,87,120,118,159
625,29097854,92,169,76,131
639,29097790,78,128,82,183
611,29097778,93,120,105,134
632,29097743,83,164,91,163
663,29097699,97,128,125,131
640,29097696,87,145,94,175
612,29097678,81,165,85,126
690,29097623,113,145,78,195
641,29097604,93,148,112,159
661,29097475,106,152,117,131
663,29097392,108,144,81,138
640,29097391,87,180,73,153
631,29097311,76,171,119,133
641,29097216,107,115,88,119
642,29097153,90,160,111,166
628,29096987,91,134,103,165
656,29096981,105,134,94,126
619,29096910,87,138,79,156
637,29096848,82,136,116,156
620,29096816,86,147,102,156
643,29096782,112,121,108,103
626,29096569,92,174,74,154
634,29096522,91,154,73,164
636,29096455,92,147,110,150
644,29096430,85,187,88,180
602,29096313,79,133,120,111
666,29096296,116,160,71,131
617,29096221,90,172,103,135
665,29096209,110,176,111,130
644,29096120,108,124,83,126
650,29096111,122,117,113,128
655,29096108,112,137,85,138
623,29096027,85,143,112,148
631,29095980,81,124,110,165
645,29095950,110,135,106,120
650,29095920,103,128,77,133
646,29095887,88,158,110,168
663,29095753,115,118,108,130
626,29095739,92,184,102,130
618,29095723,73,149,107,127
623,29095720,85,144,85,158
640,29095674,89,138,90,186
613,29095562,78,162,101,126
632,29095503,89,146,99,163
641,29095275,81,168,75,166
638,29095256,77,168,72,168
640,29095189,92,179,110,166
648,29094854,115,140,75,125
654,29094845,118,125,116,129
627,29094835,87,169,131,131
620,29094795,93,135,102,151
635,29094788,91,154,130,144
635,29094714,91,142,114,168
615,29094566,81,137,102,132
634,29094501,86,129,74,173
667,29094487,112,136,111,132
630,29094473,86,153,102,132
622,29094457,85,183,114,129
627,29094454,80,164,84,158
638,29094426,76,152,89,161
635,29094407,77,150,81,172
634,29094245,89,123,107,161
667,29094180,118,151,85,135
623,29094080,92,136,135,134
645,29094005,104,123,98,122
656,29093993,103,119,95,137
664,29093946,106,111,95,152
621,29093891,76,127,131,153
651,29093804,122,133,86,133
623,29093699,93,139,85,154
630,29093661,93,150,110,167
661,29093617,108,115,134,141
624,29093605,81,147,101,145
671,29093529,106,128,75,162
639,29093522,89,168,133,151
619,29093300,93,126,86,133
627,29093253,77,134,105,144
642,29093160,91,171,103,152
639,29093141,88,158,84,174
671,29092914,102,164,81,135
626,29092784,76,132,98,155
649,29092739,125,142,106,117
654,29092708,94,136,85,130
668,29092680,116,114,100,162
613,29092430,79,136,108,132
634,29092395,85,170,110,166
635,29092386,79,133,85,164
665,29092351,111,119,132,134
642,29092348,92,145,108,194
628,29092339,74,162,104,153
636,29092292,83,156,97,184
636,29092290,93,145,117,158
643,29092256,81,173,135,149
635,29092220,87,180,61,175
615,29092140,88,145,116,134
663,29092128,119,146,138,128
668,29092065,137,151,106,138
633,29091963,79,160,132,138
651,29091859,110,122,98,129
629,29091688,75,141,85,151
624,29091583,91,136,98,156
632,29091536,93,118,98,173
630,29091518,83,129,93,161
639,29091501,84,132,129,152
622,29091469,80,148,107,158
672,29091414,113,135,103,164
646,29091082,77,155,115,178
640,29091026,90,170,102,173
619,29090874,89,174,116,138
645,29090869,93,165,74,189
667,29090862,127,158,130,129
672,29090799,115,157,105,134
631,29090793,81,131,80,180
625,29090680,78,128,133,148
647,29090603,115,134,109,122
655,29090593,101,139,96,128
628,29090391,91,171,115,125
636,29090270,86,128,91,170
615,29090215,78,171,125,125
634,29090156,85,147,113,172
642,29090020,82,144,85,176
620,29089990,85,121,92,170
642,29089842,93,181,144,148
649,29089723,108,116,113,130
630,29089573,93,138,103,147
622,29089523,79,163,117,149
622,29089447,90,125,116,156
637,29089367,89,140,132,174
617,29089219,88,137,119,131
650,29089200,113,153,71,120
669,29089140,119,139,130,131
624,29089109,83,166,130,129
640,29089078,81,148,108,161
679,29088989,106,136,97,195
623,29088894,89,137,77,168
612,29088840,82,143,105,129
646,29088754,87,160,80,181
632,29088677,81,129,99,182
647,29088657,102,122,113,119
624,29088495,89,167,69,130
653,29088457,108,135,109,128
632,29088448,91,165,64,138
626,29088257,93,149,116,148
634,29088210,91,150,113,152
648,29088180,130,150,100,126
621,29087953,85,143,109,124
654,29087934,121,179,72,122
629,29087906,73,136,115,148
634,29087827,93,144,80,174
644,29087812,88,159,108,157
621,29087646,89,187,84,126
635,29087581,83,134,80,178
628,29087437,73,138,108,162
651,29087391,100,133,115,125
670,29087332,101,113,111,161
658,29087277,101,134,72,144
634,29087112,91,136,84,175
651,29087084,114,149,77,123
656,29087054,103,149,70,132
630,29086991,91,186,118,154
638,29086944,85,154,109,161
626,29086889,90,165,71,130
618,29086796,84,147,92,129
654,29086786,86,131,91,134
624,29086779,87,139,104,170
629,29086778,83,173,73,148
637,29086731,93,148,65,175
665,29086721,115,127,75,140
670,29086717,122,144,109,135
647,29086638,77,168,86,189
653,29086511,113,123,109,132
655,29086428,98,116,84,136
633,29086333,76,170,85,138
626,29086236,87,132,113,155
634,29086189,87,121,107,159
632,29086171,83,127,117,153
674,29086066,119,126,110,159
654,29086034,108,145,94,129
662,29085871,111,117,106,142
612,29085852,75,108,106,155
655,29085818,110,166,83,126
607,29085802,74,178,82,111
660,29085788,102,161,73,138
635,29085712,82,145,101,168
642,29085678,88,173,118,163
622,29085530,86,169,95,119
630,29085483,86,151,96,145
636,29085466,93,132,99,182
641,29085465,77,167,71,174
674,29085451,106,175,113,135
627,29085388,79,123,83,165
670,29085387,124,120,114,157
658,29085332,119,121,74,137
649,29085255,101,130,133,124
657,29085245,124,132,109,131
659,29085162,110,127,81,139
637,29085067,79,169,80,147
629,29085014,78,145,104,135
635,29084997,92,130,94,186
652,29084969,101,152,99,125
657,29084938,107,144,85,129
638,29084923,87,141,108,173
618,29084775,86,139,96,128
622,29084643,92,126,107,169
638,29084616,81,148,79,179
666,29084605,116,136,90,138
616,29084586,85,133,95,156
687,29084586,122,156,86,173
656,29084564,122,114,131,147
624,29084539,73,112,100,163
635,29084328,88,102,125,128
656,29084312,132,115,93,138
633,29084311,80,126,83,152
626,29084264,93,165,103,141
632,29084225,82,139,115,150
634,29084217,87,173,89,148
662,29084066,107,137,73,130
629,29083823,74,121,68,167
627,29083813,91,155,95,149
642,29083731,93,145,132,152
656,29083703,99,171,102,126
661,29083672,123,153,80,127
681,29083642,112,125,100,197
614,29083493,93,130,113,128
619,29083490,92,143,84,158
642,29083350,88,176,83,167
628,29083273,81,119,99,174
659,29083216,97,123,77,131
655,29083109,112,138,128,129
660,29083046,115,133,90,135
638,29082951,92,157,95,151
628,29082910,91,170,128,145
658,29082823,105,154,99,128
657,29082751,99,168,60,130
666,29082660,113,123,97,136
628,29082658,86,159,91,134
636,29082652,88,158,82,142
631,29082547,89,165,89,156
639,29082500,92,150,104,179
646,29082465,88,173,128,161
638,29082428,91,159,59,186
650,29082308,102,134,80,126
623,29082220,78,154,93,166
634,29082196,75,140,98,152
631,29082177,93,135,83,178
629,29081974,76,170,71,168
663,29081950,122,137,82,130
618,29081920,92,174,81,129
633,29081803,89,146,100,152
630,29081708,81,127,80,169
632,29081644,80,158,131,158
620,29081626,84,152,106,148
640,29081597,80,154,129,173
662,29081557,122,157,102,128
647,29081458,107,113,97,121
620,29081449,84,144,120,128
626,29081431,91,135,107,166
670,29081394,142,135,98,147
620,29081375,73,142,101,158
628,29081328,90,124,93,169
643,29081234,84,174,91,178
655,29081164,103,119,131,130
626,29081124,79,151,75,169
660,29081101,130,123,105,130
615,29081070,92,155,104,127
659,29081029,110,127,61,132
635,29080907,76,144,91,184
627,29080859,79,116,105,176
634,29080823,87,130,128,160
656,29080687,102,144,113,132
641,29080661,92,174,72,180
637,29080537,89,178,102,148
637,29080364,89,150,109,178
644,29080331,85,163,128,162
651,29080192,111,132,101,114
624,29080183,87,166,114,134
642,29080181,104,122,65,118
632,29080136,74,146,123,142
638,29080118,74,137,108,187
632,29080062,82,140,89,170
659,29079898,100,133,129,138
630,29079858,79,170,83,165
664,29079835,98,140,99,134
638,29079811,93,147,83,180
619,29079804,75,170,91,114
654,29079714,95,152,55,133
637,29079649,90,140,112,188
631,29079593,87,131,106,181
620,29079427,89,131,117,132
668,29079258,121,121,125,142
618,29079239,76,123,116,153
654,29079096,112,141,79,115
617,29079025,92,133,66,155
627,29079009,77,145,91,167
658,29078965,98,114,108,136
628,29078917,87,176,119,138
636,29078870,78,162,113,149
642,29078728,121,128,107,111
635,29078657,91,154,74,161
642,29078545,93,169,85,186
629,29078466,86,151,111,157
610,29078340,89,169,119,111
615,29078337,93,162,79,138
632,29078114,84,122,121,169
643,29078066,118,131,81,122
630,29077926,89,125,108,164
624,29077854,79,193,81,130
638,29077790,90,137,80,193
631,29077743,89,183,106,164
662,29077699,96,130,111,133
639,29077696,92,156,93,174
611,29077678,73,164,83,124
640,29077604,77,167,109,151
660,29077475,116,152,116,138
639,29077391,87,160,74,156
654,29077357,92,130,135,135
668,29077312,145,124,115,142
630,29077311,85,179,107,136
618,29077293,92,123,117,158
640,29077216,105,113,106,121
633,29077200,87,168,107,153
641,29077153,80,146,108,175
655,29076981,130,143,97,125
646,29076970,111,143,74,121
657,29076957,106,136,69,152
636,29076848,92,142,108,156
625,29076569,92,173,69,157
636,29076541,89,149,83,153
633,29076522,89,158,73,172
635,29076455,90,149,114,161
643,29076430,90,166,101,172
616,29076221,90,152,99,131
664,29076209,107,165,111,132
648,29076090,107,121,73,131
662,29076061,113,117,85,155
622,29076027,93,127,107,152
644,29075950,111,128,90,125
649,29075920,99,123,85,133
645,29075887,91,168,108,175
662,29075753,127,123,107,131
625,29075739,80,167,97,134
622,29075720,90,150,79,153
639,29075674,82,143,96,189
612,29075562,75,172,106,123
631,29075503,89,146,86,175
663,29075276,110,155,87,133
640,29075275,91,146,77,142
637,29075256,93,174,70,181
639,29075189,88,157,108,155
646,29075070,97,113,99,131
669,29075030,116,157,71,131
647,29074854,113,142,75,126
653,29074845,105,140,114,129
626,29074835,82,181,132,131
652,29074824,108,137,69,139
619,29074795,93,127,90,153
666,29074795,133,114,85,161
634,29074714,90,131,108,175
614,29074566,81,138,103,132
666,29074487,95,141,113,133
621,29074457,90,171,118,120
626,29074454,89,159,78,153
637,29074426,88,148,87,153
634,29074407,88,152,78,176
633,29074245,76,140,112,172
666,29074180,115,145,80,138
636,29074108,99,135,57,126
644,29074005,110,121,97,120
670,29073910,125,142,131,144
650,29073804,100,130,93,134
622,29073699,73,140,82,156
629,29073661,93,144,112,170
660,29073617,106,117,136,132
623,29073605,76,156,89,149
670,29073529,113,130,82,166
638,29073522,79,164,130,148
626,29073253,79,141,93,144
641,29073160,85,176,99,160
638,29073141,88,174,84,161
670,29072914,123,167,79,134
619,29072849,88,120,91,157
625,29072784,85,130,98,153
648,29072739,128,136,93,122
653,29072708,104,126,83,131
667,29072680,117,136,92,159
632,29072578,75,137,130,168
623,29072554,110,124,111,97
673,29072433,125,135,74,173
633,29072395,82,180,112,163
634,29072386,90,126,80,169
664,29072351,106,125,130,138
641,29072348,92,144,111,181
627,29072339,76,178,100,158
634,29072333,117,129,90,101
635,29072292,90,148,99,172
642,29072256,81,160,135,147
662,29072128,103,150,133,131
618,29072106,90,129,81,163
667,29072065,97,150,97,133
632,29071963,79,172,131,139
642,29071869,135,115,117,126
650,29071859,101,111,95,129
623,29071583,92,131,86,152
631,29071536,88,118,101,182
629,29071518,78,132,91,152
638,29071501,84,136,138,161
671,29071414,136,137,105,169
645,29071082,89,162,107,179
639,29071026,83,157,96,174
610,29070956,87,132,85,125
618,29070874,87,167,114,139
666,29070862,113,160,136,129
625,29070839,85,116,86,150
671,29070799,108,173,88,141
624,29070680,92,136,129,155
646,29070603,115,134,123,118
654,29070593,100,130,95,130
627,29070391,82,168,117,133
635,29070270,90,138,97,162
614,29070215,82,173,107,126
633,29070156,93,149,119,162
641,29070020,86,144,80,205
619,29069990,87,133,99,164
665,29069929,104,145,118,138
641,29069842,88,153,135,143
619,29069761,93,175,71,133
629,29069573,88,133,96,145
671,29069468,97,122,99,164
621,29069447,86,125,110,158
636,29069367,93,136,129,166
632,29069228,84,120,70,183
658,29069211,136,152,98,123
668,29069140,128,134,130,133
631,29069125,88,178,118,139
638,29069122,118,143,88,104
623,29069109,85,166,130,128
639,29069078,83,146,110,159
696,29068894,121,153,103,195
622,29068894,77,139,79,170
663,29068836,117,131,74,135
645,29068754,82,170,79,174
631,29068677,76,129,93,186
646,29068657,128,123,109,116
657,29068645,119,132,107,147
604,29068469,75,123,90,140
652,29068457,105,131,108,135
625,29068257,87,160,114,138
632,29068252,97,115,110,103
675,29068202,108,126,87,162
647,29068180,103,156,93,112
660,29067987,107,116,77,140
642,29067904,91,144,105,189
633,29067827,92,148,78,164
643,29067812,91,158,109,150
620,29067646,78,175,85,131
634,29067581,77,136,85,184
625,29067504,84,131,72,169
627,29067437,76,128,120,141
650,29067391,111,130,108,126
669,29067332,125,130,114,163
657,29067277,99,140,72,133
635,29067182,90,161,70,151
633,29067112,87,129,84,184
655,29067054,111,146,69,130
629,29066991,93,192,109,152
636,29066986,107,132,122,100
637,29066944,81,147,111,169
623,29066779,78,143,101,170
631,29066732,93,122,93,175
636,29066731,93,152,74,165
664,29066721,104,134,85,143
617,29066720,88,136,99,140
669,29066717,123,145,119,131
609,29066704,83,124,113,129
614,29066701,74,127,85,157
646,29066638,86,174,96,197
652,29066511,95,117,112,128
619,29066429,90,168,103,138
654,29066428,115,112,85,138
632,29066333,93,156,83,139
625,29066236,81,136,109,152
633,29066189,74,124,113,173
631,29066171,85,124,107,151
673,29066066,116,141,112,167
653,29066034,109,149,98,128
625,29065929,89,145,75,158
654,29065818,103,193,82,119
659,29065788,105,177,74,131
634,29065712,81,147,91,165
641,29065678,78,175,111,162
621,29065530,93,173,104,134
620,29065526,91,171,129,139
635,29065466,73,137,95,180
640,29065465,91,174,71,173
673,29065451,118,148,115,144
656,29065245,95,127,108,149
658,29065162,116,128,79,133
636,29065067,87,162,84,159
634,29064997,85,130,93,188
651,29064969,140,161,106,123
656,29064938,96,144,82,134
637,29064923,82,138,108,171
670,29064910,116,153,99,154
634,29064768,84,169,72,151
629,29064663,81,167,84,158
637,29064616,92,149,85,172
665,29064605,111,131,86,144
615,29064586,92,122,104,152
686,29064586,117,169,89,171
623,29064539,80,110,103,170
648,29064423,97,130,72,128
650,29064375,102,115,128,130
655,29064312,100,108,99,135
632,29064311,87,133,85,157
625,29064264,85,157,99,139
654,29064240,97,134,62,137
631,29064225,92,130,108,149
633,29064217,84,162,98,144
673,29064121,104,130,108,154
661,29064066,105,128,73,143
616,29064035,78,151,70,122
652,29064017,120,153,62,128
647,29063970,82,106,113,131
628,29063823,92,142,71,170
626,29063813,93,163,91,156
640,29063774,113,142,122,104
641,29063731,92,144,138,142
655,29063703,105,176,102,123
660,29063672,102,163,77,130
645,29063574,112,116,82,122
621,29063509,89,131,93,141
613,29063493,86,139,107,125
618,29063490,84,141,85,154
641,29063350,89,173,80,165
633,29063330,93,129,108,186
686,29063278,121,128,89,195
627,29063273,82,130,105,160
658,29063216,95,122,80,131
606,29063121,85,129,118,140
654,29063109,96,127,132,133
659,29063046,126,133,91,132
637,29062951,86,178,89,156
657,29062823,113,152,103,133
656,29062751,97,168,62,134
627,29062658,73,181,97,144
635,29062652,84,175,79,135
615,29062639,91,131,110,134
630,29062547,76,180,99,157
638,29062500,93,146,99,173
645,29062465,92,158,128,153
637,29062428,91,165,61,189
649,29062308,134,128,77,120
633,29062196,85,141,97,153
630,29062177,83,142,77,182
628,29061974,91,173,68,167
662,29061950,108,135,85,135
636,29061927,79,151,74,180
617,29061920,80,182,84,128
632,29061803,84,160,92,154
629,29061708,88,132,75,173
631,29061644,86,158,140,158
619,29061626,92,181,91,148
639,29061597,90,179,128,162
661,29061557,102,148,95,129
646,29061458,107,109,89,126
619,29061449,92,156,114,128
669,29061394,116,129,97,140
645,29061386,106,118,62,123
619,29061375,83,142,106,152
619,29061373,85,132,111,141
648,29061291,90,179,113,187
642,29061234,85,175,103,173
659,29061101,126,122,88,133
614,29061070,90,154,95,124
626,29060859,76,116,88,173
655,29060687,116,145,113,143
640,29060661,81,161,70,192
636,29060537,93,177,93,142
663,29060524,100,115,119,144
636,29060364,81,147,108,181
643,29060331,84,158,130,164
650,29060192,117,141,101,126
623,29060183,91,167,109,133
631,29060136,73,160,122,146
637,29060118,89,136,107,187
631,29060062,77,133,95,163
636,29059905,82,140,73,175
658,29059898,122,133,129,128
629,29059858,89,157,83,169
663,29059835,124,135,93,137
618,29059804,79,180,92,129
653,29059621,133,144,111,124
630,29059593,75,134,86,172
638,29059332,105,112,82,126
667,29059258,112,129,108,147
617,29059239,91,128,111,153
625,29059192,82,114,122,164
626,29059009,93,163,98,170
657,29058965,105,109,118,145
633,29058878,93,130,129,145
635,29058870,84,171,112,143
625,29058577,82,164,123,141
641,29058545,92,158,84,179
628,29058466,88,153,109,146
657,29058355,127,166,107,123
622,29058253,79,120,96,165
650,29058247,110,118,92,127
623,29058161,87,139,122,140
642,29058066,116,142,78,123
688,29057930,112,142,96,198
629,29057926,91,139,117,166
623,29057854,91,147,84,137
637,29057790,91,130,78,178
630,29057743,82,182,100,168
661,29057699,105,130,114,132
638,29057696,81,151,93,176
639,29057604,91,152,108,145
611,29057487,84,145,95,137
659,29057475,103,145,117,133
638,29057391,88,174,74,152
629,29057311,90,166,113,135
639,29057216,120,112,99,111
640,29057153,80,157,107,161
638,29057144,113,126,63,115
654,29056981,120,132,87,124
645,29056970,105,127,70,121
664,29056910,139,117,73,164
635,29056848,91,137,123,152
624,29056569,85,167,74,156
635,29056541,87,159,78,158
634,29056455,92,144,116,147
642,29056430,87,159,101,180
615,29056221,93,181,98,140
663,29056209,116,160,112,133
648,29056111,111,107,108,129
621,29056027,92,128,112,157
629,29055980,91,120,120,167
643,29055950,107,127,101,126
648,29055920,100,121,80,129
644,29055887,91,168,107,168
661,29055753,125,122,124,130
624,29055739,85,184,100,119
621,29055720,78,150,77,157
611,29055562,77,156,102,123
628,29055511,86,112,107,171
630,29055503,80,150,100,169
624,29055369,78,143,76,143
662,29055276,107,145,96,136
639,29055275,80,153,79,155
636,29055256,87,169,70,179
638,29055189,91,168,115,145
645,29055070,104,110,100,131
668,29055030,115,157,72,143
646,29054854,129,133,76,124
652,29054845,107,125,117,125
625,29054835,83,172,131,132
651,29054824,94,139,73,136
665,29054795,120,116,85,168
618,29054795,93,129,106,155
633,29054714,88,137,109,164
632,29054501,75,137,72,167
665,29054487,127,134,114,140
628,29054473,92,170,102,139
620,29054457,88,178,110,118
625,29054454,77,169,82,148
636,29054426,87,150,106,159
633,29054407,86,150,81,162
632,29054245,92,134,112,179
665,29054180,97,145,82,130
621,29054080,86,143,144,130
643,29054005,127,123,94,126
654,29053993,133,131,99,142
662,29053946,95,113,89,154
669,29053910,117,135,131,148
649,29053804,96,126,101,132
621,29053699,93,140,76,158
628,29053661,86,145,108,162
629,29053652,76,117,84,180
627,29053634,88,129,83,162
622,29053605,85,152,99,156
669,29053529,119,129,84,168
637,29053522,86,179,133,144
661,29053259,96,149,62,130
625,29053253,73,134,88,148
640,29053160,83,162,92,160
637,29053141,77,183,76,162
669,29052914,110,172,79,137
652,29052899,121,123,107,127
647,29052739,97,140,102,124
658,29052727,107,132,103,145
652,29052708,102,137,83,129
666,29052680,123,128,102,164
632,29052395,93,164,111,170
633,29052386,86,142,82,166
663,29052351,125,126,128,142
640,29052348,93,147,120,172
626,29052339,84,179,89,158
633,29052333,112,138,94,101
634,29052292,93,149,104,174
641,29052256,77,153,133,165
633,29052220,76,163,63,161
661,29052128,115,149,132,128
617,29052106,88,126,83,170
666,29052065,120,152,97,138
631,29051963,84,173,132,136
641,29051869,97,114,110,116
649,29051859,110,119,98,132
656,29051633,122,142,108,127
622,29051583,91,127,100,152
630,29051536,86,121,98,183
628,29051518,91,135,97,158
637,29051501,93,141,129,156
609,29051481,77,150,116,120
670,29051414,115,130,99,161
615,29051164,91,141,115,141
637,29051116,91,145,95,194
644,29051082,82,166,113,186
638,29051026,87,181,92,169
617,29050874,83,177,109,134
665,29050862,116,170,133,129
670,29050799,122,157,104,130
666,29050734,118,123,95,156
645,29050603,101,136,119,124
653,29050593,116,143,105,133
646,29050539,88,166,129,173
663,29050406,109,124,133,139
626,29050391,93,159,114,140
618,29050375,81,158,133,125
645,29050296,130,150,82,122
634,29050270,90,138,98,178
613,29050215,80,156,110,116
618,29049990,77,123,101,168
640,29049842,77,166,128,140
618,29049761,88,176,68,121
628,29049573,82,137,105,155
670,29049468,122,119,91,170
620,29049447,82,135,107,158
615,29049219,74,141,110,134
657,29049211,131,153,97,126
667,29049140,102,133,132,138
630,29049125,89,172,112,135
637,29049122,122,132,106,100
622,29049109,86,174,132,129
638,29049078,89,154,114,150
677,29049063,99,147,94,171
677,29048989,111,130,104,196
695,29048894,119,170,105,196
610,29048840,88,129,92,127
644,29048754,92,165,78,183
630,29048677,91,129,104,181
645,29048657,125,120,127,114
651,29048457,102,128,118,132
630,29048448,81,175,67,139
624,29048257,88,146,111,155
674,29048202,131,140,95,162
646,29048180,105,144,93,123
651,29048150,100,145,85,127
651,29048034,102,122,75,129
659,29047987,98,115,80,161
627,29047906,81,134,117,143
641,29047904,73,150,102,178
642,29047812,84,161,117,161
619,29047646,88,169,80,133
633,29047581,81,143,82,176
633,29047456,116,117,75,111
626,29047437,86,134,110,147
649,29047391,98,140,126,124
668,29047332,111,112,116,170
656,29047277,102,132,74,139
649,29047084,111,150,83,122
628,29046991,83,159,119,153
636,29046944,75,149,120,167
616,29046796,80,144,99,131
622,29046779,92,131,95,168
627,29046778,84,180,71,158
663,29046721,106,123,83,139
668,29046717,107,148,114,131
613,29046701,89,122,83,157
645,29046638,88,157,100,183
651,29046511,109,123,121,129
653,29046428,99,113,83,137
631,29046333,87,183,84,147
624,29046236,86,140,112,155
632,29046189,86,123,107,174
630,29046171,82,136,127,152
672,29046066,131,135,124,160
652,29046034,100,144,102,134
660,29045871,114,113,104,140
653,29045818,124,170,82,122
658,29045788,99,167,72,137
678,29045757,94,132,78,199
633,29045712,88,144,102,166
640,29045678,86,161,112,168
620,29045530,81,175,91,134
628,29045483,87,154,98,158
634,29045466,76,126,86,177
639,29045465,86,164,72,170
672,29045451,106,165,122,130
684,29045393,95,127,84,196
625,29045388,80,125,82,168
656,29045332,96,124,69,152
647,29045255,110,130,130,126
655,29045245,108,141,108,135
657,29045162,114,129,77,130
635,29045067,91,160,79,147
633,29044997,87,121,101,184
650,29044969,113,154,99,119
655,29044938,107,151,80,140
636,29044923,87,131,112,168
616,29044775,87,127,103,132
663,29044775,104,123,84,144
633,29044768,74,158,67,139
620,29044643,86,134,108,165
636,29044616,85,153,84,169
664,29044605,115,134,94,149
614,29044586,88,120,93,148
688,29044509,117,130,107,179
647,29044423,112,127,73,115
649,29044375,114,117,133,129
654,29044312,108,114,94,132
631,29044311,82,137,83,160
624,29044264,86,185,93,141
653,29044240,99,130,62,139
630,29044225,77,140,107,140
632,29044217,86,170,102,151
660,29044066,111,135,69,133
611,29044066,79,167,117,115
617,29043871,88,137,143,125
625,29043813,84,148,100,156
640,29043731,92,149,137,152
654,29043703,119,173,91,124
659,29043672,116,177,78,131
679,29043642,108,128,87,201
644,29043574,108,114,84,123
667,29043509,102,138,78,144
620,29043509,89,138,96,129
612,29043493,78,132,118,124
617,29043490,83,140,77,158
640,29043350,84,164,78,169
632,29043330,88,123,111,181
647,29043310,115,117,129,122
626,29043273,74,134,102,180
657,29043216,98,122,81,133
653,29043109,97,126,137,131
658,29043046,110,129,87,133
636,29042951,93,167,88,158
692,29042936,125,157,85,181
614,29042892,93,154,94,151
648,29042833,134,153,117,119
656,29042823,99,144,103,137
664,29042660,116,124,88,156
626,29042658,76,158,89,149
634,29042652,91,158,84,148
643,29042557,77,149,108,182
629,29042547,85,177,87,150
637,29042500,93,147,95,187
644,29042465,87,182,131,144
648,29042308,110,128,77,124
632,29042196,74,141,92,147
629,29042177,88,139,81,162
651,29042044,114,132,130,120
627,29041974,86,163,71,162
661,29041950,94,129,80,131
616,29041920,84,175,77,126
631,29041803,91,144,106,162
628,29041708,90,128,78,166
630,29041644,93,161,128,153
660,29041557,103,157,88,128
645,29041458,97,116,95,128
618,29041449,85,151,112,132
624,29041431,90,134,108,169
668,29041394,147,138,106,136
618,29041375,88,139,105,150
618,29041373,82,124,107,129
626,29041328,74,116,95,165
682,29041312,99,123,84,195
641,29041234,88,171,103,169
651,29041212,124,134,71,115
658,29041101,105,121,105,136
642,29040864,119,128,98,107
625,29040859,90,116,99,165
654,29040687,100,145,123,137
639,29040661,90,169,74,192
635,29040537,84,166,86,143
662,29040524,107,112,122,138
635,29040364,86,151,109,178
648,29040362,139,118,84,123
642,29040331,85,176,129,165
649,29040192,109,128,104,123
622,29040183,91,158,107,132
630,29040136,86,152,112,143
636,29040118,81,129,110,191
674,29040104,119,177,132,133
626,29040086,78,100,120,120
630,29040062,75,143,88,175
609,29039910,73,129,113,138
657,29039898,104,138,130,129
628,29039858,79,194,76,170
662,29039835,98,142,98,138
636,29039811,88,155,81,188
617,29039804,75,151,105,129
629,29039667,78,145,111,146
652,29039621,113,165,110,122
629,29039593,78,125,96,188
659,29039507,105,150,71,132
637,29039332,103,116,79,120
666,29039258,109,126,110,140
616,29039239,84,132,114,156
652,29039096,122,137,82,125
625,29039009,79,148,96,160
656,29038965,123,115,117,133
634,29038870,73,173,108,146
674,29038773,112,124,129,161
640,29038545,86,174,85,174
656,29038355,122,165,107,120
649,29038247,95,116,89,126
641,29038066,108,128,85,121
687,29037930,118,140,101,197
628,29037926,74,140,115,176
669,29037855,118,152,74,157
622,29037854,89,171,81,128
619,29037835,87,146,69,158
629,29037743,81,155,97,162
616,29037731,82,114,102,138
660,29037699,97,129,107,143
637,29037696,92,157,106,171
631,29037637,92,146,106,167
638,29037604,78,170,115,151
658,29037475,96,152,123,129
637,29037391,87,164,70,161
628,29037311,84,168,120,139
638,29037216,96,117,104,119
631,29037200,92,182,116,158
639,29037153,88,148,116,160
653,29036981,110,141,99,126
644,29036970,119,128,73,117
634,29036848,90,143,110,155
667,29036835,125,149,98,136
623,29036569,75,161,73,154
634,29036541,87,144,79,152
633,29036455,91,152,121,165
641,29036430,74,187,95,178
663,29036296,117,155,68,144
614,29036221,88,186,101,135
662,29036209,102,173,111,128
647,29036111,125,114,107,123
670,29036046,124,135,113,143
620,29036027,87,141,107,156
628,29035980,86,122,114,164
642,29035950,122,132,105,123
647,29035920,100,129,75,128
643,29035887,73,161,107,168
660,29035753,128,123,116,131
623,29035739,85,172,90,132
620,29035720,91,158,85,141
637,29035674,81,138,98,182
667,29035644,127,124,69,161
610,29035562,83,169,94,122
644,29035516,122,140,116,106
627,29035511,79,109,110,182
661,29035276,102,145,101,135
638,29035275,92,167,84,149
635,29035256,82,171,71,170
637,29035189,85,163,117,143
667,29035030,117,156,71,131
645,29034854,99,139,82,122
651,29034845,105,142,109,129
624,29034835,86,152,138,132
617,29034795,90,141,86,156
664,29034795,133,117,85,165
632,29034714,84,139,110,177
612,29034566,84,136,91,134
664,29034487,103,135,113,134
627,29034473,86,155,106,141
619,29034457,93,178,115,125
624,29034454,92,179,80,157
635,29034426,74,153,95,159
632,29034407,80,147,75,162
654,29034274,109,148,128,125
631,29034245,85,128,113,163
664,29034180,99,156,78,139
642,29034005,104,121,87,122
653,29033993,119,115,96,155
661,29033946,95,115,104,152
648,29033804,108,140,88,138
627,29033661,83,156,107,165
626,29033634,78,125,83,155
658,29033617,97,114,129,130
621,29033605,88,150,89,153
668,29033529,120,123,76,168
636,29033522,88,152,131,140
639,29033160,86,181,90,160
636,29033141,86,164,78,170
668,29032914,97,172,79,141
651,29032899,135,123,119,129
623,29032784,81,120,96,160
646,29032739,104,138,93,124
657,29032727,137,133,102,153
651,29032708,114,134,85,132
665,29032680,113,119,98,155
689,29032583,96,128,110,195
631,29032395,93,198,109,166
632,29032386,91,129,84,182
662,29032351,109,127,129,141
639,29032348,83,151,109,174
625,29032339,89,162,94,158
632,29032333,98,122,93,103
633,29032292,84,158,86,167
658,29032176,115,170,68,122
660,29032128,117,169,134,129
665,29032065,102,152,94,136
630,29031963,88,169,141,142
640,29031869,132,115,120,125
648,29031859,103,123,95,132
621,29031657,85,158,125,122
655,29031633,117,131,111,125
621,29031583,85,137,94,155
629,29031536,79,124,101,165
627,29031518,84,131,87,163
619,29031469,87,145,118,156
669,29031414,114,133,104,168
643,29031082,86,183,107,172
637,29031026,83,164,86,160
616,29030874,82,175,121,132
664,29030862,115,150,133,133
623,29030839,83,119,102,148
669,29030799,114,163,103,141
628,29030793,85,129,79,181
644,29030603,110,120,110,123
652,29030593,94,134,97,129
662,29030406,102,124,136,137
625,29030391,88,167,116,130
644,29030296,100,145,75,123
633,29030270,89,132,94,167
612,29030215,77,175,115,119
631,29030156,86,145,115,175
617,29029990,81,122,105,170
663,29029929,109,144,115,133
639,29029842,87,175,131,146
646,29029723,109,111,114,131
627,29029573,89,141,89,160
653,29029497,130,135,128,128
669,29029468,107,124,102,163
619,29029447,84,122,113,155
656,29029211,133,158,90,115
666,29029140,116,134,128,138
636,29029122,96,133,96,104
621,29029109,82,165,131,126
637,29029078,89,152,122,155
694,29028894,124,179,106,196
643,29028754,87,171,83,179
629,29028677,84,135,96,179
644,29028657,114,123,112,126
651,29028543,101,116,73,136
650,29028457,98,126,116,132
634,29028409,93,103,88,129
623,29028257,73,144,119,150
673,29028202,108,130,104,166
645,29028180,106,145,87,125
658,29027987,113,109,78,142
651,29027934,111,156,69,115
640,29027904,88,146,90,184
641,29027812,90,161,122,154
613,29027695,75,144,101,139
618,29027646,83,164,77,131
648,29027391,133,136,108,117
667,29027332,102,137,116,153
655,29027277,106,133,66,148
631,29027112,83,131,78,178
648,29027084,107,166,85,112
627,29026991,73,170,123,149
634,29026986,111,125,107,105
635,29026944,77,147,110,159
621,29026779,81,140,92,170
626,29026778,88,167,73,152
662,29026721,129,134,77,151
615,29026720,82,131,94,126
667,29026717,117,150,124,133
644,29026638,86,181,96,180
650,29026511,102,120,110,139
652,29026428,119,115,85,140
630,29026333,85,163,79,139
623,29026236,77,133,115,158
631,29026189,89,123,113,176
629,29026171,91,129,113,155
652,29026102,106,182,56,124
671,29026066,137,131,116,168
651,29026034,97,144,98,129
623,29025929,78,148,75,158
651,29025918,116,141,95,131
659,29025871,97,113,105,151
652,29025818,104,155,85,123
657,29025788,115,170,70,131
632,29025712,87,145,94,181
642,29025689,113,104,66,128
639,29025678,76,172,107,167
619,29025530,87,183,90,130
633,29025466,88,139,87,178
638,29025465,85,166,74,170
671,29025451,113,176,107,134
655,29025332,98,118,70,131
646,29025255,104,131,129,124
654,29025245,128,135,108,130
656,29025162,97,136,77,149
634,29025067,78,166,80,154
632,29024997,89,132,102,185
649,29024969,104,147,98,122
654,29024938,120,149,84,135
635,29024923,78,137,112,172
624,29024774,86,155,81,144
627,29024663,79,180,82,158
635,29024616,75,144,84,172
663,29024605,123,119,96,139
613,29024586,84,122,95,156
665,29024581,114,149,130,133
646,29024423,109,129,73,125
648,29024375,101,117,128,128
632,29024328,90,101,113,125
653,29024312,108,107,104,146
630,29024311,87,142,84,171
623,29024264,91,169,100,141
629,29024225,81,133,111,152
631,29024217,88,162,100,150
671,29024121,133,119,109,163
637,29024075,132,127,101,105
659,29024066,113,143,73,138
624,29023813,92,147,86,155
653,29023703,100,168,100,124
658,29023672,106,178,84,127
678,29023642,104,138,105,195
643,29023574,119,110,85,124
619,29023509,83,130,92,139
666,29023509,123,130,77,139
639,29023350,90,162,82,169
631,29023330,93,134,110,175
625,29023273,90,128,93,175
656,29023216,98,124,84,141
652,29023109,116,131,131,127
657,29023046,118,130,106,138
640,29022979,105,131,78,111
635,29022951,88,169,97,152
625,29022910,86,147,135,150
655,29022823,112,154,92,131
663,29022660,142,116,97,142
625,29022658,84,164,102,143
633,29022652,82,176,77,146
628,29022547,92,177,90,156
636,29022500,85,156,88,168
643,29022465,80,173,128,171
635,29022428,90,158,61,168
647,29022308,114,139,79,126
631,29022196,88,140,103,157
628,29022177,80,133,77,175
637,29022130,113,124,88,111
650,29022044,135,131,136,123
626,29021974,87,174,73,167
660,29021950,109,136,85,133
615,29021920,77,168,78,123
630,29021803,88,148,91,145
627,29021708,86,137,76,167
672,29021698,137,152,100,163
629,29021644,89,183,130,150
617,29021626,85,167,88,151
637,29021597,79,148,128,164
659,29021557,98,162,101,134
644,29021458,107,116,86,129
623,29021431,82,142,110,169
667,29021394,126,133,97,144
617,29021375,87,128,94,158
617,29021373,87,123,113,141
669,29021370,118,150,130,130
640,29021234,89,160,100,177
650,29021212,124,131,74,125
652,29021164,101,115,129,134
657,29021101,102,124,99,135
656,29021029,123,135,59,140
638,29020661,88,167,70,182
653,29020571,101,126,109,133
634,29020537,83,173,91,144
661,29020524,110,116,115,142
676,29020432,118,172,100,161
634,29020364,84,144,116,167
641,29020331,86,182,131,160
648,29020192,136,143,86,126
621,29020183,91,177,121,133
639,29020181,111,132,74,126
635,29020118,77,133,108,175
673,29020104,97,178,128,143
629,29020062,76,135,86,162
656,29019898,96,143,130,143
627,29019858,73,175,84,170
661,29019835,116,138,103,131
635,29019811,91,145,85,182
616,29019804,78,181,95,125
651,29019621,111,146,109,122
628,29019593,82,121,86,179
636,29019332,99,112,75,126
665,29019258,124,127,120,160
615,29019239,88,132,107,158
617,29019120,84,144,75,134
651,29019096,123,132,84,129
655,29018965,94,115,109,134
625,29018917,90,170,107,140
631,29018878,74,141,132,135
633,29018870,92,148,118,157
639,29018728,133,134,112,107
639,29018545,83,166,83,185
626,29018466,91,146,112,152
655,29018355,114,160,120,115
607,29018340,82,174,119,108
648,29018247,120,124,101,129
640,29018066,107,143,83,126
686,29017930,111,129,93,199
627,29017926,80,123,109,169
618,29017835,80,148,74,156
628,29017743,85,170,97,170
659,29017699,131,124,110,132
636,29017696,87,151,106,181
637,29017604,75,170,115,142
657,29017475,125,162,125,128
659,29017392,110,149,82,152
636,29017391,93,161,73,166
627,29017311,85,191,120,130
637,29017216,128,115,95,119
630,29017200,90,163,111,155
638,29017153,93,153,108,170
618,29017005,78,153,96,132
624,29016987,88,134,97,168
652,29016981,115,142,92,127
633,29016848,74,129,113,160
672,29016833,97,131,93,172
622,29016569,77,171,73,155
632,29016455,90,144,113,157
640,29016430,85,173,91,195
662,29016296,103,146,69,131
613,29016221,91,170,104,131
661,29016209,107,179,109,129
640,29016120,100,123,82,125
651,29016108,117,114,75,153
669,29016046,124,134,118,140
619,29016027,88,128,108,157
641,29015950,117,133,104,119
646,29015920,118,121,85,127
642,29015887,89,161,112,174
659,29015753,108,120,108,135
622,29015739,84,157,90,118
614,29015723,88,145,119,124
619,29015720,78,148,81,155
636,29015674,89,133,88,180
666,29015644,127,125,71,159
609,29015562,80,170,99,124
626,29015511,78,114,107,174
694,29015473,123,180,122,179
660,29015276,104,146,103,135
637,29015275,87,163,81,164
634,29015256,92,160,64,160
636,29015189,92,167,121,164
666,29015030,117,180,74,141
644,29014854,107,142,75,116
650,29014845,115,125,121,129
623,29014835,87,166,133,133
616,29014795,81,132,100,155
663,29014795,123,114,76,159
645,29014738,101,158,120,107
631,29014714,82,138,123,174
611,29014566,81,141,92,132
663,29014487,105,129,123,132
626,29014473,90,164,98,136
618,29014457,76,165,108,128
623,29014454,77,166,80,153
634,29014426,78,155,92,166
631,29014407,82,152,84,169
630,29014245,87,135,115,172
663,29014180,121,150,82,146
641,29014005,111,122,88,113
652,29013993,110,117,100,157
646,29013974,98,118,79,131
660,29013946,109,108,105,156
647,29013804,97,136,102,130
619,29013699,89,135,84,151
644,29013651,88,103,109,151
670,29013624,133,145,104,136
620,29013605,89,152,100,154
667,29013529,109,118,80,160
635,29013522,89,169,135,141
623,29013253,77,119,98,148
638,29013160,84,162,94,154
635,29013141,88,166,78,166
667,29012914,108,171,85,143
645,29012739,96,137,87,123
656,29012727,109,136,86,157
650,29012708,103,134,85,131
664,29012680,125,117,104,170
651,29012422,108,146,101,127
630,29012395,87,168,113,170
631,29012386,93,127,75,176
661,29012351,116,140,136,137
638,29012348,90,148,107,171
624,29012339,93,155,95,156
631,29012333,102,126,100,108
632,29012292,86,145,90,171
639,29012256,79,170,128,146
659,29012128,122,144,129,129
664,29012065,118,147,105,142
629,29011963,81,185,131,137
639,29011869,110,115,111,117
654,29011633,117,133,109,128
667,29011584,97,136,85,154
620,29011583,81,135,91,158
628,29011536,92,124,97,168
626,29011518,86,141,87,156
635,29011501,78,140,133,146
618,29011469,83,146,114,148
668,29011414,108,125,105,165
634,29011237,100,128,77,108
642,29011082,91,150,107,180
636,29011026,86,163,95,164
615,29010874,85,171,115,134
641,29010869,86,169,71,185
663,29010862,102,171,138,129
668,29010799,123,154,103,131
664,29010734,112,124,104,154
671,29010699,103,136,130,145
643,29010603,97,121,108,125
651,29010593,105,140,105,133
624,29010391,92,175,112,133
671,29010318,107,138,83,162
643,29010296,125,149,82,118
632,29010270,84,134,90,170
689,29010160,119,144,103,196
630,29010156,83,145,112,163
638,29010020,90,153,77,180
662,29009929,102,144,113,133
638,29009842,93,171,129,149
630,29009697,77,131,71,176
652,29009497,111,132,128,129
668,29009468,119,115,97,174
618,29009447,86,132,107,156
646,29009200,116,159,74,121
665,29009140,120,141,129,137
620,29009109,83,163,134,127
636,29009078,76,153,116,142
619,29008894,90,130,84,168
608,29008840,78,128,96,124
642,29008754,93,176,82,183
643,29008657,113,122,110,119
654,29008645,102,129,113,149
650,29008543,116,117,72,141
649,29008457,99,133,115,129
622,29008257,77,151,113,154
672,29008202,116,142,99,169
644,29008180,101,152,96,124
649,29008150,97,146,84,147
639,29007904,91,167,103,183
630,29007827,82,145,80,176
640,29007812,91,167,122,157
617,29007646,82,174,85,133
631,29007581,84,134,78,173
652,29007552,97,124,135,125
647,29007391,119,129,114,126
604,29007373,83,142,84,140
666,29007332,104,128,107,153
654,29007277,129,136,65,136
630,29007112,74,129,85,183
626,29006991,87,177,110,153
634,29006944,82,144,112,166
620,29006779,92,129,105,168
625,29006778,91,172,74,154
633,29006731,90,151,66,181
661,29006721,116,137,83,138
614,29006720,85,138,97,136
666,29006717,97,146,117,134
643,29006638,83,184,89,180
641,29006521,96,116,135,116
649,29006511,106,123,113,129
651,29006428,121,106,81,149
621,29006380,90,148,76,137
629,29006333,77,155,83,142
622,29006236,89,135,111,158
628,29006171,85,118,121,148
620,29006121,83,154,131,157
670,29006066,129,126,124,161
650,29006034,94,154,96,129
650,29005918,125,130,97,134
658,29005871,117,115,104,137
651,29005818,105,164,76,125
656,29005788,113,173,74,136
631,29005712,74,150,91,168
638,29005678,93,166,115,163
617,29005624,88,141,78,132
618,29005530,93,180,94,132
632,29005466,87,141,90,175
637,29005465,92,149,69,166
670,29005451,126,171,119,132
623,29005388,78,127,80,161
654,29005332,112,118,73,138
653,29005245,100,133,107,136
637,29005198,89,127,93,128
655,29005162,104,128,84,144
631,29004997,92,134,90,188
648,29004969,111,147,90,126
653,29004938,98,154,76,127
634,29004923,91,139,113,173
613,29004867,80,158,130,126
614,29004775,90,140,102,134
661,29004775,110,121,78,144
631,29004768,83,159,73,148
626,29004663,92,170,81,153
673,29004663,125,145,70,172
634,29004616,90,148,80,167
662,29004605,102,122,93,148
612,29004586,89,120,104,155
645,29004423,104,138,65,123
652,29004312,109,106,91,145
622,29004264,87,162,94,140
628,29004225,82,129,109,156
630,29004217,82,148,96,137
670,29004121,120,129,109,154
658,29004066,119,136,74,130
650,29003973,117,122,95,129
625,29003823,89,122,73,171
623,29003813,86,151,91,157
652,29003703,108,162,94,125
657,29003672,101,165,83,127
677,29003642,101,119,106,202
642,29003574,106,117,84,123
665,29003509,130,142,84,147
618,29003509,90,142,94,132
610,29003493,88,139,111,125
615,29003490,81,136,83,150
638,29003350,85,186,75,183
624,29003273,75,135,88,165
655,29003216,95,120,78,133
651,29003109,99,130,132,127
656,29003046,101,123,106,135
634,29002951,73,172,102,154
674,29002855,135,139,110,164
654,29002823,106,146,105,133
648,29002704,78,122,118,136
662,29002660,117,123,104,137
632,29002652,84,173,79,162
612,29002641,84,122,97,156
674,29002548,106,162,80,166
627,29002547,82,174,100,154
635,29002500,86,149,96,188
642,29002465,93,166,128,165
646,29002308,108,130,77,124
630,29002196,79,141,105,154
627,29002177,75,143,84,170
636,29002130,101,123,105,109
625,29001974,81,174,66,162
659,29001950,112,136,83,133
614,29001920,84,165,83,117
629,29001803,77,152,99,162
626,29001708,85,120,83,171
628,29001644,92,173,129,154
658,29001557,103,171,104,141
643,29001458,99,116,94,116
622,29001431,88,142,111,168
666,29001394,129,143,89,151
616,29001375,88,143,88,155
645,29001291,92,173,107,198
639,29001234,93,171,97,176
648,29001204,122,125,55,134
622,29001124,83,145,77,170
656,29001101,113,111,96,130
611,29001070,75,157,101,129
655,29001029,97,133,58,143
606,29000887,84,157,104,115
623,29000859,93,116,101,175
630,29000823,90,129,140,145
652,29000687,103,154,107,134
637,29000661,90,154,73,199
652,29000571,118,125,111,134
633,29000537,88,179,103,147
660,29000524,110,112,120,138
675,29000432,128,169,94,155
633,29000364,89,146,109,169
640,29000331,85,168,133,161
647,29000192,125,135,105,121
620,29000183,91,148,112,141
638,29000181,103,132,74,113
628,29000136,82,147,109,147
634,29000118,89,141,111,178
672,29000104,118,174,134,135
642,29000086,113,179,87,106
628,29000062,93,142,93,172
684,29000046,105,138,83,196
634,28999994,120,116,114,108
655,28999898,95,138,130,138
626,28999858,83,171,79,168
660,28999835,108,133,90,143
634,28999811,90,156,77,179
615,28999804,81,178,105,127
673,28999798,113,134,69,178
657,28999709,105,138,48,167
650,28999621,135,144,121,124
627,28999593,86,126,101,166
635,28999332,100,117,85,120
664,28999258,121,128,111,141
614,28999239,76,125,114,157
650,28999096,142,132,84,127
623,28999009,90,146,97,168
654,28998965,124,113,114,137
624,28998917,79,158,111,136
632,28998870,81,157,112,151
638,28998728,126,133,125,105
638,28998545,83,174,84,184
625,28998466,93,153,108,156
654,28998355,123,169,124,110
611,28998337,87,170,85,137
679,28998294,97,138,115,195
647,28998247,120,121,94,116
620,28998161,79,140,119,131
639,28998066,96,121,78,123
661,28998056,116,100,90,129
685,28997930,108,143,104,200
626,28997926,79,123,110,164
634,28997790,91,131,82,181
627,28997743,92,168,91,169
658,28997699,108,136,109,141
635,28997696,80,150,105,182
653,28997685,80,109,106,163
629,28997637,92,147,103,159
636,28997604,93,178,107,166
656,28997475,94,147,114,135
658,28997392,113,152,85,135
635,28997391,81,175,71,159
626,28997311,76,169,114,131
636,28997216,96,116,88,123
629,28997200,90,161,113,156
637,28997153,84,152,114,178
651,28996981,109,135,96,126
642,28996970,96,135,73,126
653,28996957,121,126,68,158
632,28996848,79,139,114,149
665,28996835,122,144,98,137
671,28996833,95,132,104,175
644,28996609,123,124,100,139
624,28996588,85,158,81,140
621,28996569,87,177,72,147
631,28996455,93,148,118,157
639,28996430,75,173,98,191
661,28996296,112,152,73,143
612,28996221,85,188,90,135
660,28996209,98,198,119,137
639,28996120,111,122,83,124
645,28996111,113,109,112,114
668,28996046,126,134,113,145
618,28996027,77,136,110,157
640,28995950,103,132,101,123
645,28995920,96,120,78,129
641,28995887,91,166,117,173
658,28995753,102,124,111,142
621,28995739,88,171,100,130
618,28995720,89,144,79,154
635,28995674,84,138,95,194
665,28995644,99,133,71,164
675,28995567,111,128,87,178
642,28995516,101,134,114,106
636,28995427,96,149,70,125
654,28995339,128,150,138,127
659,28995276,106,146,92,133
636,28995275,93,170,81,145
633,28995256,86,156,71,161
681,28995204,95,133,106,178
635,28995189,85,147,121,146
662,28995176,103,115,136,137
665,28995030,127,157,68,137
643,28994854,104,139,84,126
649,28994845,103,134,107,123
615,28994795,75,137,102,156
662,28994795,130,106,82,162
630,28994714,93,131,119,167
629,28994501,80,136,69,175
662,28994487,105,135,109,132
625,28994473,83,170,106,126
617,28994457,79,175,119,127
622,28994454,91,175,79,157
633,28994426,85,151,90,154
630,28994407,75,145,81,169
629,28994245,89,124,111,186
662,28994180,117,158,75,144
640,28994005,100,124,100,122
651,28993993,125,130,104,151
659,28993946,108,116,102,159
646,28993804,97,119,93,136
618,28993699,82,133,79,158
626,28993652,93,118,85,179
624,28993634,77,128,82,166
675,28993622,96,142,103,171
656,28993617,102,116,135,130
619,28993605,92,146,96,153
666,28993529,114,132,82,163
634,28993522,89,170,130,145
637,28993160,81,164,101,154
634,28993141,88,172,77,164
666,28992914,109,168,77,146
651,28992900,109,131,51,136
649,28992899,114,121,118,124
644,28992739,108,129,97,119
655,28992727,117,124,88,155
649,28992708,100,139,80,129
663,28992680,114,129,90,158
662,28992608,119,131,63,159
628,28992578,86,133,132,164
669,28992433,137,143,74,170
629,28992395,89,170,108,168
630,28992386,77,137,84,191
660,28992351,102,126,130,136
637,28992348,80,170,114,183
623,28992339,76,169,94,155
630,28992333,115,143,94,108
631,28992292,83,150,91,177
631,28992290,87,145,110,153
610,28992140,91,148,110,135
658,28992128,98,147,130,134
663,28992065,117,148,90,136
626,28991987,82,139,95,148
638,28991869,124,115,108,120
653,28991633,115,141,112,128
627,28991536,81,124,103,166
634,28991501,80,142,128,155
667,28991414,105,122,96,165
653,28991326,124,147,81,119
641,28991082,88,152,108,189
635,28991026,92,172,93,167
691,28991010,118,170,82,199
640,28990869,86,170,74,188
662,28990862,102,157,134,137
667,28990799,116,176,94,131
655,28990781,126,130,106,141
620,28990680,89,134,133,150
642,28990603,110,123,126,123
650,28990593,103,138,104,135
643,28990539,88,177,130,174
660,28990406,127,124,135,137
623,28990391,88,178,108,134
670,28990318,110,141,82,160
631,28990270,91,136,88,178
657,28990060,136,162,85,115
615,28989990,87,128,95,165
661,28989929,107,144,109,139
637,28989842,85,174,129,160
644,28989723,108,113,125,135
622,28989643,106,137,106,100
651,28989497,95,133,138,125
667,28989468,117,137,103,155
617,28989447,92,135,112,148
632,28989367,83,126,128,181
654,28989211,135,144,96,129
664,28989140,119,138,135,138
627,28989125,87,176,116,136
619,28989109,76,172,136,120
635,28989078,73,144,109,145
692,28988894,104,170,117,195
659,28988836,99,134,66,147
641,28988754,88,170,84,185
627,28988677,85,121,102,183
642,28988657,98,118,115,117
661,28988598,113,115,117,156
649,28988543,100,117,67,130
648,28988457,102,133,121,134
677,28988275,98,133,119,171
621,28988257,86,156,115,157
628,28988252,118,115,116,108
671,28988202,106,130,103,163
643,28988180,102,148,99,123
656,28987987,99,117,77,136
630,28987951,88,176,95,169
658,28987945,126,182,104,117
649,28987934,123,150,74,116
638,28987904,89,157,92,199
639,28987812,93,174,123,155
624,28987599,92,148,82,147
623,28987437,91,112,116,147
646,28987391,122,134,121,120
657,28987379,123,124,118,158
665,28987332,114,129,108,154
653,28987277,112,135,68,136
645,28987184,117,117,99,125
646,28987084,104,153,82,117
625,28986991,89,177,112,157
632,28986986,118,127,115,106
633,28986944,84,154,109,161
619,28986779,79,135,103,169
660,28986721,117,131,76,138
665,28986717,101,147,118,137
642,28986638,93,170,86,191
648,28986511,114,121,114,127
626,28986432,116,137,96,98
650,28986428,114,115,82,141
628,28986333,76,169,80,141
655,28986286,110,139,132,125
621,28986236,88,140,110,156
629,28986189,81,124,113,180
627,28986171,90,137,119,172
669,28986066,136,125,112,160
649,28986034,116,145,87,130
621,28985929,89,159,78,155
649,28985918,136,129,93,132
657,28985871,103,114,101,143
678,28985852,122,150,90,174
650,28985818,115,159,85,123
655,28985788,110,163,72,132
630,28985712,77,147,106,169
637,28985678,82,160,113,160
617,28985530,79,168,92,133
631,28985466,91,134,92,174
636,28985465,75,164,73,176
669,28985451,113,151,119,139
657,28985434,130,133,110,150
622,28985388,83,133,76,162
644,28985255,96,134,128,111
652,28985245,105,132,107,138
654,28985162,107,128,80,140
630,28984997,88,139,89,189
647,28984969,119,145,88,117
658,28984957,134,145,106,150
652,28984938,111,144,85,136
633,28984923,90,140,110,179
646,28984897,116,177,61,119
613,28984775,81,130,86,132
625,28984663,89,176,83,148
633,28984616,78,150,80,174
661,28984605,98,125,93,138
611,28984586,91,134,101,157
619,28984539,82,115,91,164
644,28984423,109,124,67,128
651,28984312,118,112,94,141
624,28984296,110,126,116,96
621,28984264,84,169,104,135
627,28984225,87,138,112,141
629,28984217,79,157,101,155
669,28984121,131,122,112,165
657,28984066,101,130,74,135
656,28983863,116,144,110,127
624,28983823,86,131,68,175
622,28983813,86,147,97,157
637,28983731,91,150,134,156
651,28983703,106,158,102,126
656,28983672,98,167,85,128
676,28983642,105,135,92,195
641,28983574,111,113,80,121
694,28983547,106,160,110,197
664,28983509,121,133,84,138
617,28983509,92,134,86,132
609,28983493,76,138,118,126
676,28983397,134,167,73,166
637,28983350,90,170,83,170
682,28983278,108,127,95,195
623,28983273,76,139,101,173
654,28983216,112,124,81,131
650,28983109,125,135,129,136
655,28983046,103,133,105,132
633,28982951,78,156,99,163
673,28982855,117,142,117,163
653,28982823,111,151,106,127
661,28982660,118,120,106,144
623,28982658,86,169,98,134
631,28982652,85,163,80,151
611,28982641,92,124,87,153
673,28982548,111,169,80,152
626,28982547,93,157,90,156
634,28982500,83,147,91,174
641,28982465,91,165,139,150
633,28982428,83,161,60,180
645,28982308,100,140,81,124
629,28982196,90,131,104,154
626,28982177,90,134,85,171
635,28982130,111,122,99,107
648,28982044,108,131,128,122
658,28981950,101,133,84,132
613,28981920,85,176,76,126
628,28981803,84,152,100,154
625,28981708,90,141,83,173
627,28981644,90,158,128,148
615,28981626,90,160,88,152
657,28981557,108,156,98,138
642,28981458,108,114,102,119
665,28981394,109,131,93,146
615,28981375,90,132,89,157
667,28981370,104,145,134,136
638,28981234,87,164,92,162
655,28981101,98,124,97,143
617,28981081,89,165,112,139
654,28981029,101,141,61,143
639,28980864,116,138,86,108
671,28980719,112,121,128,160
651,28980687,103,145,119,134
636,28980661,76,150,73,186
632,28980537,92,170,92,150
659,28980524,127,116,114,150
674,28980432,107,160,104,152
632,28980364,73,147,113,170
645,28980362,103,124,85,123
639,28980331,76,167,128,163
646,28980192,122,138,97,129
619,28980183,85,162,111,131
637,28980181,114,122,70,125
633,28980118,90,140,110,183
671,28980104,112,167,134,130
627,28980062,74,137,95,166
654,28979898,104,134,130,127
625,28979858,92,171,82,158
659,28979835,116,128,103,138
614,28979804,92,182,96,120
649,28979621,110,152,125,116
626,28979593,88,138,102,182
634,28979332,102,113,77,118
663,28979258,118,135,112,142
680,28979196,98,114,102,197
649,28979096,107,141,79,129
629,28979056,80,119,84,186
653,28978965,125,111,115,134
669,28978933,106,118,76,177
623,28978917,83,162,110,138
631,28978870,77,178,117,146
637,28978545,77,171,78,179
624,28978466,87,150,113,152
653,28978355,109,170,127,121
610,28978337,87,171,78,139
678,28978294,107,131,109,195
646,28978247,107,122,100,121
619,28978161,89,134,126,141
638,28978066,119,121,81,119
651,28977992,104,139,55,131
684,28977930,103,130,101,195
625,28977926,81,127,109,162
616,28977901,99,142,95,93
626,28977743,80,180,103,169
657,28977699,104,130,110,132
634,28977696,77,156,105,176
628,28977637,82,148,88,162
635,28977604,86,161,116,154
655,28977475,106,145,120,133
657,28977392,105,144,75,150
634,28977391,92,168,71,171
625,28977311,79,185,110,130
635,28977216,99,108,88,119
628,28977200,74,181,120,158
636,28977153,88,154,109,167
622,28976987,86,135,97,168
650,28976981,113,143,88,116
641,28976970,98,133,69,124
652,28976957,111,133,74,154
631,28976848,80,132,108,155
664,28976835,123,144,104,154
620,28976569,90,154,70,154
631,28976541,82,150,82,156
630,28976455,78,144,110,155
638,28976430,82,177,97,172
660,28976296,106,148,72,141
611,28976221,84,193,102,135
659,28976209,97,186,113,140
641,28976203,88,98,85,156
638,28976120,95,117,79,126
649,28976108,106,132,81,146
667,28976046,108,141,108,135
617,28976027,81,141,117,150
625,28975980,88,133,109,154
639,28975950,102,124,102,120
644,28975920,94,133,78,128
640,28975887,91,170,112,186
657,28975753,94,123,113,144
667,28975739,138,152,79,141
620,28975739,91,169,86,131
612,28975723,77,147,118,118
634,28975674,91,133,91,193
664,28975644,121,133,73,163
607,28975465,80,142,86,139
658,28975276,95,146,92,134
635,28975275,90,163,77,154
632,28975256,92,162,67,172
634,28975189,81,164,109,147
676,28975085,129,179,126,154
664,28975030,99,163,64,130
642,28974854,105,137,79,123
648,28974845,118,127,117,120
653,28974842,108,133,85,154
621,28974835,86,162,132,134
647,28974824,106,127,74,130
661,28974795,121,111,82,163
614,28974795,78,136,101,151
643,28974738,125,171,124,105
629,28974714,90,132,110,167
628,28974501,81,143,69,169
661,28974487,103,142,121,138
624,28974473,88,167,99,141
671,28974473,123,152,84,135
616,28974457,82,173,110,114
621,28974454,90,167,82,154
632,28974426,91,147,93,160
651,28974274,96,144,132,118
628,28974245,87,123,114,172
661,28974180,107,160,75,134
639,28974005,100,122,92,121
650,28973993,121,115,96,157
658,28973946,117,111,91,156
645,28973804,118,137,91,129
625,28973652,87,120,81,182
668,28973624,128,149,97,137
618,28973605,75,146,95,153
625,28973569,93,150,132,140
665,28973529,130,129,83,162
633,28973522,77,153,130,146
651,28973442,122,154,71,129
636,28973160,88,161,94,157
633,28973141,86,172,75,181
665,28972914,112,158,76,137
648,28972899,111,116,110,120
620,28972784,91,130,98,142
643,28972739,101,140,102,124
654,28972727,125,123,105,150
648,28972708,118,127,85,128
662,28972680,118,135,92,157
649,28972422,121,152,105,125
628,28972395,92,176,107,165
629,28972386,87,127,75,165
659,28972351,107,143,131,140
622,28972339,85,179,97,158
629,28972333,105,118,104,106
630,28972292,78,151,104,171
629,28972220,80,160,62,172
655,28972176,130,165,74,123
657,28972128,118,149,139,130
662,28972065,107,167,99,132
661,28971993,110,158,63,131
637,28971869,120,113,111,121
645,28971859,94,122,96,127
646,28971828,115,175,93,108
652,28971633,120,125,114,113
618,28971583,81,138,88,156
626,28971536,86,117,101,176
624,28971518,90,138,93,164
666,28971488,115,148,110,144
616,28971469,83,145,118,158
666,28971414,108,132,100,169
652,28971326,104,145,85,124
632,28971237,134,141,83,108
640,28971082,78,158,110,178
634,28971026,89,166,88,177
613,28970874,90,154,107,140
639,28970869,91,182,71,180
661,28970862,99,157,137,146
666,28970799,117,153,100,143
654,28970781,120,140,97,143
641,28970603,105,128,114,120
649,28970593,108,140,93,128
649,28970531,92,99,69,180
622,28970391,85,175,107,133
669,28970318,115,131,84,160
630,28970270,89,136,99,179
687,28970160,123,147,96,195
654,28970102,95,110,74,136
656,28970060,126,162,80,125
614,28969990,87,135,103,169
660,28969929,117,148,112,130
653,28969846,101,136,47,162
636,28969842,90,170,128,142
650,28969611,83,110,100,135
666,28969468,136,140,105,157
637,28969374,108,145,61,124
653,28969211,128,148,93,127
663,28969140,112,129,129,137
633,28969122,107,140,86,104
618,28969109,74,166,128,121
634,28969078,85,144,116,170
658,28968836,106,127,70,135
640,28968754,76,159,76,177
641,28968657,97,120,111,112
660,28968598,96,116,113,162
647,28968457,98,139,109,138
620,28968257,74,144,126,153
670,28968202,144,126,90,161
642,28968180,113,147,97,126
647,28968034,122,131,81,120
655,28967987,113,115,82,135
657,28967945,118,170,93,123
648,28967934,97,157,64,109
637,28967904,92,144,89,197
638,28967812,82,176,110,167
615,28967646,82,153,84,133
622,28967437,78,132,114,143
645,28967391,111,125,112,121
656,28967379,118,123,123,152
664,28967332,129,113,107,163
652,28967277,102,124,71,130
644,28967184,108,116,86,128
645,28967084,100,144,76,124
650,28967054,107,148,67,127
624,28966991,87,155,113,155
632,28966944,80,166,112,169
612,28966796,88,155,97,134
623,28966778,88,180,71,154
659,28966721,101,125,84,139
664,28966717,104,145,119,142
641,28966638,91,173,94,177
647,28966511,95,116,122,138
625,28966432,107,133,98,98
649,28966428,99,117,77,139
619,28966380,91,160,83,140
620,28966236,93,134,108,157
633,28966190,104,121,85,111
628,28966189,90,122,107,179
626,28966171,83,131,108,145
668,28966066,135,126,111,166
648,28965918,96,141,106,133
656,28965871,101,114,100,138
649,28965818,112,174,81,121
654,28965788,111,165,74,137
668,28965759,116,147,75,160
674,28965757,123,132,85,199
629,28965712,82,144,93,184
636,28965678,75,163,113,168
616,28965530,73,164,101,130
624,28965483,78,155,103,138
630,28965466,78,139,100,175
635,28965465,76,185,73,173
668,28965451,109,161,118,130
643,28965255,109,141,128,126
651,28965245,115,133,109,130
653,28965162,111,125,85,130
623,28965014,88,154,105,141
629,28964997,86,119,88,176
646,28964969,106,163,103,119
651,28964938,111,146,83,128
632,28964923,91,133,108,171
645,28964897,98,169,61,122
689,28964813,101,156,115,197
659,28964775,96,124,78,142
624,28964663,87,175,85,156
632,28964616,91,146,82,169
660,28964605,112,123,99,146
681,28964586,97,153,91,173
610,28964586,84,134,94,153
643,28964423,111,128,74,126
650,28964312,97,117,97,135
626,28964225,76,135,127,145
628,28964217,77,161,87,141
668,28964121,101,122,119,164
634,28964075,128,125,87,110
656,28964066,127,137,74,139
613,28963871,87,126,129,126
655,28963863,118,154,118,129
621,28963813,77,150,92,158
635,28963774,114,131,118,103
650,28963703,106,160,96,126
655,28963672,99,177,83,128
675,28963642,105,136,99,196
640,28963574,116,115,77,122
663,28963509,105,143,85,159
636,28963350,89,171,82,175
628,28963330,83,135,107,185
622,28963273,75,135,93,163
653,28963216,109,123,85,152
649,28963109,103,132,135,129
654,28963046,98,129,99,141
662,28963040,137,128,84,136
632,28962951,81,173,94,158
672,28962855,127,141,111,171
644,28962833,108,146,107,125
652,28962823,102,154,105,132
646,28962704,88,110,120,134
660,28962660,108,124,95,143
622,28962658,75,164,105,135
630,28962652,86,166,82,151
672,28962548,119,176,84,154
625,28962547,78,172,88,151
633,28962500,89,148,92,169
643,28962478,116,122,64,126
640,28962465,82,164,132,167
644,28962308,97,125,85,115
628,28962196,83,136,96,158
634,28962130,113,124,93,111
647,28962044,98,140,134,118
657,28961950,113,129,76,136
646,28961837,100,115,115,131
669,28961698,107,144,104,156
626,28961644,85,164,130,151
656,28961557,100,156,105,129
641,28961458,107,117,91,129
664,28961394,110,129,96,140
614,28961375,84,126,91,158
666,28961370,121,146,128,154
622,28961328,80,121,97,164
637,28961234,93,159,100,177
646,28961204,94,127,57,138
654,28961101,115,119,102,135
653,28961029,109,142,60,134
647,28960896,84,98,93,159
628,28960823,82,129,128,153
689,28960820,101,170,97,181
670,28960719,116,123,129,174
635,28960661,89,169,72,186
661,28960653,120,176,48,142
650,28960571,128,131,121,132
631,28960537,86,169,100,146
658,28960524,127,115,119,153
673,28960432,116,144,95,168
631,28960364,77,146,121,172
644,28960362,136,118,80,126
638,28960331,76,172,130,170
645,28960192,128,125,100,129
618,28960183,81,167,117,134
636,28960181,100,131,70,124
632,28960118,92,143,114,174
670,28960104,113,174,140,146
640,28960086,95,164,88,105
626,28960062,91,129,104,173
617,28959970,82,168,74,134
653,28959898,103,141,131,135
624,28959858,87,167,82,169
658,28959835,108,143,95,136
613,28959804,85,169,106,129
651,28959630,83,103,103,162
648,28959621,134,153,123,115
625,28959593,79,129,104,168
633,28959332,100,116,81,124
662,28959258,118,130,114,142
683,28959239,95,159,126,175
612,28959239,85,123,107,158
648,28959096,116,138,82,123
621,28959009,84,148,86,165
652,28958965,111,111,111,145
630,28958870,85,175,108,154
636,28958728,111,129,112,110
636,28958545,87,177,82,178
623,28958466,76,145,117,158
652,28958355,127,166,123,121
637,28958350,100,124,56,126
604,28958340,77,178,110,110
609,28958337,90,164,83,136
671,28958296,121,146,113,165
645,28958247,113,124,92,123
665,28958084,118,117,89,180
637,28958066,114,128,85,116
683,28957930,96,129,111,195
624,28957926,73,130,108,167
632,28957790,92,131,77,184
625,28957743,79,165,99,159
656,28957699,111,126,115,137
633,28957696,88,147,91,178
651,28957685,86,105,104,161
634,28957604,88,167,123,146
654,28957475,101,146,114,134
656,28957392,111,145,76,144
633,28957391,74,171,72,161
662,28957312,122,119,107,139
624,28957311,82,152,109,145
634,28957216,95,117,94,125
627,28957200,90,170,121,156
635,28957153,84,148,109,179
633,28957144,96,133,61,123
649,28956981,117,134,104,125
659,28956910,121,113,73,169
630,28956848,74,142,107,161
663,28956835,127,146,97,157
636,28956782,115,113,117,105
646,28956653,103,155,72,120
622,28956588,91,173,84,140
619,28956569,86,173,74,144
630,28956541,78,149,85,145
637,28956430,83,170,95,182
659,28956296,116,145,71,134
610,28956221,73,175,97,139
658,28956209,100,163,109,129
643,28956111,99,117,126,122
648,28956108,128,115,79,143
666,28956046,128,137,120,139
616,28956027,74,137,108,152
638,28955950,113,135,105,125
643,28955920,97,128,83,127
639,28955887,82,169,116,160
659,28955871,130,143,57,139
656,28955753,102,122,108,140
619,28955739,89,166,88,129
633,28955674,92,137,99,188
663,28955644,137,135,69,163
657,28955276,104,154,96,146
634,28955275,80,163,84,163
631,28955256,87,164,72,171
633,28955189,83,166,108,149
675,28955085,132,177,115,153
663,28955030,108,174,71,131
641,28954854,102,141,85,118
647,28954845,110,130,109,129
652,28954842,124,132,76,156
620,28954835,87,175,129,131
660,28954795,110,121,80,156
628,28954714,80,134,110,175
642,28954664,95,134,86,133
627,28954501,92,132,71,188
660,28954487,109,137,116,139
623,28954473,89,172,106,137
615,28954457,87,170,119,128
620,28954454,92,188,85,156
631,28954426,90,155,94,161
650,28954274,116,154,128,120
627,28954245,77,121,117,178
660,28954180,100,151,80,139
638,28954005,120,121,101,122
649,28953993,113,112,93,158
657,28953946,125,116,103,154
664,28953910,124,124,140,146
644,28953804,98,141,102,132
616,28953699,87,134,85,156
622,28953634,86,125,82,165
667,28953624,108,147,100,150
654,28953617,102,112,130,136
617,28953605,81,145,92,157
664,28953529,132,126,83,180
632,28953522,88,165,128,143
612,28953300,82,139,96,139
635,28953160,87,155,106,158
632,28953141,86,151,81,170
664,28952914,113,175,78,152
647,28952899,94,118,112,125
642,28952739,112,139,103,123
653,28952727,110,126,103,149
647,28952708,96,137,79,130
661,28952680,103,111,89,162
667,28952433,130,133,74,170
648,28952422,112,146,103,127
627,28952395,82,167,112,160
628,28952386,74,127,75,170
671,28952358,107,170,96,140
658,28952351,118,142,130,137
621,28952339,92,168,104,157
653,28952338,91,106,116,164
628,28952333,97,137,96,108
629,28952292,80,144,103,172
656,28952128,96,144,128,137
661,28952065,99,145,91,138
660,28951993,121,175,58,143
636,28951869,111,116,117,120
645,28951828,108,184,102,110
651,28951633,117,125,110,129
664,28951584,106,126,83,162
617,28951583,80,131,94,151
625,28951536,89,120,106,172
623,28951518,92,130,96,158
638,28951433,89,107,85,131
665,28951414,114,124,95,170
651,28951326,112,149,77,119
639,28951082,88,159,107,183
633,28951026,79,180,101,162
638,28950869,87,169,74,183
660,28950862,112,155,139,132
665,28950799,114,176,98,133
653,28950781,104,139,106,137
645,28950763,110,117,132,127
661,28950734,98,122,92,154
640,28950603,110,121,107,119
648,28950593,103,134,99,145
621,28950391,90,176,116,126
628,28950388,95,120,104,108
668,28950318,134,134,83,161
629,28950270,78,142,93,170
627,28950067,93,171,75,168
655,28950060,117,154,80,126
635,28950020,89,157,84,196
659,28949929,115,146,110,132
635,28949842,88,160,128,150
642,28949723,111,116,120,135
657,28949515,115,139,103,147
649,28949497,122,137,129,116
665,28949468,103,135,102,152
667,28949413,113,94,75,130
652,28949211,106,146,99,119
662,28949140,118,131,128,136
625,28949125,85,184,119,141
632,28949122,117,136,90,102
617,28949109,76,169,128,127
633,28949078,87,152,108,163
657,28948836,100,129,74,149
639,28948754,88,169,81,185
640,28948657,108,124,121,123
651,28948645,110,132,111,150
659,28948598,120,117,112,156
647,28948543,108,112,73,132
646,28948457,99,125,110,143
619,28948257,83,151,114,157
669,28948202,106,133,100,161
646,28948034,100,134,80,133
654,28947987,97,116,78,146
675,28947968,98,144,75,171
628,28947951,89,157,95,170
656,28947945,112,167,92,125
647,28947934,105,179,72,125
636,28947904,87,149,103,193
637,28947812,87,188,123,158
621,28947437,80,130,109,149
644,28947391,105,129,119,124
655,28947379,122,142,108,148
663,28947332,107,113,120,160
651,28947277,99,139,73,132
643,28947184,124,115,101,127
644,28947084,131,145,85,122
650,28947075,126,145,122,128
623,28946991,87,172,114,154
631,28946944,92,149,109,163
611,28946796,78,149,106,129
630,28946731,85,144,68,171
658,28946721,101,129,85,146
611,28946720,90,133,89,140
663,28946717,121,145,116,130
640,28946638,89,173,95,189
648,28946428,102,114,78,148
619,28946236,92,141,110,151
625,28946171,87,136,115,157
667,28946066,119,137,115,174
647,28945918,136,126,96,121
655,28945871,114,113,102,147
648,28945818,95,178,78,125
653,28945788,111,169,74,127
673,28945757,101,124,85,196
628,28945712,84,144,104,171
635,28945678,76,172,114,175
661,28945625,110,143,69,138
615,28945530,92,170,96,131
629,28945466,89,141,98,176
634,28945465,79,164,73,183
667,28945451,117,167,116,131
655,28945434,112,124,107,157
642,28945255,98,129,131,121
650,28945245,97,137,111,139
652,28945162,107,132,80,141
655,28945127,107,144,84,149
645,28944969,97,146,92,122
650,28944938,113,149,85,133
631,28944923,77,131,112,166
658,28944775,103,120,83,142
623,28944663,87,164,85,156
631,28944616,82,154,78,180
659,28944605,118,131,94,135
609,28944586,87,124,101,152
642,28944423,105,131,71,125
622,28944337,81,106,82,120
649,28944312,102,117,106,130
626,28944311,76,141,85,160
623,28944292,86,139,67,174
625,28944225,91,130,113,152
627,28944217,81,165,97,140
667,28944121,106,125,116,154
633,28944075,112,127,87,107
655,28944066,96,135,73,137
654,28943863,138,144,115,126
620,28943813,84,147,100,156
634,28943774,116,140,118,108
612,28943741,90,155,81,152
649,28943703,112,150,91,124
654,28943672,94,167,81,132
668,28943644,111,145,90,163
674,28943642,105,125,92,197
615,28943509,82,131,95,141
662,28943509,112,136,83,143
612,28943490,80,141,75,156
635,28943350,86,176,82,167
663,28943339,107,130,100,154
680,28943278,100,143,92,195
621,28943273,89,120,98,173
652,28943216,104,115,83,131
648,28943109,104,133,128,128
632,28943062,84,103,119,126
653,28943046,119,132,96,135
631,28942951,84,190,89,150
671,28942855,131,137,117,169
643,28942833,113,146,120,120
651,28942823,103,168,101,133
650,28942751,106,174,59,135
651,28942707,119,131,106,134
659,28942660,118,118,104,149
629,28942652,84,165,84,148
609,28942641,90,123,106,157
658,28942597,121,169,112,118
671,28942548,110,173,79,158
624,28942547,93,158,101,158
632,28942500,85,150,100,178
639,28942465,85,160,132,149
643,28942308,130,123,85,128
627,28942196,79,133,89,154
656,28941950,106,140,85,145
623,28941708,82,128,82,182
625,28941644,93,172,130,152
613,28941626,82,172,98,152
655,28941557,119,157,99,132
640,28941458,115,117,90,118
663,28941394,100,137,94,142
613,28941375,86,138,98,154
665,28941370,97,147,134,132
642,28941291,76,171,110,178
636,28941234,81,165,103,173
646,28941212,131,129,73,118
648,28941164,105,120,135,134
653,28941101,110,123,93,138
662,28940925,111,122,92,147
620,28940859,84,117,99,173
627,28940823,89,138,128,147
669,28940719,116,122,130,162
649,28940687,108,150,120,131
634,28940661,74,159,69,173
630,28940537,82,185,97,141
657,28940524,134,114,109,164
672,28940432,109,158,91,159
630,28940364,90,147,108,174
643,28940362,108,121,79,121
637,28940331,76,189,128,163
644,28940192,114,132,105,125
617,28940183,83,166,119,134
635,28940181,97,127,71,115
631,28940118,92,133,107,172
669,28940104,137,154,129,131
639,28940086,110,163,91,100
625,28940062,85,131,105,168
665,28940039,110,122,137,168
652,28939898,94,131,131,130
623,28939858,92,163,85,167
657,28939835,108,137,94,134
612,28939804,86,165,98,124
647,28939621,100,144,107,123
624,28939593,87,119,106,170
633,28939575,77,136,130,176
632,28939332,112,106,85,125
661,28939258,112,138,120,145
611,28939239,83,123,122,158
676,28939166,116,176,104,171
647,28939096,106,129,83,129
620,28939009,76,157,92,167
651,28938965,111,116,119,135
621,28938917,89,171,124,139
627,28938878,89,143,131,151
629,28938870,76,151,110,155
635,28938728,117,130,108,108
635,28938545,77,172,82,187
622,28938466,88,153,107,153
651,28938355,112,169,116,119
603,28938340,82,167,117,102
670,28938296,119,151,123,160
676,28938294,108,133,110,196
644,28938247,111,120,104,125
635,28938236,106,123,64,119
617,28938161,80,127,109,141
664,28938084,129,112,87,173
636,28938066,99,127,79,118
623,28937926,81,129,107,173
631,28937790,82,133,84,187
624,28937743,91,170,103,165
655,28937699,107,137,116,138
632,28937696,82,150,102,184
650,28937685,88,105,90,182
633,28937604,89,171,122,149
653,28937475,100,145,107,136
655,28937392,117,144,85,141
632,28937391,89,175,72,158
661,28937312,121,124,107,139
633,28937216,110,115,100,117
626,28937200,87,166,107,158
634,28937153,89,146,116,174
648,28936981,120,139,94,126
658,28936910,100,128,66,161
629,28936848,92,135,108,153
668,28936818,134,121,94,184
641,28936609,105,133,101,140
618,28936569,90,168,74,157
628,28936455,85,144,114,139
636,28936430,86,162,96,187
670,28936351,134,159,112,153
658,28936296,114,145,71,136
609,28936221,85,172,94,137
657,28936209,112,182,116,127
636,28936120,120,122,84,117
642,28936111,99,115,110,124
647,28936108,121,115,83,155
665,28936046,126,135,127,143
615,28936027,81,142,119,154
637,28935950,94,134,92,117
642,28935920,96,132,79,132
638,28935887,80,175,107,178
655,28935753,102,122,120,138
618,28935739,79,179,92,133
632,28935674,89,133,89,193
662,28935644,113,123,73,164
605,28935562,74,156,104,121
624,28935503,80,148,104,169
656,28935276,123,146,91,131
633,28935275,89,161,83,163
630,28935256,79,163,73,178
632,28935189,93,161,120,148
662,28935030,107,176,73,132
640,28934854,110,127,77,125
646,28934845,114,131,113,116
651,28934842,135,129,76,152
612,28934795,82,123,101,154
659,28934795,104,116,85,162
627,28934714,77,134,119,170
626,28934501,75,141,74,183
659,28934487,103,133,122,132
622,28934473,91,171,97,133
669,28934473,122,159,76,144
614,28934457,82,160,121,115
619,28934454,83,148,81,157
630,28934426,93,151,101,150
626,28934245,76,124,114,168
687,28934242,103,156,93,195
659,28934180,112,150,76,130
637,28934005,120,119,98,120
648,28933993,112,121,105,151
663,28933910,117,134,132,160
643,28933804,95,138,86,134
662,28933699,117,137,73,153
622,28933661,91,150,107,169
666,28933624,96,153,100,143
616,28933605,85,156,89,158
663,28933529,101,130,80,163
631,28933522,82,157,135,139
649,28933442,103,150,66,121
634,28933160,91,166,90,153
631,28933141,81,164,75,169
653,28933008,124,163,133,120
663,28932914,103,181,79,143
646,28932899,108,124,113,122
651,28932897,101,120,81,148
641,28932739,111,138,105,125
652,28932727,109,123,101,157
646,28932708,112,133,82,134
660,28932680,99,117,97,165
659,28932608,111,134,58,165
647,28932422,123,149,104,126
626,28932395,83,157,113,167
627,28932386,78,137,82,172
670,28932358,132,163,98,136
657,28932351,95,140,134,133
620,28932339,73,159,91,156
627,28932333,122,125,92,108
628,28932292,81,148,91,167
655,28932128,99,152,131,128
660,28932065,111,154,89,146
659,28931993,112,183,61,140
635,28931869,97,110,110,126
650,28931633,100,135,117,125
663,28931584,120,120,78,171
616,28931583,91,135,98,147
622,28931518,89,137,102,154
631,28931501,92,133,138,154
664,28931414,103,121,105,168
650,28931326,115,148,85,119
630,28931108,83,147,128,152
638,28931082,84,171,108,183
632,28931026,92,172,88,173
611,28930874,88,164,120,134
659,28930862,106,160,129,130
664,28930799,106,180,98,136
652,28930781,136,123,90,158
660,28930734,96,124,88,152
667,28930699,120,135,132,148
639,28930603,114,127,108,124
647,28930593,103,143,93,129
640,28930539,89,164,130,170
620,28930391,77,159,109,123
627,28930388,115,124,93,98
667,28930318,102,140,83,162
628,28930270,81,141,95,170
652,28930102,125,111,71,138
654,28930060,110,166,81,121
634,28930020,90,151,85,189
658,28929929,110,147,120,154
646,28929911,109,109,122,140
634,28929842,89,175,132,152
641,28929723,95,116,107,137
619,28929643,96,126,98,99
622,28929573,81,142,93,157
656,28929515,116,143,99,156
648,28929497,109,134,133,121
664,28929468,100,131,103,156
614,28929447,79,137,107,153
603,28929413,88,169,102,113
651,28929211,111,150,88,119
642,28929200,110,153,73,119
661,28929140,95,134,133,134
624,28929125,90,167,111,140
631,28929122,129,133,96,107
616,28929109,80,171,136,125
632,28929078,91,165,112,166
620,28929035,118,148,81,94
689,28928894,116,171,95,197
656,28928836,98,120,71,141
638,28928754,89,176,80,185
639,28928657,103,121,115,126
628,28928579,78,100,78,128
645,28928457,100,122,111,128
668,28928276,110,146,107,143
618,28928257,75,149,108,151
668,28928202,120,125,100,171
640,28928180,108,147,95,125
653,28927987,119,117,78,142
655,28927945,107,160,92,128
646,28927934,111,176,71,119
635,28927904,81,157,91,184
636,28927812,83,165,115,147
648,28927552,97,118,132,128
643,28927391,104,143,108,119
654,28927379,112,133,120,158
662,28927332,118,134,114,155
650,28927277,102,135,68,140
653,28927242,111,156,73,150
626,28927112,79,138,78,190
643,28927084,102,147,83,120
649,28927075,132,145,116,128
622,28926991,79,174,112,154
629,28926986,95,131,109,105
630,28926944,79,153,116,178
610,28926796,79,145,86,130
616,28926779,91,131,86,164
621,28926778,85,160,69,157
629,28926731,90,156,72,172
657,28926721,113,139,84,146
662,28926717,118,150,113,145
639,28926638,85,174,103,183
647,28926428,98,116,84,143
625,28926333,75,174,76,146
652,28926286,116,134,128,127
618,28926236,79,142,107,156
631,28926190,95,136,80,111
624,28926171,92,124,107,158
666,28926066,106,123,110,165
646,28925918,97,127,104,129
654,28925871,109,111,103,143
647,28925818,102,162,84,125
652,28925788,99,162,71,133
672,28925757,102,141,84,199
627,28925712,81,152,99,175
634,28925678,81,176,107,174
660,28925625,109,133,64,136
610,28925605,74,129,72,156
632,28925582,106,158,65,105
614,28925530,82,164,106,132
628,28925466,84,139,89,179
633,28925465,84,157,68,161
666,28925451,94,171,116,133
641,28925255,99,128,130,122
649,28925245,100,132,109,132
651,28925162,95,122,80,145
629,28925067,76,155,83,156
622,28925044,92,177,131,131
629,28925040,117,124,116,108
627,28924997,91,126,92,200
644,28924969,102,145,86,116
649,28924938,113,160,75,134
630,28924923,80,140,110,169
643,28924897,99,162,63,125
687,28924813,112,153,107,195
657,28924775,120,120,85,153
610,28924775,87,134,103,130
622,28924663,91,175,83,152
669,28924663,133,158,71,155
630,28924616,90,144,84,186
658,28924605,110,126,98,146
682,28924509,101,127,127,180
641,28924423,96,128,71,128
648,28924312,105,111,91,140
618,28924264,77,158,96,141
631,28924245,109,122,84,111
624,28924225,84,142,112,147
626,28924217,78,151,90,138
666,28924121,109,124,113,168
632,28924075,106,138,106,104
654,28924066,102,136,65,141
646,28923973,98,122,104,131
653,28923863,125,153,112,126
619,28923813,76,144,91,154
648,28923703,105,187,95,126
653,28923672,98,174,75,133
667,28923644,122,147,87,164
638,28923574,104,110,80,127
661,28923509,107,141,85,144
614,28923509,91,134,100,132
633,28923467,111,145,80,105
634,28923350,81,162,85,179
620,28923273,85,130,97,177
651,28923216,96,113,81,135
647,28923109,100,128,129,131
652,28923046,100,132,97,131
630,28922951,78,169,93,168
670,28922855,113,142,110,167
642,28922833,118,145,108,121
650,28922823,106,145,105,132
650,28922707,121,133,104,134
658,28922660,109,114,101,136
620,28922658,73,168,96,132
628,28922652,85,175,75,150
608,28922639,81,141,109,131
657,28922597,126,150,110,124
670,28922548,105,144,84,170
623,28922547,87,167,103,158
631,28922500,91,152,90,173
638,28922465,88,159,128,151
642,28922308,106,138,85,128
626,28922196,85,134,94,152
645,28922044,111,140,128,124
655,28921950,103,135,85,138
610,28921920,81,168,84,114
625,28921803,81,154,88,141
622,28921708,86,136,85,168
624,28921644,92,160,128,155
654,28921557,105,167,101,127
639,28921458,95,117,101,123
648,28921438,87,131,119,134
662,28921394,118,141,86,139
638,28921386,125,135,62,115
612,28921375,78,137,100,158
664,28921370,115,154,131,137
641,28921291,75,177,113,192
674,28921282,114,150,83,164
635,28921234,81,173,105,177
645,28921212,108,139,72,128
652,28921101,108,121,100,134
614,28921081,86,171,110,137
651,28921029,98,142,61,141
661,28920925,117,121,105,152
687,28920820,103,159,89,179
668,28920719,131,133,132,166
633,28920661,79,171,74,183
648,28920571,126,130,118,123
629,28920537,87,177,105,158
656,28920524,105,113,108,139
671,28920432,111,146,87,168
629,28920364,83,151,109,171
642,28920362,103,118,81,125
643,28920192,108,137,100,123
616,28920183,75,167,127,133
634,28920181,106,132,71,124
624,28920136,73,146,113,141
668,28920104,107,158,140,139
638,28920086,120,161,91,104
624,28920062,74,140,104,171
651,28919898,114,140,137,130
622,28919858,80,158,79,170
656,28919835,114,140,106,140
611,28919804,77,175,87,129
646,28919621,120,155,107,125
657,28919609,112,145,111,156
623,28919593,84,121,101,173
631,28919332,108,114,84,126
660,28919258,115,129,114,138
681,28919239,105,165,117,171
677,28919196,99,123,91,195
675,28919166,107,169,94,159
646,28919096,99,128,85,126
619,28919009,78,155,102,169
650,28918965,100,117,111,133
626,28918878,82,125,134,148
628,28918870,86,170,108,142
634,28918545,83,147,85,185
621,28918466,93,160,107,153
650,28918355,96,169,109,110
635,28918350,104,129,52,114
643,28918247,100,123,98,123
645,28918223,114,121,71,148
635,28918066,99,134,80,121
622,28917926,83,131,109,163
663,28917855,108,144,71,145
623,28917743,79,163,101,169
641,28917732,88,110,91,154
654,28917699,110,127,121,139
632,28917604,73,161,108,146
652,28917475,114,148,109,127
654,28917392,95,150,80,130
631,28917391,87,168,69,161
660,28917312,113,121,126,138
622,28917311,75,156,110,131
632,28917216,96,114,103,118
648,28917216,88,100,90,170
625,28917200,92,164,108,158
633,28917153,76,149,114,165
647,28916981,120,128,99,116
638,28916970,114,127,73,125
649,28916957,108,121,70,158
635,28916862,90,100,110,155
628,28916848,93,141,109,155
659,28916843,115,112,126,162
661,28916835,98,146,93,151
667,28916818,137,127,87,179
620,28916588,85,166,85,141
617,28916569,93,165,72,156
624,28916564,111,136,72,104
635,28916430,93,172,95,179
653,28916419,77,110,103,170
685,28916357,114,158,81,195
657,28916296,118,154,73,132
656,28916209,107,162,117,127
641,28916111,104,116,110,126
646,28916108,118,131,80,148
664,28916046,105,137,109,137
614,28916027,85,140,120,155
636,28915950,95,135,90,126
637,28915887,81,175,115,164
654,28915753,103,116,114,136
664,28915739,109,146,81,146
617,28915739,84,162,87,124
670,28915738,114,136,83,173
614,28915720,87,145,85,151
631,28915674,75,129,86,205
661,28915644,123,140,66,181
663,28915577,106,129,107,141
671,28915567,115,133,97,180
655,28915276,113,153,102,130
632,28915275,82,152,80,156
643,28915259,94,110,100,146
629,28915256,90,164,74,170
631,28915189,92,157,115,142
673,28915085,132,150,118,164
661,28915030,104,161,72,144
667,28914872,119,122,104,180
639,28914854,101,134,83,126
645,28914845,114,131,123,123
650,28914842,121,126,79,146
611,28914795,90,121,98,158
658,28914795,113,117,82,161
626,28914714,81,134,108,167
625,28914501,78,137,71,179
658,28914487,104,132,112,135
621,28914473,75,178,99,140
668,28914473,120,168,84,140
613,28914457,82,178,111,123
618,28914454,82,176,76,155
629,28914426,93,146,104,154
648,28914274,130,144,131,124
625,28914245,78,131,109,179
686,28914242,95,166,86,195
658,28914180,102,144,84,139
636,28914005,96,119,105,115
647,28913993,123,117,98,157
662,28913910,103,137,131,146
683,28913891,100,156,128,173
642,28913804,94,134,87,131
614,28913699,92,141,79,154
661,28913699,119,121,74,174
665,28913624,120,144,99,137
615,28913605,83,155,105,150
662,28913529,131,134,79,159
680,28913372,109,150,97,197
633,28913160,91,160,105,159
630,28913141,79,181,85,162
639,28913094,127,148,102,111
662,28912914,120,170,84,136
645,28912899,114,123,122,127
640,28912739,104,134,99,118
665,28912736,109,116,110,172
651,28912727,97,141,105,155
645,28912708,104,143,84,129
659,28912680,126,112,91,170
658,28912608,101,135,60,161
646,28912422,106,144,104,128
625,28912395,80,167,110,166
626,28912386,76,133,85,178
669,28912358,125,165,92,135
656,28912351,99,137,138,131
619,28912339,74,161,86,155
626,28912333,105,140,94,100
627,28912292,75,148,102,178
652,28912176,121,162,72,128
654,28912128,107,151,129,128
659,28912065,117,157,94,138
658,28911993,114,171,58,140
634,28911869,95,115,122,122
649,28911633,104,143,114,126
662,28911584,95,137,83,159
615,28911583,90,133,92,149
621,28911518,75,125,105,157
663,28911414,108,139,94,160
649,28911326,117,155,81,128
630,28911116,86,151,88,191
637,28911082,74,164,107,172
631,28911026,86,178,105,173
658,28910862,98,192,131,130
663,28910799,98,178,91,131
666,28910699,116,134,134,153
638,28910603,96,131,108,123
646,28910593,114,138,100,132
642,28910408,93,100,88,154
656,28910406,97,120,130,134
666,28910318,120,138,78,181
627,28910270,91,129,103,178
684,28910160,104,158,102,197
625,28910067,89,165,79,169
653,28910060,105,169,84,128
633,28910020,79,157,77,181
657,28909929,127,153,126,139
633,28909842,88,165,145,141
655,28909515,108,128,105,143
647,28909497,122,129,130,126
663,28909468,117,121,106,168
662,28909396,120,142,62,166
637,28909318,87,107,86,141
650,28909211,106,144,95,127
660,28909140,113,142,130,137
623,28909125,93,161,108,141
631,28909078,79,147,113,167
662,28908999,106,113,105,160
655,28908956,104,167,56,137
688,28908894,123,167,111,196
655,28908836,94,129,72,152
637,28908754,90,173,82,175
638,28908657,122,124,111,126
657,28908598,118,117,113,156
621,28908547,101,132,76,97
644,28908457,101,135,125,127
667,28908276,125,151,112,140
617,28908257,80,175,111,144
667,28908202,129,125,103,165
639,28908180,124,147,105,118
652,28907987,97,110,85,145
654,28907945,113,169,97,129
645,28907934,114,171,68,118
634,28907904,90,151,99,199
635,28907812,88,153,113,160
641,28907746,122,149,115,111
612,28907646,76,158,81,121
642,28907391,119,141,119,124
653,28907379,117,132,117,149
661,28907332,99,127,114,153
649,28907277,109,134,74,131
641,28907184,95,112,89,133
642,28907084,104,153,76,126
648,28907075,99,146,123,128
661,28907025,104,150,84,152
671,28907010,130,177,107,136
621,28906991,76,154,108,158
628,28906986,127,130,109,100
629,28906944,77,152,107,168
615,28906779,83,134,95,169
620,28906778,89,160,71,155
628,28906731,84,151,74,179
656,28906721,106,137,83,146
661,28906717,95,147,114,137
638,28906638,91,167,93,187
644,28906511,108,122,109,133
611,28906429,92,165,100,138
646,28906428,113,114,83,131
616,28906380,91,160,79,138
651,28906286,131,142,130,129
623,28906171,80,126,110,170
665,28906066,99,125,108,173
645,28905918,98,133,94,133
653,28905871,102,104,105,143
646,28905818,116,157,83,121
651,28905788,104,183,74,128
633,28905678,85,165,112,160
624,28905654,107,158,99,95
659,28905625,99,138,67,139
613,28905530,89,174,105,119
621,28905483,73,148,104,151
632,28905465,93,156,70,173
665,28905451,101,178,110,137
653,28905434,129,123,121,158
661,28905387,107,119,118,160
640,28905255,121,139,129,125
648,28905245,105,133,124,147
650,28905162,95,130,84,144
621,28905044,86,175,130,131
643,28904969,115,148,106,122
654,28904957,114,154,104,152
648,28904938,108,146,85,134
629,28904923,86,139,121,176
686,28904813,109,154,112,195
656,28904775,111,122,84,148
621,28904663,93,160,85,155
629,28904616,93,145,85,174
657,28904605,112,123,96,138
640,28904423,96,134,73,129
647,28904312,101,117,94,144
617,28904264,92,157,97,136
625,28904217,79,155,104,154
657,28904168,105,135,112,157
665,28904121,117,134,109,163
631,28904075,99,130,89,111
653,28904066,114,139,71,136
645,28903973,112,120,90,130
652,28903863,142,157,111,125
618,28903813,91,144,104,155
632,28903774,112,142,125,102
633,28903731,89,150,134,149
647,28903703,98,165,104,125
652,28903672,108,160,85,131
666,28903644,114,153,99,165
672,28903642,115,126,101,195
637,28903574,102,114,77,124
660,28903509,94,128,84,138
613,28903509,89,137,91,140
672,28903397,119,180,73,171
633,28903350,91,158,81,169
619,28903273,75,119,103,172
650,28903216,103,120,85,132
646,28903109,100,138,131,138
651,28903046,108,120,88,135
654,28903011,120,151,88,151
634,28902979,100,134,84,107
629,28902951,92,190,87,155
669,28902929,127,155,128,136
669,28902855,109,143,122,159
649,28902823,124,161,91,132
649,28902707,116,141,105,131
657,28902660,108,121,95,153
619,28902658,76,157,95,140
627,28902652,74,166,85,146
656,28902597,95,174,110,126
656,28902588,104,132,58,147
622,28902547,90,185,102,157
630,28902500,92,151,87,162
640,28902478,100,121,72,129
637,28902465,76,162,135,155
629,28902428,83,181,63,170
641,28902308,117,139,83,129
632,28902209,89,95,86,156
636,28902201,122,172,85,105
682,28902086,112,144,99,180
644,28902044,107,139,134,124
663,28901985,121,117,129,168
654,28901950,110,141,83,134
624,28901803,73,144,94,146
621,28901708,92,130,76,184
666,28901698,133,148,99,159
623,28901644,87,177,131,158
653,28901557,105,166,89,128
638,28901458,101,114,97,125
611,28901449,81,150,119,128
661,28901394,139,143,94,140
611,28901375,78,137,103,156
663,28901370,104,146,139,130
640,28901291,93,163,107,181
673,28901282,119,182,81,162
634,28901234,80,152,106,194
644,28901212,128,143,72,124
651,28901101,102,119,100,130
658,28901066,101,144,73,140
664,28901049,114,121,74,172
650,28901029,95,126,60,132
625,28900823,89,133,136,163
667,28900719,106,137,128,161
632,28900661,74,162,72,182
647,28900571,114,131,127,132
628,28900537,83,164,87,145
655,28900524,105,116,111,149
670,28900432,135,146,106,161
641,28900362,100,116,85,128
635,28900331,77,167,129,166
642,28900192,98,136,95,122
615,28900183,91,154,108,128
623,28900136,86,156,112,135
667,28900104,123,170,128,132
637,28900086,105,175,86,105
623,28900062,78,135,87,171
679,28900046,104,136,83,199
650,28899898,101,129,130,132
621,28899858,93,171,76,169
655,28899835,114,139,106,139
610,28899804,74,179,102,127
645,28899621,122,145,115,113
622,28899593,92,128,91,172
628,28899511,103,161,83,100
659,28899258,115,134,110,152
674,28899166,125,172,95,164
611,28899120,91,152,83,122
645,28899096,134,140,77,125
649,28898965,111,112,110,134
627,28898870,81,172,107,146
633,28898728,100,125,111,110
633,28898545,89,173,84,178
620,28898466,87,151,109,141
634,28898427,124,131,134,104
649,28898355,112,175,108,120
674,28898294,114,121,115,199
642,28898247,100,124,96,129
633,28898236,104,124,67,125
644,28898223,126,116,70,143
623,28898114,85,124,118,151
662,28898084,127,107,99,187
634,28898066,101,132,81,123
661,28898012,123,132,62,173
680,28897930,114,140,100,195
621,28897926,92,125,107,163
635,28897875,108,122,101,132
662,28897855,116,152,70,143
615,28897854,81,166,81,131
629,28897790,82,141,85,190
622,28897743,89,173,91,169
653,28897699,123,128,109,138
630,28897696,87,148,99,178
648,28897685,92,109,99,164
624,28897637,73,144,94,151
631,28897604,84,166,109,163
609,28897544,78,145,111,151
651,28897475,101,146,114,133
630,28897391,78,179,71,159
659,28897312,111,124,111,146
621,28897311,80,154,107,141
631,28897216,100,108,103,125
624,28897200,91,172,108,151
632,28897153,90,169,111,167
646,28896981,99,137,106,127
637,28896970,112,136,67,123
648,28896957,136,129,71,154
656,28896910,100,130,69,162
627,28896848,90,140,109,154
660,28896835,130,150,104,150
666,28896818,114,132,105,176
643,28896653,110,151,73,121
666,28896589,120,184,69,140
616,28896569,73,178,72,158
627,28896541,82,157,79,155
626,28896455,78,152,116,136
634,28896430,74,156,88,182
668,28896351,119,146,115,156
656,28896296,115,144,71,131
655,28896209,107,167,111,127
640,28896111,107,110,114,129
645,28896108,103,136,82,148
663,28896046,123,137,124,140
613,28896027,82,129,116,149
635,28896004,96,144,108,107
635,28895950,94,131,91,120
640,28895920,104,138,78,127
636,28895887,78,175,108,178
653,28895753,114,122,119,143
616,28895739,91,149,105,141
630,28895674,90,128,95,182
660,28895644,126,129,74,165
627,28895608,83,127,120,122
637,28895516,106,131,111,105
681,28895508,102,156,99,196
654,28895276,104,150,86,138
631,28895275,75,163,81,153
642,28895259,96,111,103,145
628,28895256,78,171,73,168
630,28895189,81,156,118,141
638,28895138,125,132,57,125
672,28895085,102,185,107,152
660,28895030,115,189,74,136
638,28894854,129,139,77,126
644,28894845,124,138,108,129
660,28894844,120,106,95,134
649,28894842,132,134,80,154
659,28894818,98,156,61,136
657,28894795,112,112,78,160
639,28894738,110,178,110,105
625,28894714,78,130,110,166
644,28894538,133,144,84,126
624,28894501,83,141,71,171
657,28894487,115,139,117,149
667,28894473,111,178,84,140
620,28894473,89,165,94,135
612,28894457,84,169,109,129
617,28894454,86,168,82,157
624,28894448,101,129,83,100
628,28894426,86,147,88,157
625,28894407,89,147,85,183
647,28894274,119,148,130,122
624,28894245,92,132,112,174
657,28894180,103,146,81,133
635,28894005,115,124,98,123
646,28893993,122,114,101,158
661,28893910,107,134,129,148
676,28893819,137,165,117,165
641,28893804,105,125,100,129
633,28893794,97,106,117,130
620,28893661,76,153,109,166
664,28893624,125,152,93,140
651,28893617,109,116,130,141
640,28893616,113,145,62,113
614,28893605,86,144,97,152
661,28893529,121,133,79,169
629,28893522,74,176,129,139
647,28893442,104,145,70,127
632,28893160,84,179,91,154
629,28893141,83,179,84,172
651,28893008,119,163,128,125
661,28892914,111,167,82,137
644,28892899,95,116,116,128
616,28892784,90,130,87,144
639,28892739,104,136,100,124
650,28892727,103,129,90,155
658,28892680,109,115,86,173
664,28892433,130,126,72,162
624,28892395,89,178,110,167
625,28892386,88,137,83,169
668,28892358,115,154,105,144
655,28892351,116,137,129,147
632,28892348,79,152,108,176
618,28892339,92,167,103,155
625,28892333,117,125,87,106
626,28892292,73,146,95,163
633,28892256,92,183,131,154
651,28892176,115,189,65,125
653,28892128,113,144,128,134
658,28892065,123,147,97,134
646,28892047,121,123,106,139
657,28891993,100,174,63,133
648,28891633,103,143,121,116
661,28891584,118,120,84,161
614,28891583,91,138,98,146
620,28891518,79,131,102,153
629,28891501,91,136,130,160
662,28891488,133,148,111,138
668,28891470,105,129,109,171
662,28891414,128,128,100,178
648,28891326,116,153,79,128
628,28891237,118,126,78,105
636,28891082,90,167,113,175
630,28891026,75,167,87,165
642,28890877,92,109,98,151
635,28890869,87,183,71,188
657,28890862,112,160,128,129
662,28890799,111,159,87,131
621,28890793,87,130,75,181
650,28890781,119,122,90,151
642,28890763,121,111,133,126
658,28890734,104,121,88,162
637,28890603,100,131,111,126
645,28890593,105,132,98,127
660,28890515,117,177,55,137
618,28890391,85,158,112,137
632,28890327,75,143,107,186
665,28890318,95,129,80,165
626,28890270,89,134,102,165
639,28890169,102,143,129,109
639,28890167,77,110,78,132
652,28890060,104,172,83,123
632,28890020,86,151,81,198
656,28889929,107,148,114,142
654,28889515,141,129,88,152
662,28889497,120,108,113,136
646,28889497,117,128,128,121
662,28889468,120,123,93,168
649,28889211,137,148,90,126
659,28889140,107,134,130,136
629,28889122,120,129,98,107
614,28889109,76,171,128,129
630,28889078,87,148,110,155
687,28888894,105,155,106,195
654,28888836,95,132,71,136
636,28888754,77,177,84,184
637,28888657,107,123,107,124
648,28888645,129,130,111,151
643,28888457,109,132,109,149
666,28888276,118,151,117,142
616,28888257,80,155,111,158
666,28888202,102,142,96,173
638,28888180,96,145,86,119
643,28888034,104,137,75,132
651,28887987,110,115,85,143
625,28887951,90,168,91,163
653,28887945,99,169,94,129
644,28887934,100,157,67,122
633,28887904,90,144,90,192
634,28887812,86,161,107,152
658,28887570,108,128,68,151
646,28887552,117,123,129,129
641,28887391,100,125,109,123
652,28887379,132,132,109,153
660,28887332,124,115,107,161
648,28887277,95,133,74,142
641,28887084,96,153,83,126
670,28887010,124,162,125,136
620,28886991,93,168,107,158
627,28886986,106,126,121,103
628,28886944,79,165,115,173
654,28886891,103,123,73,149
614,28886779,87,129,90,169
619,28886778,90,162,68,155
627,28886731,92,151,69,167
655,28886721,124,142,78,147
660,28886717,105,150,122,131
676,28886702,100,179,83,174
637,28886638,82,181,87,190
643,28886511,99,124,116,133
644,28886480,103,173,109,107
621,28886432,120,143,91,97
645,28886428,107,116,82,141
658,28886360,120,136,52,173
623,28886333,74,166,79,145
650,28886286,112,140,137,129
616,28886236,87,135,118,158
629,28886190,121,132,80,108
664,28886066,94,123,109,169
644,28885918,109,131,95,134
652,28885871,105,116,102,142
645,28885818,107,160,82,124
650,28885788,100,159,74,135
664,28885759,102,154,81,161
635,28885689,116,116,70,113
632,28885678,82,179,117,164
658,28885625,118,137,72,142
612,28885530,91,180,96,130
626,28885466,91,128,93,182
631,28885465,85,170,74,164
664,28885451,108,165,122,143
652,28885434,114,139,109,150
660,28885387,100,123,115,166
648,28885332,103,123,74,131
639,28885255,106,137,131,125
647,28885245,94,134,113,127
649,28885162,104,128,85,133
642,28884969,105,145,86,123
647,28884938,99,148,80,130
628,28884923,86,136,108,168
647,28884822,129,133,82,134
655,28884775,119,124,79,135
625,28884768,91,176,74,144
620,28884663,84,160,83,157
667,28884663,117,145,72,160
628,28884616,83,149,85,169
656,28884605,106,126,102,135
677,28884586,101,157,92,171
658,28884581,98,146,128,142
639,28884423,107,135,73,125
646,28884312,108,116,93,142
616,28884264,89,183,92,140
645,28884240,118,121,61,147
622,28884225,79,138,118,152
624,28884217,81,171,96,139
664,28884121,126,123,116,173
630,28884075,102,126,96,108
652,28884066,97,142,74,130
651,28883863,112,145,123,119
617,28883813,91,154,92,156
646,28883703,102,176,92,118
651,28883672,102,175,82,134
665,28883644,125,147,101,160
636,28883574,96,116,83,129
689,28883547,109,156,116,196
659,28883509,120,138,84,138
632,28883350,79,165,84,182
618,28883273,90,133,90,175
649,28883216,95,118,81,137
645,28883109,96,136,128,131
650,28883046,105,125,96,135
658,28883040,127,125,80,142
653,28883011,132,147,97,137
628,28882951,92,190,90,169
668,28882855,133,143,112,168
640,28882833,126,146,107,117
648,28882823,108,154,90,132
648,28882707,106,135,93,129
656,28882660,107,112,93,152
626,28882652,82,160,85,141
655,28882597,117,187,117,128
668,28882548,114,147,78,165
621,28882547,88,149,103,154
629,28882500,84,155,94,173
636,28882465,85,162,129,150
640,28882308,95,131,84,119
621,28882177,91,143,84,168
654,28882119,113,126,62,140
643,28882044,96,141,130,123
662,28881985,107,110,132,178
653,28881950,121,138,85,136
657,28881745,111,157,100,145
665,28881698,115,147,99,155
622,28881644,80,168,130,153
652,28881557,99,166,102,136
637,28881458,101,113,102,128
660,28881394,97,141,90,142
636,28881386,103,127,63,124
610,28881375,81,138,86,154
662,28881370,109,144,133,146
632,28881352,117,144,102,103
639,28881291,89,169,107,172
672,28881282,102,172,85,168
633,28881234,92,166,94,181
643,28881212,111,130,73,128
650,28881101,104,121,95,132
649,28881029,113,132,61,143
659,28880925,129,117,103,164
634,28880864,112,128,105,110
624,28880823,79,125,131,153
666,28880719,120,130,132,160
646,28880687,95,144,120,134
646,28880571,107,131,113,130
627,28880537,84,173,103,151
654,28880524,120,117,110,143
669,28880432,111,157,96,169
640,28880362,121,122,75,129
634,28880331,75,177,130,164
641,28880192,99,131,106,127
614,28880183,81,147,120,134
666,28880104,105,168,131,146
636,28880086,109,169,99,105
622,28880062,84,128,91,168
678,28880046,118,137,85,197
649,28879898,104,131,128,134
620,28879858,87,174,80,170
654,28879835,112,131,95,151
609,28879804,78,167,98,129
663,28879659,128,124,101,150
644,28879621,107,152,121,122
621,28879593,77,130,93,171
658,28879258,131,135,114,143
673,28879166,128,162,88,161
644,28879096,118,135,85,128
648,28878965,123,107,114,153
664,28878933,136,129,75,180
626,28878870,81,176,112,142
632,28878728,118,124,107,109
632,28878545,78,164,85,184
648,28878355,118,169,120,124
600,28878340,83,171,117,107
667,28878296,111,145,125,165
673,28878294,112,132,109,196
641,28878247,107,124,97,125
661,28878084,114,114,105,175
633,28878066,110,136,85,126
679,28877930,102,140,102,197
620,28877926,83,127,119,172
661,28877855,116,150,70,141
614,28877854,84,168,84,134
667,28877837,116,132,74,177
621,28877743,80,161,89,170
663,28877713,111,143,87,154
652,28877699,94,126,121,143
629,28877696,76,144,106,189
630,28877604,78,164,114,153
650,28877475,107,149,119,133
652,28877392,102,149,79,136
629,28877391,87,168,70,146
658,28877312,101,124,119,151
630,28877216,109,116,86,121
623,28877200,91,172,112,153
631,28877153,87,150,113,169
629,28877144,104,118,58,121
617,28876987,80,135,93,161
645,28876981,116,136,96,121
636,28876970,103,131,72,124
626,28876848,85,140,108,164
638,28876609,123,130,103,138
665,28876589,119,179,71,145
618,28876588,76,169,80,141
615,28876569,78,165,73,155
633,28876430,77,166,89,180
655,28876296,98,150,71,136
654,28876209,105,166,114,135
633,28876120,106,121,85,122
639,28876111,106,116,116,123
644,28876108,99,129,75,146
662,28876046,115,140,110,136
634,28875950,114,126,91,126
639,28875920,94,133,81,132
635,28875887,90,159,112,168
652,28875753,111,124,107,137
662,28875739,126,151,81,152
615,28875739,90,154,93,134
607,28875723,77,148,121,124
629,28875674,81,136,86,179
659,28875644,120,135,70,161
661,28875577,133,122,122,155
653,28875276,97,145,99,137
630,28875275,88,178,77,157
641,28875259,115,109,99,143
627,28875256,88,177,70,166
629,28875189,92,164,111,155
656,28875176,111,115,135,136
671,28875085,111,146,111,165
659,28875030,117,155,73,142
665,28874872,111,122,86,181
637,28874854,110,141,85,125
643,28874845,105,129,108,122
648,28874842,112,128,78,153
609,28874795,79,134,98,158
656,28874795,107,128,80,159
623,28874501,79,132,73,183
656,28874487,101,132,117,134
666,28874473,116,158,85,137
619,28874473,89,169,96,139
611,28874457,80,173,112,128
616,28874454,77,173,75,157
627,28874426,81,144,99,156
646,28874274,122,161,134,124
623,28874245,86,129,110,180
684,28874242,100,174,89,195
656,28874180,104,157,83,132
634,28874005,110,122,92,120
645,28873993,121,127,98,148
653,28873946,102,116,98,160
660,28873910,111,142,132,147
675,28873819,126,160,120,172
640,28873804,97,126,103,134
651,28873746,100,141,72,155
659,28873699,107,115,74,160
663,28873624,106,149,94,141
669,28873606,120,134,87,175
613,28873605,76,144,97,152
660,28873529,113,132,82,163
631,28873160,83,189,97,155
628,28873141,87,172,81,171
650,28873008,103,171,130,125
660,28872914,97,170,81,130
643,28872899,99,123,122,126
648,28872897,137,139,77,145
638,28872739,112,133,92,123
649,28872727,109,125,100,157
657,28872708,114,95,112,142
657,28872680,113,114,106,169
656,28872608,97,128,61,160
663,28872433,126,138,67,165
644,28872422,99,144,90,119
623,28872395,85,178,110,169
624,28872386,85,137,83,165
667,28872358,127,179,106,144
654,28872351,100,126,138,138
631,28872348,83,159,112,194
617,28872339,74,159,100,155
624,28872333,97,121,99,101
625,28872292,81,153,98,168
650,28872176,116,158,71,127
652,28872128,115,148,130,132
657,28872065,109,144,95,151
656,28871993,114,183,58,148
622,28871963,82,186,140,134
641,28871828,120,170,95,110
647,28871633,122,140,113,127
652,28871631,134,138,79,151
663,28871602,127,124,101,162
660,28871584,114,116,84,169
613,28871583,86,141,87,149
667,28871470,127,122,114,182
661,28871414,116,122,87,167
647,28871326,104,147,82,128
635,28871082,78,161,107,181
653,28871072,87,125,107,167
629,28871026,81,157,102,169
608,28870874,76,181,117,140
634,28870869,88,166,72,189
656,28870862,103,168,130,129
661,28870799,104,178,95,148
649,28870781,103,124,106,151
641,28870763,116,113,129,125
664,28870699,125,139,128,152
636,28870603,96,124,114,117
644,28870593,104,139,101,127
617,28870391,83,145,116,134
664,28870318,138,138,75,177
625,28870270,84,141,99,172
663,28870230,115,134,131,146
651,28870060,113,174,82,127
655,28869929,108,146,125,134
643,28869911,94,115,108,150
631,28869842,88,171,130,150
645,28869611,85,130,105,143
653,28869515,130,136,98,153
645,28869497,111,130,132,127
661,28869468,118,140,98,171
611,28869447,87,126,111,155
648,28869211,118,145,91,118
658,28869140,111,135,129,153
621,28869125,86,147,117,138
628,28869122,114,134,101,107
629,28869078,83,149,107,157
660,28868999,102,110,95,161
686,28868894,100,161,99,196
653,28868836,102,118,74,145
635,28868754,88,182,82,191
636,28868657,117,124,120,120
647,28868645,96,125,119,140
655,28868598,99,117,123,164
642,28868457,95,133,114,132
665,28868276,111,145,114,137
615,28868257,92,149,117,156
665,28868202,102,138,93,161
637,28868180,96,145,89,125
614,28868044,92,152,73,154
642,28868034,120,132,84,134
650,28867987,101,116,82,146
624,28867951,93,165,94,170
652,28867945,113,167,104,126
643,28867934,96,155,74,124
633,28867812,89,166,114,162
645,28867552,105,121,131,126
640,28867391,117,141,109,124
651,28867379,111,135,107,157
659,28867332,109,131,124,159
647,28867277,95,132,74,132
639,28867184,106,115,91,120
623,28867112,81,139,77,183
640,28867084,112,149,80,120
646,28867075,103,145,113,127
669,28867010,120,174,116,151
619,28866991,75,180,107,156
626,28866986,104,131,118,106
627,28866944,93,145,114,177
613,28866779,86,142,101,167
618,28866778,76,168,73,152
654,28866721,96,132,77,145
659,28866717,131,159,120,140
636,28866638,83,166,88,181
609,28866429,87,153,102,139
644,28866428,101,112,85,139
649,28866286,106,137,139,129
615,28866236,80,133,111,153
628,28866190,121,139,85,104
621,28866171,93,136,111,162
663,28866066,104,133,113,165
643,28865918,139,120,97,130
651,28865871,113,116,102,143
644,28865818,105,177,82,119
649,28865788,98,165,74,136
663,28865759,119,145,81,165
634,28865689,108,113,72,120
631,28865678,85,174,125,176
622,28865654,101,168,89,96
611,28865530,84,165,103,132
630,28865465,80,172,74,169
663,28865451,121,163,113,136
651,28865434,125,127,117,151
659,28865387,97,124,116,153
638,28865255,109,121,129,116
646,28865245,95,142,114,130
648,28865162,117,130,84,130
624,28864997,92,137,89,188
641,28864969,116,152,100,118
627,28864923,90,129,109,165
640,28864897,111,167,62,125
646,28864822,113,142,81,134
607,28864775,74,141,90,129
666,28864663,106,173,68,152
619,28864663,92,169,83,150
627,28864616,83,148,78,180
655,28864605,114,125,90,149
638,28864423,100,128,71,120
633,28864316,108,177,73,104
645,28864312,94,114,105,139
615,28864264,80,161,102,138
623,28864217,80,170,103,145
663,28864121,119,119,115,164
629,28864075,96,125,88,106
651,28864066,111,136,66,139
643,28863973,107,123,90,132
650,28863863,115,148,114,126
616,28863813,74,160,100,157
645,28863703,98,170,90,121
650,28863672,105,168,75,141
664,28863644,103,145,90,171
670,28863642,111,136,96,197
635,28863574,100,117,75,122
688,28863547,105,165,109,195
658,28863509,109,139,83,136
670,28863397,119,168,69,160
631,28863350,93,171,81,161
659,28863339,106,134,96,147
617,28863273,87,124,90,164
648,28863216,105,122,82,138
649,28863046,116,123,101,135
657,28863040,114,135,81,158
632,28862979,104,143,85,104
627,28862951,77,171,87,160
659,28862892,99,146,62,153
667,28862855,101,140,115,159
639,28862833,118,149,123,125
647,28862823,119,148,97,130
647,28862707,111,127,106,134
655,28862660,107,124,102,143
654,28862597,114,167,107,125
667,28862548,126,146,82,164
620,28862547,91,185,100,155
628,28862500,77,161,101,175
635,28862465,83,180,129,155
639,28862308,102,132,77,121
634,28862201,111,161,78,106
623,28862196,75,141,106,161
654,28862191,94,117,88,153
642,28862044,99,131,132,123
653,28862032,127,137,131,157
661,28861985,102,121,129,162
652,28861950,94,139,83,139
641,28861837,126,114,123,121
656,28861745,100,168,93,148
648,28861727,118,144,133,116
621,28861644,75,166,139,155
663,28861626,117,144,62,174
651,28861557,100,175,90,130
636,28861458,114,117,106,123
659,28861394,109,136,91,140
635,28861386,99,122,58,126
609,28861375,91,134,88,158
661,28861370,104,149,131,135
631,28861352,101,157,96,98
638,28861291,85,169,109,176
671,28861282,128,175,84,160
632,28861234,88,173,104,178
642,28861212,105,136,72,125
649,28861101,103,120,89,132
657,28861095,129,116,84,151
658,28860925,119,134,102,147
633,28860864,107,142,89,110
684,28860820,109,160,90,183
645,28860571,123,129,109,133
626,28860537,76,173,103,150
653,28860524,114,117,111,150
668,28860432,97,165,92,161
639,28860362,108,120,80,128
667,28860360,107,172,62,162
633,28860331,84,168,135,164
659,28860199,129,117,85,171
640,28860192,96,126,104,126
631,28860181,107,130,71,122
663,28860128,110,128,87,142
665,28860104,114,168,137,137
635,28860086,117,172,102,107
648,28859898,95,137,130,139
653,28859835,108,140,89,132
646,28859630,89,103,104,168
643,28859621,97,149,108,120
620,28859593,81,129,95,173
657,28859258,104,122,115,138
678,28859239,105,167,125,171
648,28859168,122,144,74,133
672,28859166,115,164,88,175
643,28859096,120,140,83,124
616,28859009,88,144,104,168
647,28858965,100,114,124,135
663,28858933,102,124,82,191
617,28858917,87,165,124,141
625,28858870,86,175,107,145
631,28858728,113,140,125,111
675,28858719,99,146,90,195
616,28858704,84,183,74,140
645,28858625,106,121,110,130
631,28858545,86,156,84,174
618,28858466,89,146,112,157
647,28858355,108,160,117,125
666,28858296,116,146,117,167
640,28858247,105,123,100,129
660,28858084,110,116,100,176
632,28858066,107,120,83,120
654,28858056,115,99,94,135
678,28857930,96,135,100,196
660,28857855,120,157,73,143
620,28857743,81,161,106,160
662,28857713,134,139,101,147
651,28857699,97,130,110,144
628,28857696,83,145,105,174
646,28857685,93,108,93,169
629,28857604,93,164,111,150
649,28857475,107,146,108,129
651,28857392,98,148,81,133
628,28857391,88,167,69,152
649,28857359,114,142,115,125
657,28857312,117,119,115,141
622,28857200,86,161,113,153
630,28857153,93,151,107,188
649,28857052,117,152,78,133
644,28856981,118,140,98,120
635,28856970,111,133,68,120
654,28856910,105,110,72,161
607,28856910,74,129,76,157
625,28856848,74,136,124,158
658,28856835,106,155,86,140
664,28856818,113,128,88,178
637,28856609,107,131,106,139
664,28856589,108,164,69,153
603,28856512,86,127,90,140
632,28856430,88,178,96,186
682,28856357,96,183,78,196
666,28856351,105,154,107,154
654,28856296,109,149,68,135
653,28856209,109,172,112,129
638,28856111,103,117,113,126
643,28856108,110,132,84,151
661,28856046,118,131,122,162
611,28856027,93,135,125,157
633,28855950,98,126,99,120
634,28855887,79,164,109,168
653,28855786,104,169,83,134
651,28855753,101,122,126,137
661,28855739,120,146,82,151
667,28855722,126,141,81,171
628,28855674,91,134,87,185
658,28855644,119,124,73,169
660,28855577,109,140,119,162
644,28855549,91,96,107,168
635,28855516,106,135,112,108
652,28855276,105,145,94,135
629,28855275,78,166,80,153
640,28855259,109,112,104,146
626,28855256,73,162,71,166
628,28855189,90,166,109,159
670,28855085,129,148,109,166
658,28855030,100,152,73,130
650,28854937,107,146,101,128
636,28854854,118,136,83,120
642,28854845,95,135,118,117
647,28854842,95,133,81,155
655,28854795,102,113,81,167
637,28854738,97,174,120,107
623,28854714,81,135,113,168
655,28854487,104,131,111,132
618,28854473,84,163,100,141
665,28854473,114,177,77,142
610,28854457,77,160,113,129
615,28854454,85,171,80,158
626,28854426,76,153,95,162
683,28854242,101,172,101,195
655,28854180,117,166,84,132
643,28854163,101,124,82,147
633,28854005,104,124,94,126
644,28853993,112,122,105,149
652,28853946,104,113,97,159
659,28853910,102,140,128,141
651,28853874,107,113,63,163
674,28853819,96,171,115,161
650,28853746,118,143,67,158
611,28853699,84,141,85,149
658,28853699,106,122,74,160
662,28853624,107,162,102,144
668,28853622,99,137,89,173
649,28853617,98,117,128,138
612,28853605,79,144,96,145
659,28853529,117,135,81,172
627,28853522,83,180,131,145
641,28853398,144,126,105,140
625,28853352,113,136,72,108
630,28853160,85,157,89,150
627,28853141,85,179,77,164
649,28853008,119,175,131,125
659,28852914,122,171,81,139
642,28852899,107,124,120,122
647,28852897,115,123,79,149
648,28852801,135,150,113,134
637,28852739,102,142,90,115
648,28852727,112,119,96,149
642,28852708,102,141,81,129
656,28852680,96,114,89,161
655,28852608,101,131,61,162
680,28852583,96,142,115,196
638,28852523,81,100,76,161
662,28852433,100,143,72,164
643,28852422,105,145,100,127
622,28852395,90,169,111,162
623,28852386,85,126,78,170
666,28852358,113,164,86,140
653,28852351,107,132,128,130
616,28852339,83,175,89,150
624,28852292,73,147,93,185
649,28852176,100,156,74,118
629,28852135,79,147,71,185
651,28852128,113,144,137,139
656,28852065,113,153,106,139
629,28852048,107,163,109,100
644,28852047,101,119,94,145
655,28851993,100,170,62,141
631,28851869,94,109,109,124
646,28851633,133,135,120,129
659,28851584,108,124,84,167
620,28851536,92,124,96,175
660,28851488,137,146,108,135
660,28851414,107,130,100,177
618,28851333,92,150,82,166
646,28851326,113,149,81,128
626,28851237,104,139,85,105
634,28851082,85,171,111,177
628,28851026,86,176,92,164
640,28850884,98,129,55,158
633,28850869,74,187,69,180
655,28850862,97,173,130,137
660,28850799,124,157,100,136
648,28850781,111,140,102,148
640,28850763,96,105,130,118
656,28850734,95,124,90,159
663,28850699,110,132,131,139
635,28850603,98,133,118,123
643,28850593,97,137,91,137
653,28850406,104,124,132,134
616,28850391,80,166,107,133
663,28850318,101,129,84,165
624,28850270,87,128,100,173
640,28850149,105,136,64,130
650,28850060,108,166,84,120
654,28849929,107,144,108,142
642,28849911,98,116,120,150
676,28849856,102,143,94,181
662,28849849,108,131,85,164
630,28849842,85,161,128,156
644,28849611,82,130,99,143
652,28849589,126,144,117,133
652,28849515,99,133,93,157
660,28849497,122,105,109,129
644,28849497,107,133,134,127
660,28849468,106,138,105,161
610,28849447,76,134,108,154
647,28849211,128,145,92,124
657,28849140,107,137,128,140
620,28849125,90,174,109,141
627,28849122,110,137,102,107
628,28849078,79,150,107,160
659,28848999,118,116,94,174
685,28848894,109,165,95,198
652,28848836,100,130,74,136
634,28848754,75,170,85,187
646,28848645,107,130,110,143
676,28848471,116,192,130,159
641,28848457,99,133,118,129
646,28848338,119,151,85,149
664,28848276,129,147,114,140
614,28848257,82,181,111,150
664,28848202,113,136,97,159
636,28848180,103,144,94,126
649,28847987,128,117,79,138
623,28847951,88,169,103,162
651,28847945,131,166,87,122
642,28847934,105,173,72,116
631,28847904,83,149,87,183
632,28847812,78,173,107,156
663,28847733,110,128,90,166
639,28847391,106,134,115,126
650,28847379,135,139,112,157
658,28847332,116,134,121,156
646,28847277,118,136,70,136
638,28847184,119,114,105,134
639,28847084,97,154,81,124
645,28847075,100,144,107,129
668,28847010,134,162,111,147
618,28846991,84,158,115,158
626,28846944,80,145,114,164
652,28846891,94,115,68,148
653,28846721,114,139,77,139
658,28846717,101,151,113,141
635,28846638,88,169,90,180
642,28846480,128,166,118,111
621,28846333,90,160,84,145
648,28846286,136,141,131,128
614,28846236,91,126,107,158
627,28846190,120,124,81,109
622,28846189,73,120,107,164
620,28846171,85,131,111,167
662,28846066,121,126,107,162
642,28845918,106,130,94,119
650,28845871,102,113,88,149
643,28845818,119,154,79,125
649,28845799,116,132,62,144
648,28845788,97,181,65,137
630,28845678,88,170,114,168
656,28845625,100,135,69,136
610,28845530,88,166,97,134
629,28845465,88,184,73,173
662,28845451,108,172,108,130
650,28845434,109,134,107,147
658,28845387,110,121,107,157
646,28845332,94,121,70,140
637,28845255,113,132,138,124
645,28845245,96,130,107,132
647,28845162,105,134,83,142
618,28845044,87,170,141,129
640,28844969,122,144,94,113
626,28844923,83,134,108,173
639,28844897,109,160,59,116
645,28844822,136,136,85,126
683,28844813,118,165,110,196
618,28844663,87,169,75,158
665,28844663,117,148,73,175
626,28844616,83,145,79,162
654,28844605,94,141,105,140
656,28844581,96,146,134,130
637,28844423,110,127,74,128
644,28844312,115,115,88,138
614,28844264,82,175,102,141
622,28844217,77,179,86,155
654,28844168,130,136,122,153
662,28844121,109,119,116,165
628,28844075,116,123,97,111
650,28844066,100,141,73,133
642,28843973,119,113,101,134
649,28843863,118,152,122,128
615,28843813,84,154,88,157
629,28843774,100,143,117,107
644,28843703,105,175,97,123
649,28843672,96,178,84,135
663,28843644,127,144,101,164
669,28843642,102,126,101,199
634,28843574,104,116,77,118
657,28843509,98,142,83,146
630,28843350,89,166,85,182
658,28843339,115,121,87,147
648,28843298,120,131,136,141
675,28843278,96,140,106,196
647,28843216,118,123,85,139
648,28843046,120,140,102,150
651,28843011,111,145,90,150
626,28842951,73,177,105,159
666,28842855,117,140,110,159
646,28842823,97,144,90,130
645,28842751,95,167,58,132
646,28842707,127,129,92,129
654,28842660,103,123,103,136
653,28842597,135,167,111,120
666,28842548,113,159,79,157
619,28842547,84,170,97,155
627,28842500,84,151,87,174
634,28842465,91,169,132,145
638,28842308,100,130,79,120
622,28842196,89,129,86,147
675,28842161,108,143,74,196
641,28842044,96,141,131,121
651,28841950,101,136,85,134
660,28841774,110,135,76,153
655,28841745,130,156,102,142
663,28841698,116,145,92,158
670,28841663,98,166,129,147
620,28841644,73,187,131,151
650,28841557,104,172,95,141
635,28841458,122,116,96,128
658,28841394,125,131,89,135
608,28841375,87,132,95,157
660,28841370,112,150,128,142
630,28841352,104,144,106,108
637,28841291,89,184,115,183
670,28841282,112,167,85,166
631,28841234,73,173,94,171
641,28841212,121,134,70,128
627,28841116,73,108,121,116
648,28841101,120,121,101,142
656,28841095,102,124,85,150
657,28840925,130,138,97,148
649,28840875,118,148,111,147
632,28840864,106,130,94,110
664,28840719,95,138,128,161
644,28840687,105,149,122,132
644,28840571,114,138,107,134
625,28840537,78,173,87,137
652,28840524,95,116,110,145
667,28840432,120,159,104,152
623,28840306,104,155,127,97
658,28840199,99,114,79,186
639,28840192,104,130,106,127
612,28840183,82,164,107,132
664,28840104,98,167,128,132
634,28840086,111,162,98,101
626,28839994,106,111,107,108
647,28839898,104,138,134,133
618,28839858,87,170,78,168
652,28839835,122,131,88,135
660,28839829,116,136,82,145
649,28839709,103,127,51,161
645,28839630,84,103,96,175
642,28839621,114,156,126,122
619,28839593,78,126,97,180
661,28839562,108,145,126,158
649,28839507,124,144,70,131
627,28839332,99,114,84,126
656,28839258,109,125,113,139
671,28839166,116,168,103,166
642,28839096,107,128,82,125
646,28838965,94,113,124,147
656,28838951,110,144,80,138
662,28838933,123,136,77,181
624,28838870,78,166,111,143
664,28838773,108,142,130,152
630,28838728,102,132,116,104
644,28838625,103,120,116,131
630,28838545,77,170,85,190
651,28838516,115,150,128,126
617,28838466,84,154,116,156
646,28838355,108,179,108,118
665,28838296,118,148,118,163
639,28838247,98,123,103,128
631,28838066,100,128,85,125
660,28837992,117,130,119,157
677,28837930,111,132,104,199
618,28837926,73,128,110,173
619,28837743,79,186,92,167
661,28837713,119,142,103,135
650,28837699,118,132,116,147
628,28837604,87,163,116,151
648,28837475,99,149,119,133
650,28837392,107,153,78,136
648,28837359,128,139,118,134
663,28837324,105,183,55,166
656,28837312,110,119,118,147
621,28837200,92,164,113,148
629,28837153,75,156,108,189
662,28836988,107,122,80,191
643,28836981,97,135,95,123
634,28836970,95,139,70,118
645,28836957,100,123,71,154
653,28836910,99,115,66,164
657,28836835,113,146,99,140
663,28836818,115,118,92,182
636,28836609,107,120,87,139
663,28836589,126,162,73,141
616,28836588,85,159,76,141
613,28836569,83,165,74,155
631,28836430,91,176,90,186
657,28836398,112,176,125,148
665,28836351,95,150,107,152
653,28836296,118,144,73,144
604,28836221,81,150,93,138
652,28836209,102,156,122,131
637,28836111,99,116,117,129
642,28836108,111,132,75,150
660,28836046,117,133,109,148
632,28836004,107,156,111,100
632,28835950,100,128,97,120
637,28835920,96,127,84,132
633,28835887,79,163,107,173
650,28835753,97,121,118,130
660,28835739,107,149,83,142
613,28835739,77,175,97,131
666,28835722,106,134,79,185
657,28835644,129,134,71,173
659,28835577,133,115,121,152
643,28835549,79,100,115,167
634,28835516,122,127,110,105
651,28835276,102,146,105,136
628,28835275,81,150,84,158
627,28835189,82,167,110,152
669,28835085,111,157,108,173
657,28835030,100,164,74,145
649,28834937,145,147,102,132
663,28834872,111,121,95,171
635,28834854,96,138,85,116
641,28834845,119,124,121,121
646,28834842,106,128,83,157
614,28834835,86,172,136,128
640,28834824,111,143,70,127
654,28834795,125,112,84,163
636,28834738,112,162,111,105
622,28834714,73,133,107,172
641,28834538,109,144,80,126
654,28834487,101,142,114,146
664,28834473,108,161,84,140
617,28834473,88,154,96,139
609,28834457,89,166,127,126
614,28834454,75,174,84,158
625,28834426,92,146,96,158
644,28834274,111,154,130,124
621,28834245,77,142,111,179
682,28834242,101,162,90,196
654,28834180,95,145,77,130
632,28834005,98,122,89,111
643,28833993,94,134,92,142
651,28833946,103,114,93,152
631,28833933,112,132,58,126
642,28833921,96,131,63,157
658,28833910,104,133,128,140
673,28833819,124,172,113,166
638,28833804,107,132,94,134
649,28833746,101,142,74,148
661,28833624,115,153,104,149
648,28833617,129,114,132,132
667,28833606,107,141,104,187
658,28833529,123,126,76,165
644,28833442,119,154,64,125
632,28833380,118,129,133,102
629,28833160,75,166,95,157
626,28833141,84,188,77,172
648,28833008,119,172,132,116
658,28832914,116,160,85,130
641,28832899,128,120,112,127
646,28832897,110,122,81,143
636,28832739,116,138,102,121
647,28832727,100,127,97,158
655,28832680,97,109,97,160
661,28832433,131,139,69,165
642,28832422,127,145,98,123
621,28832395,82,154,108,170
665,28832358,109,179,92,139
652,28832351,112,126,130,145
615,28832339,85,170,95,152
622,28832333,94,132,98,108
623,28832292,86,152,88,171
648,28832176,97,172,67,120
650,28832128,101,146,130,141
655,28832065,111,152,98,141
643,28832047,103,124,106,149
654,28831993,99,169,63,135
629,28831916,130,138,81,115
630,28831869,105,115,114,120
639,28831828,108,173,93,111
645,28831633,133,135,110,125
650,28831631,102,141,81,157
658,28831584,120,139,80,153
611,28831583,89,141,104,154
619,28831536,82,121,89,176
659,28831414,103,124,96,164
645,28831326,98,151,85,127
625,28831237,119,127,82,104
657,28831115,119,112,79,172
633,28831082,83,164,108,177
627,28831026,73,165,95,172
654,28830862,111,169,129,137
659,28830799,100,160,103,132
647,28830781,109,131,91,143
655,28830734,110,121,87,154
662,28830699,134,126,130,148
612,28830680,88,143,129,156
634,28830603,100,127,108,114
642,28830593,101,143,93,143
638,28830408,83,98,103,141
652,28830406,96,123,129,139
615,28830391,83,160,114,134
662,28830318,100,134,78,164
634,28830296,96,146,81,114
623,28830270,91,131,106,172
647,28830102,121,114,73,153
649,28830060,103,163,83,123
653,28829929,111,145,115,142
675,28829856,114,134,103,178
661,28829849,110,133,83,162
630,28829801,122,137,99,114
635,28829658,91,131,96,129
651,28829571,109,128,56,173
651,28829515,110,132,90,150
643,28829497,102,130,131,126
659,28829468,111,122,105,172
658,28829396,101,132,62,171
646,28829211,94,144,93,124
656,28829140,127,143,129,134
645,28829139,115,180,61,125
619,28829125,90,173,127,141
626,28829122,120,136,102,106
627,28829078,92,150,109,166
658,28828999,112,115,99,172
684,28828894,101,169,100,195
651,28828836,108,128,66,138
633,28828754,93,167,82,178
619,28828677,83,126,92,192
634,28828657,94,124,111,126
645,28828645,98,122,124,145
640,28828457,94,124,107,137
663,28828276,103,146,117,149
613,28828257,75,148,117,158
663,28828202,124,128,94,159
635,28828180,95,146,95,123
640,28828034,115,121,75,130
648,28827987,97,116,80,147
622,28827951,87,175,88,159
650,28827945,123,160,104,129
641,28827934,94,170,72,118
631,28827812,83,160,114,151
662,28827733,97,141,101,172
638,28827391,121,130,119,123
649,28827379,102,138,127,158
657,28827332,97,140,123,153
645,28827277,99,130,71,131
637,28827184,103,111,86,127
638,28827084,130,146,85,110
644,28827075,104,146,110,116
667,28827010,119,165,121,149
617,28826991,90,169,107,157
624,28826986,117,133,119,108
625,28826944,83,153,118,187
616,28826778,93,172,69,158
652,28826721,103,125,84,138
657,28826717,134,147,125,133
645,28826700,113,124,119,148
634,28826638,93,176,88,171
652,28826628,88,127,102,166
642,28826428,96,112,85,135
620,28826333,88,151,83,140
647,28826286,125,129,131,125
626,28826190,106,123,82,109
661,28826066,97,133,110,164
641,28825918,103,137,105,129
649,28825871,99,117,106,151
642,28825818,100,184,77,122
647,28825788,105,176,74,136
661,28825759,126,144,81,159
629,28825678,75,165,116,177
655,28825625,131,138,74,141
628,28825465,85,168,74,164
661,28825451,113,152,118,139
649,28825434,111,141,114,144
636,28825255,114,141,128,125
644,28825245,94,139,117,128
646,28825162,95,121,81,131
617,28825044,92,187,128,125
639,28824969,109,151,98,126
650,28824957,97,148,91,152
625,28824923,81,133,114,172
658,28824910,107,146,96,163
638,28824897,98,173,62,121
644,28824822,121,142,85,133
652,28824775,110,124,79,142
617,28824663,84,159,84,157
625,28824616,73,157,76,184
653,28824605,107,123,105,143
674,28824586,95,172,95,175
655,28824581,107,151,136,144
632,28824454,115,137,111,116
636,28824423,103,138,74,122
643,28824312,100,112,94,133
613,28824264,92,176,89,136
621,28824217,80,168,100,146
653,28824168,128,130,114,145
661,28824121,117,124,122,164
627,28824075,103,126,95,108
649,28824066,96,143,74,133
648,28823863,136,145,110,125
653,28823861,128,160,83,151
643,28823703,98,169,92,126
648,28823672,107,157,78,130
662,28823644,114,146,89,160
668,28823642,98,134,94,196
633,28823574,104,111,82,128
656,28823509,96,141,80,144
668,28823397,119,167,74,161
629,28823350,90,154,85,172
657,28823339,127,137,106,153
647,28823298,124,134,129,142
615,28823273,78,130,106,179
646,28823216,94,123,84,140
647,28823046,113,128,101,136
655,28823040,121,122,85,148
650,28823011,118,145,87,146
625,28822951,80,165,97,157
665,28822855,102,142,117,162
637,28822833,99,145,110,124
645,28822823,100,151,95,136
645,28822707,128,134,90,131
653,28822660,128,122,104,144
652,28822597,122,175,120,125
657,28822595,122,159,77,158
665,28822548,115,144,79,169
618,28822547,91,163,99,149
626,28822500,85,145,91,176
636,28822478,106,124,69,120
633,28822465,93,165,128,171
637,28822308,103,133,80,126
621,28822196,74,142,105,148
627,28822130,99,116,101,110
640,28822044,121,133,134,124
651,28822032,125,132,132,146
659,28821985,94,127,137,156
650,28821950,98,132,79,132
639,28821837,108,117,118,134
661,28821792,120,113,81,178
654,28821745,122,164,97,151
617,28821708,89,128,81,166
662,28821698,117,153,104,155
619,28821644,73,179,128,158
649,28821557,94,163,87,129
634,28821458,100,116,103,126
657,28821394,110,134,106,139
659,28821370,99,145,143,140
669,28821282,98,160,79,164
630,28821234,86,168,99,177
640,28821212,102,139,68,127
643,28821133,120,166,128,103
613,28821124,78,147,84,170
647,28821101,106,123,100,138
660,28821049,100,130,69,173
656,28820925,99,125,96,142
640,28820896,92,95,94,169
631,28820864,94,137,99,111
663,28820719,100,122,128,170
643,28820571,117,137,108,128
624,28820537,81,163,96,150
651,28820524,108,113,112,144
658,28820479,109,155,105,151
666,28820432,127,152,105,163
665,28820360,107,177,63,160
631,28820331,80,162,128,163
657,28820199,116,114,75,171
638,28820192,116,125,90,125
661,28820128,97,126,100,155
663,28820104,96,166,128,140
633,28820086,101,161,101,107
619,28820062,81,140,94,181
675,28820046,114,135,83,195
651,28819835,126,143,88,133
625,28819811,74,156,82,176
660,28819659,125,130,100,158
641,28819621,130,145,117,117
618,28819593,91,122,86,170
660,28819562,108,150,116,152
655,28819258,113,123,124,144
670,28819166,98,177,106,161
641,28819096,108,135,81,127
645,28818965,113,117,120,152
655,28818951,105,147,76,144
618,28818948,102,124,132,96
661,28818933,111,124,83,176
629,28818728,109,131,113,111
658,28818590,107,172,53,152
629,28818545,78,174,75,172
616,28818466,89,157,109,150
645,28818355,106,172,114,115
664,28818296,114,147,108,169
638,28818247,103,119,102,125
644,28818148,100,146,94,123
650,28818131,130,140,93,164
658,28818084,105,112,89,175
630,28818066,101,133,84,121
657,28818012,113,127,62,180
659,28817992,131,126,113,150
676,28817930,116,135,92,197
618,28817743,89,170,95,160
660,28817713,121,134,103,143
649,28817699,103,137,108,138
644,28817685,91,104,106,168
667,28817507,121,143,132,159
647,28817475,101,147,118,131
649,28817392,105,144,83,146
647,28817359,101,143,115,130
662,28817324,103,167,57,172
655,28817312,110,112,107,148
617,28817311,78,157,122,135
654,28817250,113,157,128,122
627,28817216,100,117,104,124
620,28817200,89,166,110,154
628,28817153,83,150,116,178
661,28816988,116,124,77,180
642,28816981,102,138,106,127
633,28816970,100,140,74,118
644,28816957,106,125,69,156
623,28816848,81,134,114,167
654,28816843,96,111,107,139
656,28816835,116,144,102,149
624,28816830,108,135,125,127
662,28816818,115,142,102,188
656,28816790,114,103,103,127
662,28816589,116,161,69,142
630,28816430,90,168,91,175
656,28816398,130,167,116,147
664,28816351,99,150,121,152
652,28816296,97,147,74,133
603,28816221,82,183,86,140
651,28816209,106,165,117,134
630,28816120,95,122,85,126
636,28816111,98,116,112,125
641,28816108,107,112,80,157
659,28816046,136,134,118,142
631,28815950,117,122,97,125
632,28815887,87,190,114,174
649,28815753,113,121,118,132
659,28815739,102,144,85,136
665,28815722,106,129,84,176
656,28815644,111,129,68,179
658,28815577,98,129,119,152
684,28815473,97,151,122,181
645,28815339,102,154,128,137
650,28815276,104,145,90,135
627,28815275,86,180,84,153
624,28815256,74,170,71,162
626,28815189,76,169,111,160
668,28815085,99,177,113,155
656,28815030,110,151,74,136
634,28814854,104,142,82,111
640,28814845,94,130,112,118
645,28814842,110,131,85,154
653,28814795,94,117,83,179
606,28814795,86,133,91,156
653,28814487,105,135,123,133
663,28814473,102,165,84,139
616,28814473,91,165,99,141
608,28814457,73,163,119,128
613,28814454,79,174,85,157
662,28814311,119,126,114,148
643,28814274,113,144,128,120
620,28814245,89,125,111,175
653,28814180,102,144,84,138
641,28814163,110,124,85,148
631,28814005,97,122,97,119
642,28813993,135,124,98,150
650,28813946,112,112,106,153
657,28813910,102,138,131,141
672,28813819,139,162,107,173
637,28813804,100,141,99,130
656,28813699,117,123,73,169
652,28813671,96,170,86,132
634,28813651,90,108,108,158
660,28813624,127,147,100,151
666,28813606,125,142,93,178
610,28813605,90,147,106,158
657,28813529,110,132,77,165
643,28813442,110,146,73,120
631,28813380,103,136,136,111
628,28813160,92,168,102,159
659,28813155,116,144,105,149
625,28813141,74,166,76,167
634,28813094,118,159,98,108
647,28813008,113,158,132,119
657,28812914,107,180,77,135
640,28812899,99,121,117,128
645,28812897,108,127,75,150
613,28812814,88,140,130,135
635,28812739,101,134,96,122
646,28812727,106,130,100,156
640,28812708,107,133,85,132
654,28812680,109,115,106,168
661,28812644,113,129,133,159
653,28812608,94,142,61,169
678,28812583,103,142,107,195
633,28812528,97,114,112,138
660,28812433,128,131,69,163
641,28812422,127,148,104,125
621,28812386,75,127,78,187
664,28812358,122,168,100,140
651,28812351,113,143,144,139
614,28812339,73,169,98,155
622,28812292,79,150,105,190
647,28812176,102,151,74,128
654,28812065,112,149,93,140
662,28812059,127,150,76,147
653,28811993,107,153,62,134
657,28811965,111,117,128,137
638,28811828,125,165,96,111
644,28811633,95,133,127,127
649,28811631,118,133,83,157
660,28811602,106,118,87,146
657,28811584,113,120,84,167
610,28811583,82,128,97,153
658,28811414,99,141,105,166
644,28811326,117,145,82,120
656,28811115,103,111,81,184
632,28811082,76,164,113,183
626,28811026,88,165,95,171
682,28811010,98,173,77,195
653,28810862,111,177,133,131
658,28810799,110,173,100,130
646,28810781,97,143,90,139
638,28810763,110,110,142,124
645,28810709,97,143,63,155
661,28810699,117,130,135,151
633,28810603,96,120,113,119
641,28810593,110,133,105,134
640,28810405,116,162,62,129
614,28810391,86,156,120,126
661,28810318,116,138,83,164
622,28810270,87,134,99,168
679,28810160,115,147,105,196
648,28810060,103,177,81,112
652,28809929,112,145,115,138
640,28809911,97,113,110,148
660,28809849,130,133,82,175
628,28809842,90,177,134,160
613,28809643,110,128,89,100
650,28809515,116,134,86,158
642,28809497,122,127,128,128
658,28809468,104,121,90,163
637,28809316,122,122,109,139
645,28809211,114,153,95,129
636,28809200,108,146,73,124
655,28809140,106,134,133,138
610,28809109,76,168,132,123
626,28809078,81,147,127,152
657,28808999,115,116,100,189
650,28808956,109,157,57,140
683,28808894,105,168,95,195
650,28808836,110,130,71,142
632,28808754,92,178,78,177
633,28808657,96,122,107,124
644,28808645,100,127,118,142
640,28808543,105,117,67,139
639,28808457,98,128,116,127
662,28808276,114,146,118,141
668,28808259,124,138,108,184
612,28808257,79,147,112,157
662,28808202,112,138,94,164
634,28808180,105,147,98,125
639,28808034,128,128,78,119
621,28807951,86,165,90,167
649,28807945,111,178,106,114
640,28807934,113,164,69,120
630,28807812,86,170,115,158
661,28807733,114,120,102,170
607,28807646,74,183,78,131
659,28807461,115,162,51,160
637,28807391,106,134,114,126
648,28807379,101,137,118,149
656,28807332,111,116,118,167
644,28807277,97,129,66,133
647,28807242,106,145,68,149
636,28807184,101,110,99,131
637,28807084,100,148,84,116
643,28807075,106,144,115,128
666,28807010,102,162,112,135
616,28806991,85,171,111,156
651,28806721,103,133,80,136
656,28806717,106,159,123,138
644,28806700,117,118,109,151
633,28806638,74,162,88,185
640,28806480,103,184,121,111
654,28806360,108,142,57,170
646,28806286,110,143,129,121
612,28806236,88,141,112,158
660,28806066,98,130,120,159
640,28806034,102,144,100,133
645,28805930,86,128,97,144
640,28805918,99,138,100,134
648,28805871,111,116,101,140
641,28805818,111,172,85,116
646,28805788,100,167,74,139
660,28805759,99,152,76,168
628,28805678,82,163,116,171
619,28805654,99,179,89,96
654,28805625,113,142,72,155
616,28805559,98,132,81,118
627,28805465,87,162,74,177
660,28805451,99,170,107,132
648,28805434,98,130,109,146
635,28805255,96,136,128,122
643,28805245,114,139,116,132
645,28805162,94,127,84,137
653,28805156,134,134,70,143
638,28804969,96,156,102,119
649,28804957,124,146,91,148
643,28804938,94,147,85,149
624,28804923,90,136,115,164
643,28804822,102,139,85,134
651,28804775,107,124,75,143
655,28804710,128,177,71,154
663,28804663,141,144,73,163
616,28804663,83,167,83,153
624,28804616,77,161,79,179
652,28804605,112,130,98,138
635,28804423,110,120,74,123
642,28804312,94,116,97,136
652,28804168,111,142,107,152
660,28804121,110,141,112,159
626,28804075,115,131,90,110
648,28804066,126,141,70,144
640,28803973,100,115,97,134
647,28803863,102,149,107,129
652,28803861,122,185,80,148
660,28803814,114,151,83,152
627,28803774,112,135,110,107
642,28803703,96,170,94,125
647,28803672,99,171,83,129
661,28803644,128,146,102,162
632,28803574,96,109,83,125
685,28803547,102,165,113,195
655,28803509,102,140,82,142
667,28803397,102,153,70,163
628,28803350,82,172,84,167
656,28803339,118,127,103,159
614,28803273,93,127,91,175
645,28803216,94,124,85,137
641,28803109,113,126,134,137
646,28803046,94,129,90,132
654,28803040,101,130,76,158
649,28803011,123,156,106,150
629,28802979,99,133,76,105
664,28802929,119,144,134,138
664,28802855,131,141,121,162
636,28802833,96,146,114,126
644,28802823,102,156,104,141
644,28802707,128,136,105,134
652,28802660,119,118,103,138
614,28802658,73,160,93,135
651,28802597,106,164,107,123
656,28802595,113,153,85,156
664,28802548,109,147,79,161
617,28802547,78,179,91,156
625,28802500,86,144,105,171
635,28802478,110,120,65,121
632,28802465,88,172,129,142
624,28802428,85,172,63,176
663,28802386,117,136,107,172
636,28802308,117,131,81,125
620,28802196,82,137,90,152
651,28802191,112,112,102,135
639,28802044,121,128,134,125
658,28801985,100,125,130,152
649,28801950,102,126,77,134
638,28801837,101,117,107,129
658,28801774,105,129,80,152
653,28801745,125,155,100,153
661,28801698,98,151,93,152
618,28801644,83,167,128,153
648,28801557,94,152,86,136
633,28801458,100,108,92,124
656,28801394,112,140,99,135
658,28801370,101,150,129,134
646,28801352,100,122,139,148
635,28801291,92,170,112,182
668,28801282,99,153,76,159
629,28801234,84,172,93,169
639,28801212,120,140,72,125
646,28801101,104,111,106,133
655,28800925,112,127,99,151
639,28800896,81,101,100,179
630,28800864,108,134,101,111
662,28800719,100,138,129,159
642,28800571,122,124,119,133
623,28800537,80,170,86,154
650,28800524,115,110,123,145
657,28800479,134,159,104,158
665,28800432,119,148,102,170
636,28800362,106,124,85,122
656,28800199,115,112,78,179
637,28800192,110,132,96,128
610,28800183,86,161,111,131
662,28800104,108,174,130,134
632,28800086,94,147,97,105
650,28800086,123,137,135,149
616,28799858,92,169,83,165
650,28799835,110,140,102,140
659,28799659,110,119,105,156
643,28799630,89,103,98,164
640,28799621,106,145,122,121
617,28799593,83,138,87,176
647,28799507,117,146,70,136
645,28799397,99,114,103,166
654,28799258,115,130,122,141
669,28799166,108,155,87,164
640,28799096,106,140,82,129
655,28798979,99,123,90,141
644,28798965,113,109,110,132
660,28798933,106,127,83,180
662,28798773,103,142,128,153
628,28798728,113,137,107,106
633,28798725,111,124,81,138
628,28798545,92,155,84,187
649,28798516,138,145,131,124
615,28798466,80,146,114,154
644,28798355,105,191,111,113
663,28798296,117,144,108,182
637,28798247,125,118,96,128
657,28798084,96,116,101,176
629,28798066,97,121,83,116
658,28797992,119,125,108,152
675,28797930,110,138,92,195
630,28797875,111,113,89,137
657,28797855,108,145,73,136
617,28797743,80,149,89,170
659,28797713,118,130,87,153
648,28797699,100,137,120,133
646,28797475,117,151,113,128
624,28797396,106,154,89,95
648,28797392,97,146,79,133
654,28797312,100,124,119,142
653,28797250,124,173,128,119
642,28797216,90,101,103,161
619,28797200,73,175,107,158
627,28797153,90,148,109,175
641,28796981,118,133,100,127
632,28796970,112,129,66,120
651,28796910,96,117,70,164
622,28796848,84,129,112,151
655,28796835,122,144,89,146
661,28796818,123,121,88,176
638,28796653,119,147,69,128
634,28796609,109,131,96,140
661,28796589,109,166,72,137
614,28796588,89,151,82,135
622,28796541,74,155,79,165
629,28796430,79,173,99,173
647,28796419,87,110,106,159
655,28796398,121,169,118,149
679,28796357,105,161,85,195
663,28796351,107,149,112,156
651,28796296,117,148,74,133
650,28796209,102,166,126,137
635,28796111,101,106,113,125
640,28796108,102,112,85,144
658,28796046,97,135,113,140
608,28796027,91,133,112,156
630,28796004,129,155,121,107
630,28795950,105,121,100,118
631,28795887,82,175,110,162
648,28795753,127,121,118,130
658,28795739,101,144,79,148
664,28795722,130,142,83,177
655,28795644,109,126,73,169
657,28795577,108,128,109,148
632,28795516,96,136,124,110
649,28795276,116,145,101,138
626,28795275,75,154,77,157
623,28795256,89,159,71,167
625,28795189,79,178,109,153
667,28795085,121,144,114,165
655,28795030,102,171,73,139
647,28794937,113,147,95,132
661,28794872,102,119,94,174
633,28794854,111,136,80,123
639,28794845,126,135,108,129
644,28794842,108,123,83,152
612,28794835,77,170,132,130
652,28794795,116,114,78,169
662,28794780,103,133,126,145
634,28794738,105,160,117,102
639,28794538,98,153,83,125
652,28794487,123,135,115,136
662,28794473,116,178,84,145
615,28794473,81,169,96,137
612,28794454,75,162,84,156
642,28794274,99,154,128,123
619,28794245,83,141,113,179
652,28794180,118,151,84,143
641,28793993,102,138,88,143
656,28793910,102,129,129,145
648,28793874,109,112,62,163
671,28793819,95,156,125,161
647,28793746,111,143,66,158
655,28793699,105,133,69,158
651,28793671,128,173,86,134
659,28793624,120,147,99,143
646,28793617,108,110,136,144
665,28793606,137,129,94,171
609,28793605,82,156,103,153
658,28793552,116,173,63,144
656,28793529,113,122,82,168
627,28793160,92,173,102,156
658,28793155,126,147,91,143
624,28793141,74,169,80,171
633,28793094,112,152,103,110
646,28793008,109,166,129,124
656,28792914,117,171,83,141
639,28792899,115,124,110,124
644,28792897,116,126,77,148
652,28792850,108,124,82,169
634,28792739,99,126,88,119
659,28792736,107,117,109,182
645,28792727,118,127,101,157
653,28792680,117,117,90,171
652,28792608,99,138,58,168
659,28792433,126,129,69,177
640,28792422,103,147,99,125
619,28792395,92,176,109,169
620,28792386,92,143,85,170
661,28792366,118,135,125,138
663,28792358,109,163,89,143
650,28792351,109,138,128,138
613,28792339,89,162,102,146
645,28792338,85,102,114,161
620,28792333,110,130,98,103
646,28792176,110,164,73,128
653,28792065,122,153,104,143
648,28792012,114,138,130,130
652,28791993,100,154,60,130
658,28791964,121,130,71,174
637,28791828,114,162,101,103
643,28791633,99,130,123,121
648,28791631,98,135,84,158
656,28791584,115,115,78,172
609,28791583,83,127,101,155
657,28791488,106,156,109,148
657,28791414,105,128,92,167
643,28791326,116,158,81,117
663,28791163,128,148,82,201
655,28791115,105,116,78,172
631,28791082,77,157,110,184
625,28791026,77,175,99,159
681,28791010,99,155,80,198
652,28790862,103,150,128,134
657,28790799,99,168,99,136
645,28790781,100,143,106,145
632,28790603,97,130,109,125
640,28790593,94,133,103,128
650,28790406,104,121,134,134
663,28790336,135,142,87,150
660,28790318,127,137,77,177
632,28790296,96,145,81,124
621,28790270,83,142,105,170
667,28790220,107,125,116,178
678,28790160,115,154,97,197
637,28790149,116,120,72,128
619,28790067,91,172,80,163
647,28790060,101,163,82,124
651,28789929,110,145,113,134
639,28789911,98,114,107,142
659,28789849,131,123,80,175
649,28789571,99,128,52,173
649,28789515,128,142,100,157
641,28789497,107,128,131,127
657,28789468,102,121,97,165
656,28789396,106,143,62,172
636,28789316,107,128,116,126
644,28789211,117,144,102,129
635,28789200,107,157,74,114
654,28789140,97,137,128,136
617,28789125,76,166,114,133
624,28789122,116,137,102,108
625,28789078,87,152,117,159
664,28789048,104,146,95,201
656,28788999,110,114,97,173
682,28788894,97,171,87,196
649,28788836,107,130,73,136
631,28788754,82,176,84,197
632,28788657,102,122,122,125
643,28788645,123,133,111,146
638,28788457,104,130,121,127
661,28788276,114,144,122,145
667,28788259,135,131,112,182
611,28788257,75,153,113,158
661,28788202,117,141,102,163
633,28788180,95,148,104,126
638,28788034,103,133,77,133
646,28787987,101,116,79,151
648,28787945,114,166,98,121
639,28787934,99,154,74,126
658,28787874,102,146,71,159
629,28787812,75,171,111,162
660,28787733,117,128,97,175
636,28787391,119,138,127,122
647,28787379,120,136,122,157
655,28787332,105,115,118,168
635,28787184,113,117,103,131
636,28787084,95,145,79,125
642,28787075,120,150,117,129
647,28787072,124,147,85,156
641,28787054,106,156,72,133
665,28787010,125,166,114,144
615,28786991,79,167,110,158
622,28786986,99,135,116,108
641,28786938,114,127,72,131
609,28786779,89,142,87,170
650,28786721,101,134,80,144
655,28786717,127,151,122,134
643,28786700,120,122,113,151
632,28786638,86,161,94,188
616,28786432,96,135,99,100
645,28786286,121,131,135,126
611,28786236,82,142,109,155
659,28786140,103,154,135,147
659,28786066,105,136,116,166
639,28785918,109,125,104,130
647,28785871,96,114,106,140
640,28785818,108,175,81,116
645,28785788,100,166,72,127
659,28785759,115,148,82,170
627,28785678,73,156,114,161
618,28785654,109,157,105,95
653,28785625,98,135,74,147
626,28785465,81,162,72,172
659,28785451,102,169,117,132
647,28785434,111,117,116,146
655,28785387,121,121,113,153
634,28785255,106,128,132,111
642,28785245,109,137,110,138
626,28785198,90,128,95,129
644,28785162,100,129,81,130
637,28784969,99,150,97,121
648,28784957,129,144,92,154
642,28784938,96,149,81,132
623,28784923,75,125,107,178
656,28784910,124,150,104,154
642,28784822,104,137,80,131
680,28784813,108,145,108,197
662,28784663,134,145,73,176
615,28784663,92,173,79,157
623,28784616,93,154,80,173
651,28784605,124,130,101,140
653,28784581,110,144,129,148
675,28784509,106,128,111,180
634,28784423,111,124,73,125
626,28784351,108,135,45,134
641,28784312,98,115,102,150
651,28784168,113,132,114,157
659,28784121,117,137,127,153
625,28784075,94,136,88,110
647,28784066,95,138,70,141
646,28783863,103,154,114,128
651,28783861,121,154,85,153
641,28783703,97,168,97,124
646,28783672,98,158,76,129
658,28783652,110,116,120,173
660,28783644,120,145,90,161
642,28783628,128,116,74,170
684,28783547,111,181,107,196
654,28783509,98,140,83,143
626,28783467,96,148,82,106
666,28783397,116,178,72,173
627,28783350,84,158,77,179
655,28783339,129,138,90,162
634,28783310,99,118,130,121
644,28783216,95,123,82,133
646,28783089,89,106,93,187
645,28783046,104,133,106,132
648,28783011,116,146,93,146
628,28782979,121,138,79,106
623,28782951,78,173,104,163
663,28782855,115,129,111,168
635,28782833,100,144,115,125
643,28782823,101,150,100,128
643,28782707,114,135,91,134
651,28782660,96,115,98,138
650,28782597,111,167,120,128
655,28782595,125,165,80,157
663,28782548,113,155,85,163
616,28782547,89,162,106,153
624,28782500,86,144,88,189
634,28782478,108,123,72,129
631,28782465,81,185,130,169
662,28782386,118,124,108,173
635,28782308,98,139,77,117
630,28782201,107,182,76,107
650,28782191,113,117,88,146
638,28782044,108,143,130,115
657,28781985,95,136,131,153
648,28781950,102,130,84,131
637,28781837,105,112,119,133
657,28781774,125,132,85,154
652,28781745,122,144,91,156
660,28781698,102,152,105,156
667,28781663,137,158,139,145
617,28781644,75,180,128,156
647,28781557,97,170,101,130
632,28781458,101,114,90,127
655,28781394,116,140,106,141
605,28781375,78,137,87,149
657,28781370,108,154,128,140
627,28781352,99,156,102,108
634,28781291,84,166,111,184
667,28781282,127,157,83,168
628,28781234,76,160,95,160
638,28781212,100,143,73,123
645,28781101,98,111,104,132
654,28780925,117,132,90,143
629,28780864,101,129,96,109
661,28780719,119,125,131,172
641,28780571,102,133,114,134
622,28780537,88,152,88,162
649,28780524,115,116,118,153
656,28780479,123,160,95,154
664,28780432,117,147,106,159
635,28780362,112,123,81,125
663,28780360,108,163,58,171
629,28780331,74,172,130,181
643,28780280,106,147,107,132
641,28780264,111,152,80,126
647,28780246,107,138,85,170
636,28780192,94,125,103,117
659,28780128,99,137,103,155
661,28780104,100,168,131,140
631,28780086,119,164,95,108
617,28780062,89,137,101,169
623,28779994,95,111,109,107
644,28779898,101,130,131,138
649,28779835,113,136,104,138
660,28779677,137,119,88,174
658,28779659,102,142,100,153
639,28779621,99,148,108,125
616,28779593,86,129,104,177
653,28779258,107,131,107,142
668,28779166,98,150,106,159
639,28779096,105,136,79,126
654,28778979,132,117,104,139
643,28778965,114,117,110,138
659,28778933,119,125,82,178
621,28778870,82,169,116,147
661,28778773,105,122,129,160
627,28778728,112,126,115,111
632,28778725,108,124,75,138
641,28778625,125,124,109,133
648,28778516,123,144,133,122
643,28778355,97,172,107,126
662,28778296,121,145,113,164
636,28778247,106,124,93,126
642,28778148,112,144,97,133
648,28778131,134,140,100,166
656,28778084,97,116,92,180
628,28778066,105,126,81,120
648,28777902,121,166,69,133
656,28777855,103,145,70,141
616,28777743,79,178,93,165
658,28777713,105,127,91,144
647,28777699,108,128,114,133
624,28777696,80,158,98,192
650,28777664,117,145,123,148
665,28777507,118,137,128,167
645,28777475,119,147,112,139
623,28777396,113,161,99,98
647,28777392,115,147,82,134
645,28777359,125,142,122,131
660,28777324,117,159,55,175
653,28777312,103,118,111,140
652,28777250,104,180,130,127
625,28777216,100,115,104,117
618,28777200,85,179,111,153
626,28777153,88,152,108,174
645,28777052,104,144,84,124
640,28776981,105,132,92,129
642,28776957,110,123,74,156
650,28776910,114,110,65,173
621,28776848,91,131,124,153
652,28776843,107,107,114,149
654,28776835,111,146,99,141
660,28776818,121,127,98,171
633,28776609,124,126,87,136
660,28776589,128,172,74,143
628,28776430,73,175,98,180
662,28776351,109,154,110,154
650,28776296,118,149,74,138
638,28776278,101,124,67,145
649,28776209,109,173,119,137
634,28776111,105,106,114,127
639,28776108,118,115,84,157
657,28776046,100,139,109,143
629,28775950,99,134,89,126
630,28775887,73,174,114,178
647,28775753,120,119,126,131
657,28775739,113,152,76,135
663,28775722,108,127,85,177
654,28775644,114,129,71,170
656,28775577,117,124,126,149
631,28775516,111,129,120,110
636,28775513,122,136,82,139
682,28775473,102,153,124,178
648,28775276,99,148,91,137
636,28775259,117,117,95,146
643,28775223,94,126,129,130
624,28775189,85,182,119,144
666,28775085,127,153,112,178
654,28775030,96,167,72,150
646,28774937,100,144,105,132
660,28774872,103,122,105,177
632,28774854,99,140,78,122
638,28774845,95,131,107,127
643,28774842,112,126,76,157
651,28774795,98,115,78,161
604,28774795,85,125,88,158
661,28774780,112,136,114,159
633,28774738,121,173,113,101
638,28774538,108,144,81,126
651,28774487,115,143,123,130
661,28774473,101,172,76,149
614,28774473,76,174,96,140
611,28774454,88,169,78,157
622,28774426,82,146,102,153
660,28774311,119,125,117,154
641,28774274,112,149,131,119
651,28774180,101,161,81,134
629,28774005,103,123,97,111
640,28773993,107,126,100,143
635,28773943,119,173,83,110
655,28773910,125,129,132,152
670,28773819,111,162,115,159
627,28773794,103,112,113,131
646,28773746,131,129,71,156
654,28773699,124,121,71,161
650,28773671,114,168,101,121
658,28773624,107,146,92,142
664,28773606,116,136,86,181
657,28773552,104,164,61,141
655,28773529,95,119,75,171
641,28773442,112,152,69,129
637,28773398,140,138,94,140
629,28773380,98,133,137,110
626,28773160,84,171,103,169
623,28773141,78,175,84,171
632,28773094,107,158,105,111
645,28773008,98,165,136,124
655,28772914,94,168,81,131
638,28772899,108,118,110,127
643,28772897,109,130,77,151
633,28772739,100,130,102,126
658,28772736,107,117,114,177
644,28772727,120,133,102,153
652,28772680,103,111,95,163
676,28772583,106,139,111,195
631,28772528,111,126,108,129
658,28772433,105,135,73,168
639,28772422,101,149,87,128
662,28772358,108,161,95,143
649,28772351,126,127,142,133
612,28772339,86,156,100,157
645,28772176,105,166,74,126
652,28772065,111,160,105,135
651,28771993,97,163,62,141
657,28771964,98,132,74,168
627,28771869,102,117,115,116
636,28771828,119,166,103,111
642,28771633,106,141,122,126
647,28771631,115,132,84,156
655,28771584,99,122,80,167
656,28771488,106,144,115,137
662,28771470,137,127,109,184
656,28771414,104,133,106,169
642,28771326,106,150,81,119
630,28771082,78,167,108,182
624,28771026,75,181,99,168
680,28771010,107,156,81,195
629,28770869,85,172,73,184
651,28770862,108,177,134,133
656,28770799,98,168,92,142
644,28770781,126,126,100,145
636,28770763,102,106,129,124
659,28770699,124,142,136,147
631,28770603,109,122,108,118
639,28770593,104,143,101,134
649,28770406,102,123,128,144
662,28770336,122,138,90,153
659,28770318,117,130,85,160
620,28770270,93,138,86,169
636,28770149,123,127,68,132
646,28770060,113,170,78,121
661,28769943,116,146,99,151
650,28769929,99,145,116,140
658,28769849,105,135,84,174
648,28769571,114,128,57,173
648,28769515,96,143,105,145
640,28769497,110,132,133,117
656,28769468,94,118,97,162
658,28769413,104,98,84,130
643,28769211,128,148,95,124
634,28769200,115,144,66,119
653,28769140,94,132,128,141
642,28769139,113,161,62,122
616,28769125,90,154,107,130
623,28769122,103,140,96,106
655,28768999,120,113,101,173
681,28768894,112,179,89,200
648,28768836,103,127,72,143
630,28768754,92,168,76,184
631,28768657,97,123,111,125
642,28768645,120,138,109,148
650,28768598,100,114,109,166
672,28768471,107,186,143,165
637,28768457,105,127,116,128
652,28768323,123,165,107,134
660,28768276,121,144,117,146
666,28768259,126,130,109,176
636,28768204,112,121,74,130
660,28768202,113,132,89,168
632,28768180,98,145,90,117
639,28768050,108,137,108,137
609,28768044,86,148,70,156
637,28768034,97,128,83,134
647,28767945,119,164,88,121
638,28767934,106,166,73,126
628,28767812,73,178,118,156
659,28767733,109,125,103,186
635,28767391,106,136,107,113
646,28767379,97,132,118,156
654,28767332,101,115,110,174
659,28767298,117,98,92,133
642,28767277,106,123,74,132
634,28767184,105,115,102,134
635,28767084,102,144,81,126
641,28767075,95,144,125,125
664,28767010,109,171,116,136
614,28766991,77,167,110,154
621,28766986,95,119,111,102
622,28766944,85,154,110,166
636,28766894,125,148,91,132
649,28766721,113,138,81,148
654,28766717,116,147,119,139
670,28766702,102,170,79,171
631,28766638,90,164,93,188
638,28766480,109,167,108,111
652,28766360,104,141,56,168
644,28766286,132,139,137,127
623,28766190,111,124,84,107
637,28766088,96,124,81,133
658,28766066,98,125,121,162
649,28765976,116,150,71,141
638,28765918,98,128,91,129
646,28765871,112,116,92,140
667,28765836,117,158,92,179
639,28765818,100,172,77,121
658,28765759,112,147,85,161
626,28765678,90,159,107,172
652,28765625,98,139,71,139
624,28765582,97,162,71,102
625,28765465,85,170,74,183
658,28765451,110,164,118,131
646,28765434,105,130,113,143
633,28765255,103,119,133,125
641,28765245,96,133,109,127
643,28765162,111,125,79,131
651,28765156,100,131,70,159
636,28764969,112,150,90,114
647,28764957,133,145,89,152
622,28764923,91,126,107,170
655,28764910,96,149,90,164
635,28764897,105,174,60,126
641,28764822,111,132,83,130
679,28764813,97,144,107,196
649,28764775,96,124,80,150
661,28764663,107,154,73,162
614,28764663,78,161,84,153
650,28764605,125,127,86,152
622,28764563,94,151,104,107
633,28764423,106,132,66,129
640,28764312,100,116,96,136
643,28764201,127,116,105,158
650,28764168,126,135,107,151
658,28764121,105,122,108,164
663,28764086,107,103,106,132
624,28764075,98,128,101,111
646,28764066,119,141,67,134
638,28763973,103,120,99,134
645,28763863,106,161,108,123
650,28763861,109,167,85,150
658,28763814,101,145,85,155
611,28763813,83,146,94,157
625,28763774,104,136,117,108
640,28763703,100,163,106,121
645,28763672,96,178,83,133
657,28763652,117,107,109,170
659,28763644,104,144,97,159
683,28763547,106,161,113,200
653,28763509,98,133,78,142
665,28763397,111,167,72,167
626,28763350,90,173,83,179
654,28763339,95,134,100,160
644,28763298,102,127,133,142
644,28763046,107,135,93,137
652,28763040,112,127,81,160
647,28763011,111,153,103,147
627,28762979,117,137,81,109
662,28762929,117,146,128,139
662,28762855,109,138,109,176
634,28762833,127,144,120,123
642,28762823,94,163,95,129
642,28762707,122,130,106,133
650,28762660,100,120,96,156
649,28762597,111,162,121,124
654,28762595,113,166,78,151
649,28762588,102,140,61,147
662,28762548,121,146,79,168
615,28762547,88,168,101,144
623,28762500,89,148,95,180
630,28762465,92,173,129,143
661,28762386,119,125,111,180
653,28762315,96,114,73,176
634,28762308,124,126,81,122
657,28762243,104,138,85,152
629,28762201,100,178,80,108
649,28762191,116,114,98,141
637,28762044,95,138,132,115
656,28761985,115,114,137,159
647,28761950,107,139,83,136
661,28761950,121,98,122,143
636,28761837,101,117,108,128
656,28761774,129,129,84,150
651,28761745,113,157,105,140
643,28761727,110,147,135,123
659,28761698,107,152,104,156
616,28761644,86,171,129,158
623,28761638,103,134,132,103
658,28761626,124,144,60,167
646,28761557,107,179,98,135
631,28761458,99,114,95,127
654,28761394,128,141,89,164
604,28761373,84,136,108,140
656,28761370,107,155,128,144
626,28761352,116,145,99,105
633,28761291,84,179,116,188
666,28761282,127,158,80,161
633,28761242,127,132,123,111
627,28761234,90,163,97,167
637,28761212,112,139,74,125
644,28761101,98,123,102,133
653,28760925,110,129,102,148
628,28760864,99,136,99,102
679,28760820,101,160,89,181
660,28760719,115,125,131,168
640,28760571,119,140,123,117
621,28760537,79,178,90,148
662,28760526,122,142,81,162
648,28760524,118,108,112,139
655,28760479,116,171,103,147
663,28760432,128,149,99,165
634,28760362,113,119,79,129
662,28760360,95,163,63,176
628,28760331,76,157,128,163
619,28760306,114,170,119,97
654,28760199,104,116,80,188
635,28760192,103,136,102,122
616,28760136,86,149,114,146
658,28760128,144,125,93,159
622,28760118,93,140,108,189
660,28760104,109,183,133,133
630,28760086,112,169,97,107
648,28760086,109,123,128,157
656,28760039,100,123,129,152
643,28759898,106,138,142,127
614,28759858,88,177,77,168
648,28759835,98,135,90,145
656,28759829,121,134,76,156
603,28759804,78,148,89,119
659,28759677,140,123,88,164
657,28759659,95,126,101,151
641,28759630,76,103,102,165
638,28759621,109,150,114,126
615,28759593,79,135,105,177
657,28759562,115,144,111,155
643,28759397,108,116,106,165
652,28759258,110,137,114,143
667,28759166,110,175,98,164
638,28759096,104,132,83,119
653,28758979,104,123,95,143
642,28758965,123,117,112,131
652,28758951,109,149,81,147
658,28758933,109,129,84,176
644,28758916,91,130,128,146
652,28758820,108,127,128,156
626,28758728,96,124,107,107
640,28758625,110,120,111,131
663,28758411,119,137,88,174
642,28758355,111,156,120,122
599,28758337,77,162,85,133
661,28758296,112,147,110,168
635,28758247,106,112,103,117
641,28758148,109,145,96,131
647,28758131,99,126,97,164
655,28758084,94,117,94,175
656,28757992,109,131,108,152
673,28757930,100,136,96,195
628,28757875,106,117,104,135
655,28757855,113,152,74,137
615,28757743,84,167,92,167
657,28757713,114,136,88,144
646,28757699,100,140,122,130
623,28757696,76,155,104,188
649,28757664,107,144,117,145
624,28757604,86,164,112,173
664,28757507,113,134,130,164
644,28757475,95,158,109,130
622,28757396,102,155,95,97
644,28757359,101,138,127,126
629,28757324,117,151,72,106
652,28757312,100,117,109,147
651,28757250,102,171,129,117
617,28757200,90,164,116,155
625,28757153,88,145,114,171
658,28756988,129,122,77,180
639,28756981,111,129,105,126
641,28756957,106,132,70,156
649,28756910,107,116,74,161
620,28756848,77,136,115,161
651,28756843,107,117,110,146
653,28756835,102,144,102,137
659,28756818,114,137,97,187
626,28756782,113,124,117,105
632,28756609,122,128,93,137
659,28756589,112,173,74,140
627,28756430,88,178,96,184
653,28756398,115,146,124,156
661,28756351,130,150,109,164
649,28756296,98,144,71,133
648,28756209,94,174,109,132
633,28756111,119,116,107,125
638,28756108,107,126,81,150
656,28756046,121,140,117,157
628,28755950,95,136,106,126
629,28755887,83,171,113,161
648,28755786,115,154,76,133
646,28755753,122,123,119,141
656,28755739,107,146,82,141
662,28755722,113,143,83,184
623,28755674,84,128,103,195
653,28755644,112,127,74,166
655,28755577,121,129,113,139
630,28755516,99,142,115,109
647,28755276,103,147,102,130
624,28755275,89,158,78,155
623,28755189,82,170,113,158
650,28755176,104,115,135,145
657,28755132,134,152,107,149
665,28755085,117,147,110,164
653,28755030,106,155,73,137
645,28754937,134,144,93,129
659,28754872,104,116,90,179
631,28754854,95,131,78,119
637,28754845,113,132,118,126
653,28754844,94,105,101,142
642,28754842,110,123,77,158
650,28754795,105,109,79,164
660,28754780,99,132,110,156
632,28754738,104,168,116,107
618,28754714,73,134,120,172
632,28754664,119,114,105,139
637,28754538,96,145,80,124
650,28754487,94,139,108,137
660,28754473,101,166,85,158
613,28754473,80,172,106,141
610,28754454,91,165,82,151
659,28754311,111,136,107,157
640,28754274,118,144,134,116
617,28754245,75,124,111,165
650,28754180,105,156,78,142
638,28754163,118,117,83,149
628,28754005,97,114,97,125
639,28753993,94,123,95,149
654,28753910,112,120,128,139
669,28753819,112,173,107,164
645,28753746,114,135,73,149
653,28753699,116,123,65,159
649,28753671,108,159,96,133
657,28753624,115,147,89,141
644,28753617,100,113,128,139
663,28753606,119,142,102,196
607,28753605,93,146,99,153
654,28753529,130,127,82,166
640,28753442,116,145,73,121
628,28753380,116,134,129,110
625,28753160,81,166,103,156
656,28753155,118,144,92,155
631,28753094,112,150,104,108
644,28753008,112,178,130,125
654,28752914,102,171,82,133
637,28752899,110,118,111,121
642,28752897,95,115,78,157
632,28752739,94,139,98,124
657,28752736,114,117,107,175
643,28752727,98,126,104,155
651,28752680,94,116,103,165
650,28752608,108,123,63,174
630,28752528,111,136,107,132
657,28752433,108,132,74,164
638,28752422,108,148,101,128
618,28752386,93,130,82,181
659,28752366,128,135,113,148
661,28752358,114,156,106,140
648,28752351,104,128,132,136
611,28752339,82,151,89,148
618,28752333,114,133,89,105
651,28752316,123,169,129,145
619,28752292,87,158,102,164
616,28752182,79,158,70,170
644,28752176,110,159,74,125
651,28752065,124,147,101,133
639,28752047,94,124,104,142
650,28751993,96,163,63,130
654,28751965,128,124,128,142
635,28751828,97,149,104,111
641,28751633,114,140,116,128
646,28751631,101,128,82,152
654,28751584,98,121,85,165
607,28751583,78,139,101,155
655,28751488,106,144,122,144
661,28751470,118,136,109,175
655,28751414,113,133,96,165
641,28751326,106,144,80,127
621,28751237,102,139,78,105
653,28751115,99,109,84,172
629,28751082,89,158,108,184
647,28751072,87,128,117,168
623,28751026,91,168,106,165
679,28751010,101,159,85,195
635,28750884,108,132,54,158
650,28750862,109,165,134,131
655,28750799,112,162,104,133
643,28750781,117,130,105,140
651,28750734,99,112,98,155
658,28750699,104,135,133,137
630,28750603,101,140,115,121
638,28750593,104,143,90,139
648,28750406,97,114,128,132
661,28750336,140,129,91,156
658,28750318,132,133,84,162
619,28750270,81,140,94,173
676,28750160,100,152,102,197
645,28750060,121,177,77,116
625,28750020,91,150,80,187
660,28749943,99,145,105,152
649,28749929,105,145,115,137
657,28749849,129,127,85,177
667,28749737,119,176,128,155
647,28749589,122,149,119,130
647,28749515,97,136,86,150
639,28749497,110,126,131,128
655,28749497,108,103,110,128
655,28749468,109,111,89,170
605,28749447,90,139,110,148
654,28749396,113,140,61,179
632,28749300,114,105,77,131
642,28749211,110,149,96,122
633,28749200,94,146,71,119
638,28749142,85,99,101,151
652,28749140,108,135,133,135
615,28749125,92,174,113,137
622,28749122,100,143,97,106
662,28749048,106,147,86,185
654,28748999,104,114,102,169
647,28748956,110,164,53,130
653,28748927,112,134,60,173
680,28748894,95,181,106,196
647,28748836,117,124,74,146
629,28748754,90,170,79,201
615,28748677,91,121,99,176
641,28748645,107,132,121,149
651,28748323,108,174,115,134
659,28748276,109,144,108,136
665,28748259,133,138,107,189
609,28748257,88,147,108,158
659,28748202,114,142,104,159
631,28748180,119,149,99,121
636,28748034,104,131,84,133
644,28747987,98,117,78,147
646,28747945,112,189,90,124
637,28747934,107,178,69,126
627,28747812,79,163,114,160
633,28747746,124,146,125,110
658,28747733,103,131,97,168
634,28747391,101,132,111,118
645,28747379,117,137,109,143
653,28747332,104,116,112,160
658,28747298,110,102,102,144
633,28747184,94,116,88,134
634,28747084,94,144,84,125
640,28747075,105,146,113,125
645,28747072,119,144,78,153
663,28747010,111,166,109,137
613,28746991,77,154,108,156
620,28746986,97,129,117,107
639,28746938,114,140,74,132
648,28746721,124,125,81,141
653,28746717,111,152,121,143
641,28746700,105,112,107,151
630,28746638,92,153,90,186
628,28746521,100,113,128,122
637,28746480,123,155,116,106
643,28746286,96,128,128,129
657,28746066,102,123,121,161
637,28745918,97,129,102,134
645,28745871,120,114,89,150
666,28745836,109,148,93,176
638,28745818,111,166,83,124
657,28745759,111,147,81,178
625,28745678,78,175,117,172
639,28745628,100,149,86,131
651,28745625,103,140,67,137
623,28745582,94,153,71,107
624,28745465,78,183,73,183
657,28745451,107,172,120,134
645,28745434,98,139,119,151
632,28745255,97,140,134,124
642,28745162,117,126,79,144
650,28745156,94,127,73,145
645,28745127,113,144,76,138
663,28744989,115,137,107,144
635,28744969,121,146,98,118
646,28744957,119,149,91,150
621,28744923,83,138,112,175
654,28744910,115,146,94,155
640,28744822,111,138,84,133
648,28744775,99,117,83,141
652,28744710,122,170,73,154
660,28744663,104,164,73,156
649,28744605,109,131,98,143
632,28744423,107,137,71,127
639,28744312,98,117,100,131
649,28744168,111,138,124,154
657,28744121,101,119,116,177
623,28744075,110,119,91,111
645,28744066,99,143,69,139
637,28743973,106,123,106,133
654,28743890,118,132,73,152
644,28743863,137,144,111,122
649,28743861,111,144,83,153
657,28743814,105,145,85,154
610,28743813,90,145,99,155
624,28743774,97,138,115,101
639,28743703,112,166,103,118
644,28743672,97,167,84,128
656,28743652,110,106,117,172
658,28743644,94,144,104,159
682,28743547,102,177,109,195
652,28743509,102,128,82,158
664,28743397,96,169,69,167
625,28743350,91,173,84,179
653,28743339,104,130,99,163
632,28743310,102,124,133,120
611,28743273,74,143,88,164
643,28743046,106,136,102,144
651,28743040,107,122,82,149
646,28743011,126,144,101,145
661,28742929,102,154,128,145
661,28742855,100,141,110,160
633,28742833,100,145,111,114
641,28742823,103,144,89,127
641,28742707,107,131,98,131
649,28742660,121,122,104,146
660,28742642,117,140,71,172
648,28742597,114,165,127,128
653,28742595,110,181,84,157
661,28742548,113,146,82,179
614,28742547,81,151,103,158
622,28742500,80,145,101,174
660,28742386,103,125,109,179
633,28742308,95,124,83,123
617,28742196,77,143,105,158
648,28742191,99,117,87,149
636,28742044,106,137,129,113
655,28741985,103,121,136,156
646,28741950,123,130,85,137
654,28741944,137,130,69,141
635,28741837,111,116,108,128
655,28741774,104,120,85,160
650,28741745,120,169,90,148
658,28741698,98,145,101,160
665,28741663,113,174,128,148
645,28741557,94,157,104,134
630,28741458,94,113,101,128
639,28741438,86,131,114,144
653,28741394,117,140,100,142
655,28741370,101,151,135,139
625,28741352,94,147,91,102
665,28741282,111,161,80,174
626,28741234,73,173,94,175
636,28741212,97,138,71,121
643,28741101,101,119,103,143
656,28741049,94,138,73,176
652,28740925,110,131,106,141
627,28740864,123,138,94,110
659,28740719,117,123,128,163
639,28740571,101,139,115,134
620,28740537,87,171,100,156
661,28740526,127,137,85,164
647,28740524,116,113,115,142
654,28740479,130,158,102,157
662,28740432,132,147,99,169
633,28740362,103,122,79,129
661,28740360,112,168,62,166
627,28740331,75,178,130,168
645,28740246,138,137,83,169
653,28740199,103,117,77,179
634,28740192,98,138,106,124
657,28740128,110,137,96,166
659,28740104,98,152,129,130
629,28740086,116,167,99,100
671,28740046,97,143,80,198
647,28739835,105,141,101,144
655,28739829,130,143,83,157
658,28739677,112,111,87,176
656,28739659,108,124,95,147
637,28739621,108,145,110,125
643,28739305,136,128,120,130
651,28739258,108,128,121,140
666,28739166,128,174,100,162
637,28739096,97,141,80,129
652,28738979,107,124,97,155
641,28738965,102,114,107,133
651,28738951,122,145,80,147
657,28738933,106,127,82,188
659,28738773,122,139,133,159
664,28738739,104,107,117,141
625,28738728,106,124,108,105
646,28738637,119,172,55,156
639,28738625,103,121,123,129
643,28738534,89,129,84,162
646,28738516,105,157,136,120
662,28738411,109,130,105,167
641,28738355,108,165,110,120
660,28738296,106,144,118,168
634,28738247,104,121,90,123
640,28738148,109,149,102,133
646,28738131,112,119,89,168
654,28738084,99,116,89,194
626,28738066,96,127,77,123
655,28737992,97,125,110,159
627,28737875,106,129,96,125
654,28737855,114,148,73,141
614,28737743,84,170,97,166
656,28737713,95,132,106,145
645,28737699,117,129,111,138
648,28737664,124,154,107,147
637,28737554,125,157,94,107
663,28737507,126,140,132,164
645,28737392,111,144,85,133
643,28737359,105,142,123,132
651,28737312,99,123,107,152
650,28737250,120,159,129,125
616,28737200,88,176,108,155
624,28737153,79,150,111,172
643,28737052,99,144,80,119
657,28736988,123,124,82,172
638,28736981,128,125,105,126
640,28736957,119,128,71,155
648,28736910,119,115,69,168
650,28736843,123,109,111,155
652,28736835,122,145,91,146
658,28736818,114,119,104,177
625,28736782,100,122,124,111
631,28736609,98,135,89,138
658,28736589,118,169,74,141
652,28736398,126,150,110,155
660,28736351,111,146,115,153
648,28736296,104,145,72,140
647,28736209,97,159,114,128
632,28736111,100,117,108,129
637,28736108,106,128,81,134
605,28736101,74,159,131,123
655,28736046,94,142,110,147
627,28735950,97,128,106,121
628,28735887,92,166,111,174
647,28735786,121,176,80,127
645,28735753,96,124,123,131
655,28735739,103,146,85,144
608,28735739,77,157,95,134
661,28735722,106,135,85,171
652,28735644,115,136,74,159
654,28735577,112,130,120,142
629,28735516,103,136,110,109
680,28735473,102,155,119,181
646,28735276,94,147,106,136
623,28735275,77,173,84,159
634,28735259,113,114,103,151
656,28735132,132,156,110,156
664,28735085,124,150,119,162
652,28735030,106,160,66,144
644,28734937,127,144,96,119
630,28734854,107,139,84,123
636,28734845,127,131,113,114
641,28734842,117,129,81,157
651,28734818,96,145,63,143
649,28734795,122,116,79,173
631,28734738,106,171,111,103
636,28734538,102,144,84,127
649,28734487,109,137,122,132
659,28734473,96,175,83,138
612,28734473,85,177,93,140
620,28734426,83,145,95,159
658,28734311,105,120,114,157
639,28734274,104,153,129,123
649,28734180,100,144,75,134
638,28733993,115,115,98,153
633,28733943,109,158,83,110
653,28733910,116,134,130,139
674,28733891,100,163,133,174
661,28733852,133,152,93,185
668,28733819,119,175,117,160
644,28733746,99,137,70,152
652,28733699,96,121,67,160
648,28733671,122,162,100,134
630,28733651,92,102,113,151
654,28733632,125,116,113,155
656,28733624,127,156,99,138
643,28733617,94,114,129,144
662,28733606,137,140,100,185
655,28733552,114,169,61,140
653,28733529,115,128,81,166
639,28733442,115,145,70,125
635,28733398,116,134,102,136
624,28733160,88,172,95,157
621,28733141,78,172,83,175
630,28733094,99,157,103,108
643,28733008,110,175,130,118
653,28732914,95,156,81,138
636,28732899,115,124,110,123
641,28732897,112,136,81,145
642,28732801,101,144,123,130
631,28732739,112,141,99,123
656,28732736,108,116,111,178
642,28732727,110,135,106,157
636,28732708,94,141,80,136
650,28732680,99,109,89,174
674,28732583,121,133,109,196
659,28732452,116,125,85,158
656,28732433,103,132,70,172
637,28732422,117,146,91,122
658,28732366,114,132,121,143
660,28732358,111,171,95,144
647,28732351,98,123,130,140
610,28732339,83,162,97,156
618,28732292,81,145,94,170
639,28732206,116,165,117,116
643,28732176,115,170,72,127
650,28732065,101,147,89,132
649,28731993,95,166,58,138
655,28731964,105,123,74,174
634,28731828,107,182,96,102
640,28731633,119,142,116,122
645,28731631,113,136,83,151
653,28731584,108,120,75,164
654,28731488,131,154,108,140
660,28731470,125,128,112,184
654,28731414,111,134,106,168
640,28731326,109,145,81,128
633,28731262,97,125,114,140
625,28731196,117,154,91,122
664,28731092,111,167,103,155
628,28731082,75,176,114,185
646,28731072,86,126,117,170
622,28731026,84,161,102,165
623,28730896,103,142,56,118
649,28730862,100,176,136,135
654,28730799,98,153,102,142
662,28730793,119,181,76,144
642,28730781,110,134,91,137
642,28730779,119,123,109,130
634,28730763,106,117,132,126
657,28730699,110,135,131,136
649,28730662,98,122,62,161
629,28730603,95,131,113,125
630,28730539,93,162,128,175
647,28730406,116,122,129,132
610,28730391,83,171,127,132
660,28730336,122,133,96,146
657,28730318,104,138,83,168
618,28730270,87,137,101,171
675,28730160,103,145,103,198
634,28730149,109,127,73,134
642,28730102,114,112,70,144
616,28730067,77,184,80,170
644,28730060,98,164,85,124
659,28729943,120,144,106,149
648,28729929,101,149,110,134
656,28729849,113,125,85,166
625,28729801,120,133,101,114
666,28729737,120,158,131,160
638,28729611,81,125,96,152
646,28729515,101,135,94,150
638,28729497,122,136,129,118
654,28729468,114,124,96,164
641,28729211,101,149,102,116
632,28729200,110,156,72,123
651,28729140,105,134,138,135
640,28729139,100,175,59,124
614,28729125,75,169,114,140
653,28728999,123,111,90,178
679,28728894,104,169,95,199
646,28728836,107,126,74,156
628,28728754,77,179,81,175
663,28728677,129,152,95,144
640,28728645,102,122,110,144
648,28728598,98,117,116,156
650,28728323,119,178,114,133
658,28728276,113,148,112,138
664,28728259,108,131,109,171
658,28728202,111,130,92,168
630,28728180,98,149,104,120
637,28728050,124,137,117,136
635,28728034,104,130,83,131
643,28727987,121,114,78,139
664,28727952,113,148,81,178
645,28727945,109,162,92,129
636,28727934,105,181,74,124
626,28727812,78,155,108,156
632,28727746,126,145,111,106
657,28727733,133,128,106,181
617,28727581,89,132,83,182
638,28727552,99,115,135,127
633,28727391,99,138,122,117
644,28727379,113,126,114,155
652,28727332,116,112,116,173
632,28727184,104,110,96,117
633,28727084,110,155,85,122
639,28727075,107,145,108,123
644,28727072,105,146,85,158
662,28727010,106,181,113,149
612,28726991,73,176,120,150
619,28726986,105,130,126,108
647,28726721,100,128,84,137
652,28726717,98,148,116,130
668,28726686,105,170,78,179
629,28726638,81,166,92,185
636,28726480,97,176,118,109
637,28726428,101,114,82,137
645,28726422,117,111,74,149
642,28726286,96,142,128,128
641,28726223,98,144,97,147
616,28726189,86,121,114,174
656,28726066,115,134,118,159
636,28725918,124,132,88,130
644,28725871,116,110,95,136
665,28725836,135,155,89,176
637,28725818,94,186,76,120
642,28725788,99,172,73,134
656,28725759,109,145,80,166
624,28725678,92,163,109,171
638,28725628,126,155,95,140
650,28725625,103,139,64,149
651,28725455,110,134,80,152
656,28725451,101,176,111,147
644,28725434,100,133,108,144
631,28725255,104,135,128,124
639,28725245,98,129,118,128
641,28725162,95,123,81,134
634,28724969,97,149,95,123
645,28724957,110,149,100,148
620,28724923,88,138,107,163
653,28724910,94,147,103,163
633,28724897,97,185,58,121
639,28724822,124,140,84,132
647,28724775,97,124,85,141
651,28724710,105,175,67,151
662,28724682,130,144,80,152
659,28724663,114,173,73,155
612,28724663,85,165,83,158
648,28724605,95,134,99,135
669,28724570,135,174,93,186
631,28724423,118,123,73,129
638,28724312,96,117,92,141
648,28724168,102,136,110,158
656,28724121,97,123,116,164
661,28724086,94,105,86,142
622,28724075,105,122,104,107
644,28724066,115,138,74,133
636,28723973,116,123,105,132
643,28723863,131,144,122,121
648,28723861,104,170,75,151
656,28723814,111,146,81,156
623,28723774,96,132,115,102
638,28723703,101,173,100,125
643,28723672,98,167,81,135
655,28723652,118,112,117,182
657,28723644,117,144,95,166
681,28723547,114,171,111,196
651,28723509,125,128,84,145
663,28723397,104,165,65,159
624,28723350,74,161,84,177
652,28723339,123,128,94,153
641,28723216,109,124,78,133
642,28723046,108,130,91,136
650,28723040,112,134,82,146
645,28723011,112,144,100,136
644,28722939,112,162,62,144
660,28722929,116,153,132,146
660,28722855,122,141,116,166
632,28722833,109,149,110,121
640,28722823,109,145,90,132
640,28722707,115,136,104,134
648,28722660,97,123,104,146
659,28722642,124,138,72,168
647,28722597,116,161,121,124
652,28722595,109,176,84,155
660,28722548,120,167,83,165
613,28722547,93,168,96,156
621,28722500,88,162,100,176
659,28722386,122,129,114,174
651,28722315,117,112,70,171
632,28722308,114,126,77,128
655,28722243,113,141,85,155
627,28722201,97,162,84,106
616,28722196,76,139,88,155
647,28722191,97,107,96,145
635,28722044,109,132,136,122
654,28721985,106,128,128,158
645,28721950,95,129,85,143
659,28721950,124,99,122,133
653,28721944,100,139,71,153
634,28721837,117,111,114,133
656,28721792,122,117,84,169
654,28721774,119,130,78,157
649,28721745,126,150,100,153
641,28721727,121,148,132,125
657,28721698,106,153,98,159
664,28721663,125,167,137,141
614,28721644,84,161,128,154
621,28721638,99,130,129,107
644,28721557,110,162,104,127
640,28721512,118,114,78,166
629,28721458,99,115,97,126
644,28721441,131,131,101,129
652,28721394,106,132,95,137
628,28721386,107,135,58,124
654,28721370,120,156,130,136
642,28721352,108,123,136,151
664,28721282,117,165,84,164
625,28721234,87,169,86,176
635,28721212,110,136,72,117
642,28721101,106,124,95,131
650,28721095,112,124,81,137
649,28721066,118,144,73,144
655,28721049,96,124,70,187
651,28720925,95,119,88,146
643,28720875,121,150,109,140
626,28720864,99,138,105,107
628,28720840,104,129,72,137
658,28720719,114,130,128,166
638,28720571,122,131,110,117
660,28720526,128,139,77,187
646,28720524,94,109,108,145
653,28720479,111,166,97,147
661,28720432,100,159,94,152
632,28720362,107,124,79,126
660,28720360,98,163,63,169
633,28720192,114,131,104,126
656,28720128,131,128,102,156
658,28720104,121,170,129,130
628,28720086,103,165,87,103
593,28719910,76,127,120,137
641,28719903,123,148,52,157
646,28719835,95,140,100,146
654,28719829,100,131,75,140
638,28719800,88,108,83,163
657,28719677,105,123,104,183
655,28719659,122,131,106,152
636,28719621,102,154,124,122
650,28719258,109,137,115,162
667,28719196,97,124,94,195
665,28719166,102,174,102,168
636,28719096,111,140,81,120
640,28718965,106,108,110,131
650,28718951,114,145,79,136
656,28718933,111,133,84,183
624,28718728,116,128,108,107
629,28718725,109,133,84,139
645,28718516,119,145,129,122
611,28718466,78,144,109,154
661,28718411,119,132,104,170
640,28718355,108,161,116,116
659,28718296,122,147,120,161
633,28718247,99,124,95,128
645,28718131,109,127,96,170
653,28718084,108,117,89,178
625,28718066,98,129,84,125
654,28717992,101,125,114,143
626,28717875,114,133,99,129
653,28717855,130,171,71,136
613,28717743,87,170,94,169
655,28717713,110,128,102,159
644,28717699,110,136,123,132
622,28717604,85,165,115,143
642,28717475,103,148,118,129
642,28717359,118,133,114,130
657,28717324,105,169,53,175
650,28717312,121,124,109,143
649,28717250,109,185,129,123
615,28717200,74,169,112,142
642,28717052,119,145,81,133
648,28717035,128,143,80,169
656,28716988,133,124,83,183
637,28716981,98,143,95,129
639,28716957,101,133,72,153
649,28716843,124,107,109,147
651,28716835,100,144,100,147
619,28716830,105,132,110,129
657,28716818,109,118,101,174
630,28716609,103,129,93,137
657,28716589,118,169,71,144
651,28716398,120,164,107,149
659,28716351,121,147,111,159
647,28716296,101,154,74,141
646,28716209,103,163,107,127
631,28716111,101,115,116,125
636,28716108,101,116,81,157
654,28716046,127,131,120,145
626,28715950,110,131,96,122
627,28715887,88,168,118,175
646,28715786,116,168,75,134
644,28715753,102,124,108,144
654,28715739,121,149,77,137
660,28715722,110,139,82,183
651,28715644,94,135,70,165
653,28715577,123,118,125,158
628,28715516,104,141,114,108
633,28715513,98,129,75,134
645,28715276,107,147,91,145
622,28715275,74,166,82,157
659,28715253,120,139,80,182
648,28715176,113,113,133,145
655,28715132,97,174,119,154
663,28715085,107,145,113,160
651,28715030,100,179,73,134
643,28714937,123,144,91,133
657,28714872,106,112,95,185
629,28714854,100,134,84,117
635,28714845,105,126,126,126
640,28714842,124,125,78,157
648,28714795,105,117,79,160
630,28714738,99,171,109,108
635,28714538,98,144,84,120
648,28714487,98,128,115,140
658,28714473,122,156,75,138
611,28714473,89,152,98,135
603,28714457,76,178,111,125
608,28714454,76,165,82,151
659,28714329,110,120,107,167
657,28714311,103,130,119,150
638,28714274,101,155,130,123
648,28714180,104,160,84,142
626,28714005,104,117,99,117
637,28713993,106,133,94,148
632,28713943,107,186,84,111
652,28713910,102,133,131,144
667,28713819,112,160,108,164
643,28713746,112,137,71,152
651,28713699,127,120,73,169
647,28713671,118,152,105,123
653,28713632,120,112,108,155
655,28713624,116,144,98,146
661,28713606,115,137,86,176
605,28713605,83,147,101,155
654,28713552,108,171,63,135
652,28713529,105,121,80,174
638,28713442,116,153,73,125
634,28713398,102,141,103,139
626,28713380,97,139,135,111
650,28713230,124,117,72,175
623,28713160,81,164,102,155
654,28713155,110,148,95,147
676,28713125,109,172,74,195
629,28713094,116,152,105,111
663,28713063,117,135,107,167
642,28713008,97,170,130,120
661,28712949,110,157,128,167
652,28712914,102,162,83,135
635,28712899,116,124,119,126
640,28712897,105,142,79,146
647,28712783,114,126,110,157
663,28712756,118,148,81,163
630,28712739,111,140,91,111
655,28712736,108,116,109,173
641,28712727,102,118,104,151
649,28712680,109,116,89,161
648,28712608,100,119,63,175
673,28712583,99,137,109,195
628,28712528,101,117,119,136
658,28712452,106,130,80,154
655,28712433,100,133,68,171
636,28712422,103,147,104,114
657,28712366,131,138,117,145
659,28712358,96,181,86,148
646,28712351,94,135,129,145
609,28712339,78,182,102,156
617,28712292,84,158,93,160
642,28712176,98,174,68,127
644,28712128,97,148,134,130
649,28712065,112,144,93,133
622,28712048,101,160,116,95
637,28712047,105,122,91,146
648,28711993,96,167,63,144
654,28711964,96,130,74,167
633,28711828,113,179,97,111
639,28711828,98,169,56,134
639,28711633,97,129,127,122
644,28711631,103,141,80,153
652,28711584,121,123,85,177
605,28711583,86,136,102,155
653,28711488,109,154,109,143
659,28711470,113,137,113,176
653,28711414,94,133,100,167
639,28711326,116,145,82,120
632,28711262,113,142,119,140
651,28711115,132,106,77,169
663,28711092,118,185,101,158
627,28711082,91,161,108,180
653,28711050,108,163,129,151
621,28711026,80,162,88,170
677,28711010,99,166,84,196
648,28710862,106,166,130,129
653,28710799,101,178,95,130
661,28710793,126,162,77,152
641,28710781,99,143,105,144
656,28710699,99,138,138,145
628,28710603,94,127,116,122
636,28710593,109,136,103,130
646,28710406,102,116,129,131
659,28710336,116,143,103,151
656,28710318,122,130,79,169
617,28710270,76,139,87,167
655,28710230,113,128,128,145
630,28710169,114,133,128,108
674,28710160,103,152,93,198
643,28710060,115,159,84,125
658,28709943,106,144,92,147
647,28709929,113,144,118,136
635,28709911,95,115,127,146
655,28709849,121,129,80,169
623,28709842,74,189,131,146
665,28709737,122,160,129,159
645,28709589,116,146,110,133
645,28709515,106,143,92,157
637,28709497,98,133,131,125
653,28709468,116,124,106,169
632,28709391,101,185,132,106
640,28709211,113,155,100,120
650,28709140,110,141,131,131
639,28709139,99,177,62,123
660,28709048,96,145,102,184
652,28708999,107,117,103,170
651,28708927,129,126,61,174
678,28708894,110,171,98,197
645,28708836,95,131,72,144
662,28708677,134,152,94,144
628,28708657,98,122,108,118
639,28708645,115,127,118,150
669,28708471,99,159,129,159
649,28708323,107,175,113,131
657,28708276,111,157,122,150
663,28708259,127,125,112,172
657,28708202,103,131,92,170
629,28708180,114,146,98,124
634,28708034,115,133,80,134
644,28707945,103,174,101,126
635,28707934,109,160,68,123
625,28707812,92,174,108,160
631,28707746,113,151,117,108
656,28707733,128,135,87,176
637,28707673,114,142,57,155
637,28707552,95,122,131,125
632,28707391,113,127,108,124
643,28707379,114,137,117,150
651,28707332,105,115,109,165
656,28707298,101,100,102,130
642,28707242,129,148,69,149
631,28707184,100,105,103,132
632,28707084,94,151,84,124
638,28707075,113,150,108,128
661,28707010,108,148,112,139
611,28706991,78,175,108,158
637,28706938,98,142,72,134
646,28706721,115,136,84,135
651,28706717,102,144,126,132
667,28706686,119,162,84,185
628,28706638,83,175,95,188
646,28706628,87,130,100,177
635,28706480,127,161,109,107
641,28706286,114,126,130,124
657,28706255,105,124,109,165
636,28706102,113,155,53,129
655,28706066,107,143,110,177
635,28705918,122,129,101,126
643,28705871,95,107,102,146
664,28705836,135,144,105,176
636,28705818,114,163,77,115
658,28705778,100,146,94,166
655,28705759,100,146,82,162
623,28705678,78,171,114,164
649,28705625,107,132,73,140
603,28705530,82,176,91,131
622,28705465,73,151,73,177
650,28705455,99,129,84,159
655,28705451,108,159,114,136
643,28705434,97,138,113,145
630,28705255,94,125,129,118
640,28705162,96,128,84,134
643,28705127,96,157,79,142
661,28704989,126,129,119,150
633,28704969,114,148,97,110
644,28704957,112,149,97,158
619,28704923,83,138,109,173
638,28704822,118,135,75,134
650,28704710,128,176,74,158
661,28704682,96,144,80,146
658,28704663,96,151,73,167
611,28704663,79,168,82,157
619,28704616,79,145,81,179
647,28704605,100,133,102,155
660,28704596,120,151,125,144
668,28704570,124,180,94,173
630,28704423,110,136,71,115
637,28704312,105,113,101,135
645,28704306,99,111,80,147
640,28704201,141,105,103,156
647,28704168,100,132,123,151
655,28704121,102,134,117,154
621,28704075,104,133,89,109
643,28704066,101,139,69,133
635,28703973,98,124,106,122
652,28703890,104,128,73,163
642,28703863,130,150,124,121
647,28703861,127,155,77,157
655,28703814,99,152,85,156
637,28703703,100,169,93,123
642,28703672,95,181,81,130
654,28703652,108,115,109,177
656,28703644,101,145,93,171
627,28703574,98,117,81,127
680,28703547,109,160,117,196
650,28703509,118,126,81,142
662,28703397,117,171,70,159
623,28703350,86,157,78,171
651,28703339,96,133,97,173
640,28703216,109,119,79,133
641,28703046,95,143,102,134
649,28703040,117,120,77,157
644,28703011,110,150,106,147
644,28702935,138,122,105,154
659,28702855,113,127,111,169
631,28702833,94,150,109,120
639,28702823,105,150,101,129
639,28702707,110,136,101,134
647,28702660,94,124,86,142
658,28702642,118,131,74,165
646,28702597,119,177,127,125
651,28702595,114,167,84,147
662,28702566,119,146,96,149
659,28702548,125,154,81,160
612,28702547,83,179,97,158
620,28702500,75,148,95,160
627,28702465,86,165,132,153
658,28702386,134,127,115,173
639,28702317,101,97,76,124
650,28702315,125,117,72,186
631,28702308,105,135,84,124
654,28702243,109,133,84,157
626,28702201,115,164,83,105
646,28702191,115,116,90,157
634,28702044,97,126,137,117
653,28701985,95,116,134,170
644,28701950,107,131,80,133
633,28701837,102,110,110,131
646,28701823,87,110,92,183
655,28701792,99,124,77,175
653,28701774,133,133,76,156
648,28701745,94,168,106,146
656,28701698,111,155,106,155
647,28701673,103,163,63,158
663,28701663,106,161,128,139
655,28701626,101,152,63,161
643,28701557,97,166,102,142
628,28701458,107,114,99,127
651,28701394,98,142,99,144
653,28701370,106,155,128,136
663,28701282,109,191,75,163
624,28701234,81,162,98,173
634,28701212,114,133,74,114
641,28701101,99,121,104,132
649,28701095,111,117,82,160
650,28700925,106,129,97,153
642,28700875,115,144,115,150
625,28700864,117,132,100,104
676,28700820,100,162,100,180
657,28700719,108,125,130,166
637,28700571,95,128,115,134
618,28700537,82,164,86,156
659,28700526,122,137,85,179
645,28700524,112,117,110,147
652,28700479,96,164,100,154
660,28700432,102,158,91,161
660,28700430,126,146,116,161
631,28700362,98,123,84,128
625,28700331,82,172,128,164
651,28700199,108,115,84,183
632,28700192,107,126,102,125
655,28700128,122,135,98,153
657,28700104,104,180,129,133
627,28700086,101,172,90,105
645,28700086,107,124,128,153
645,28699835,99,129,105,141
653,28699829,118,139,82,150
656,28699677,111,124,98,180
654,28699659,107,129,91,153
635,28699621,110,146,107,126
646,28699609,113,144,111,157
655,28699605,111,132,62,173
649,28699258,105,132,115,139
664,28699166,119,163,92,164
635,28699096,95,135,84,127
643,28699014,111,163,111,136
650,28698979,104,118,89,152
639,28698965,111,109,108,144
649,28698951,99,148,75,146
655,28698933,122,126,84,188
649,28698820,111,137,131,155
657,28698773,102,124,139,166
623,28698728,127,119,122,106
652,28698590,98,147,57,163
644,28698516,107,144,128,128
660,28698411,134,136,99,170
639,28698355,99,174,111,119
658,28698296,136,149,119,171
632,28698247,101,124,95,127
638,28698148,121,148,106,126
644,28698131,110,129,92,165
652,28698084,101,111,104,173
653,28697992,123,131,110,154
644,28697902,114,165,72,134
625,28697875,102,123,94,133
652,28697855,103,153,73,139
658,28697837,122,134,74,171
654,28697713,105,131,103,144
643,28697699,106,129,107,140
646,28697664,111,149,117,148
661,28697507,107,131,129,167
643,28697392,97,144,78,136
641,28697359,106,137,109,133
649,28697312,100,122,122,139
648,28697250,126,166,139,123
614,28697200,84,156,124,153
622,28697153,73,145,117,171
636,28696981,106,138,101,123
638,28696957,103,136,70,148
648,28696843,116,117,115,160
650,28696835,94,147,104,145
656,28696818,105,132,89,176
674,28696739,96,146,124,181
629,28696609,125,123,101,132
656,28696589,114,171,67,138
642,28696419,85,110,102,167
650,28696398,133,153,112,153
658,28696351,95,144,111,162
645,28696209,99,172,109,144
638,28696127,103,125,101,134
630,28696111,100,116,109,125
635,28696108,100,113,84,156
645,28696093,121,136,108,140
653,28696046,125,138,115,148
603,28696027,74,130,122,152
625,28695950,117,138,86,122
626,28695887,92,167,109,170
645,28695786,111,168,82,130
643,28695753,113,124,108,135
653,28695739,111,151,79,139
659,28695722,101,125,84,177
650,28695644,104,132,69,167
652,28695577,106,132,126,139
678,28695473,105,154,107,179
644,28695276,114,150,105,138
639,28695223,124,138,134,134
654,28695132,119,176,115,153
662,28695085,112,147,107,162
650,28695030,103,163,70,135
638,28695012,98,138,71,149
642,28694937,105,152,102,134
641,28694933,98,183,129,132
648,28694919,125,134,103,164
656,28694872,104,123,86,184
642,28694861,115,141,98,140
628,28694854,106,134,77,121
634,28694845,96,129,121,122
639,28694842,97,128,79,152
600,28694795,83,127,100,151
647,28694795,112,131,82,157
657,28694780,124,131,107,144
629,28694738,100,174,107,107
634,28694538,114,145,85,124
647,28694487,95,130,109,134
657,28694473,110,173,82,137
610,28694473,82,167,97,140
656,28694311,116,135,118,161
637,28694274,102,152,130,125
614,28694245,73,131,111,177
675,28694242,103,170,97,196
647,28694180,94,147,84,132
655,28694174,107,145,68,148
636,28693993,106,106,105,151
631,28693943,111,163,84,110
635,28693921,107,137,60,152
651,28693910,112,129,128,152
666,28693819,118,170,109,162
642,28693746,127,133,70,156
650,28693699,102,142,67,160
646,28693671,104,159,96,134
652,28693632,119,124,123,147
654,28693624,135,147,93,149
660,28693606,107,134,92,182
653,28693552,105,159,62,144
651,28693529,108,131,82,170
637,28693442,107,146,68,121
633,28693398,122,129,88,140
639,28693278,101,122,135,129
649,28693230,103,109,71,180
622,28693160,76,173,103,172
653,28693155,125,146,106,147
619,28693141,87,175,81,168
659,28693137,135,137,93,173
628,28693094,109,151,88,111
662,28693063,134,138,109,184
641,28693008,96,175,135,122
660,28692949,108,146,130,167
642,28692915,115,137,100,122
651,28692914,98,160,79,134
634,28692899,98,123,107,129
639,28692897,106,135,78,150
640,28692801,111,149,110,134
679,28692787,115,151,101,211
629,28692739,105,130,104,120
640,28692727,111,126,95,155
648,28692680,100,116,93,170
647,28692608,100,130,62,166
627,28692528,96,121,121,129
654,28692433,115,140,66,169
635,28692422,107,153,101,121
656,28692366,123,141,108,148
658,28692358,96,157,105,142
645,28692351,110,134,128,133
608,28692339,93,165,92,158
637,28692206,109,166,125,116
641,28692176,106,176,72,126
648,28692065,95,150,99,141
656,28692059,110,144,81,140
621,28692048,95,166,109,95
647,28691993,102,177,63,137
651,28691965,116,116,129,142
632,28691828,114,172,88,111
638,28691633,113,138,113,120
643,28691631,134,138,76,152
651,28691584,102,124,84,162
652,28691488,105,150,112,149
658,28691470,115,135,107,186
652,28691414,104,130,104,173
638,28691326,121,146,80,125
631,28691262,136,126,110,140
636,28691119,89,131,110,155
650,28691115,101,116,80,175
626,28691082,76,157,109,191
652,28691050,123,170,131,144
620,28691026,82,173,87,177
676,28691010,96,191,85,196
647,28690862,96,168,128,128
652,28690799,106,158,90,143
660,28690793,116,177,84,141
640,28690781,111,140,93,147
655,28690699,119,134,131,138
663,28690641,127,146,102,169
627,28690603,110,121,115,124
635,28690593,105,140,99,130
658,28690336,112,134,91,149
655,28690318,101,132,80,165
632,28690149,101,131,69,132
642,28690060,118,172,84,127
657,28689943,115,154,100,159
646,28689929,106,144,115,149
654,28689849,113,128,84,172
623,28689801,118,123,93,116
664,28689737,112,172,140,160
644,28689589,117,170,124,133
644,28689515,111,132,91,153
636,28689497,110,125,129,129
652,28689468,108,124,90,165
654,28689413,118,100,83,131
631,28689391,102,170,133,106
631,28689316,106,138,115,123
629,28689300,116,115,84,128
639,28689211,121,148,105,127
649,28689140,109,133,130,139
612,28689125,90,171,107,134
619,28689122,101,139,87,108
620,28689078,88,145,116,161
659,28689048,124,144,102,186
651,28688999,132,111,100,170
658,28688964,135,133,128,162
677,28688894,94,162,95,197
644,28688836,99,120,71,137
661,28688677,130,171,102,151
627,28688657,101,117,121,121
638,28688645,111,111,115,154
668,28688471,113,165,129,172
648,28688323,110,159,115,130
656,28688276,135,168,109,141
662,28688259,95,133,118,182
656,28688202,94,130,94,161
641,28687987,108,112,76,135
662,28687952,130,145,83,183
643,28687945,102,167,87,129
634,28687934,97,180,74,125
653,28687874,101,144,69,174
624,28687812,87,172,112,144
630,28687746,104,147,108,104
655,28687733,99,123,106,178
648,28687570,98,137,74,149
644,28687568,109,128,110,129
636,28687552,96,124,138,124
631,28687391,96,138,109,122
642,28687379,118,128,110,151
650,28687332,94,111,110,167
655,28687298,102,100,90,132
638,28687277,96,129,70,139
630,28687184,100,116,98,130
631,28687084,114,146,79,126
637,28687075,110,148,119,128
650,28687025,98,152,80,161
660,28687010,108,158,122,147
610,28686991,79,167,116,153
653,28686835,118,167,55,138
645,28686721,123,136,77,141
650,28686717,94,146,109,132
623,28686701,103,176,131,99
666,28686686,122,166,83,175
627,28686638,92,166,86,194
634,28686480,99,158,114,103
643,28686422,104,105,74,157
640,28686286,115,125,139,125
639,28686223,122,144,100,148
619,28686190,100,136,78,109
654,28686066,105,134,122,164
659,28686032,103,103,93,133
645,28685976,99,179,73,151
634,28685918,105,127,91,133
642,28685871,97,110,104,151
663,28685836,110,156,101,181
635,28685818,104,171,84,126
654,28685759,109,150,83,161
664,28685744,113,160,113,154
622,28685678,87,161,118,167
636,28685628,109,164,105,139
648,28685625,115,139,73,140
654,28685451,95,174,119,140
642,28685434,114,112,116,152
629,28685255,107,132,129,126
639,28685162,95,133,80,132
642,28685127,112,146,79,145
660,28684989,130,143,116,156
632,28684969,99,148,95,123
643,28684957,115,149,95,145
618,28684923,83,128,110,170
637,28684822,129,135,76,130
645,28684775,112,119,79,146
649,28684710,97,156,70,153
660,28684682,134,144,82,152
657,28684663,102,144,70,171
610,28684663,85,181,78,151
646,28684605,97,126,99,135
667,28684570,123,163,87,174
625,28684454,115,141,119,111
629,28684423,113,133,73,128
646,28684168,108,137,111,156
654,28684121,108,120,113,162
659,28684086,131,103,97,136
620,28684075,96,128,106,105
642,28684066,94,143,67,130
634,28683973,98,119,89,125
641,28683863,129,153,109,126
646,28683861,98,180,78,150
607,28683813,74,145,98,141
636,28683703,102,169,102,125
641,28683672,97,151,81,137
653,28683652,111,116,115,176
655,28683644,101,148,96,167
626,28683574,108,116,81,127
679,28683547,102,176,112,199
649,28683509,98,142,85,142
661,28683397,115,183,67,170
622,28683350,91,176,78,177
650,28683339,114,127,89,155
663,28683330,117,161,115,140
640,28683298,106,130,133,147
639,28683216,107,119,85,135
640,28683046,113,129,95,130
648,28683040,114,128,83,148
643,28683011,101,150,99,147
658,28682929,101,151,132,139
658,28682855,115,130,111,171
638,28682707,123,132,96,132
646,28682660,103,120,93,148
645,28682597,117,171,127,122
650,28682595,113,172,77,152
661,28682566,122,147,106,152
658,28682548,98,164,80,167
611,28682547,83,169,93,155
660,28682495,98,158,61,162
657,28682386,126,135,112,163
630,28682308,112,129,84,126
653,28682243,110,140,76,160
625,28682201,117,157,85,104
645,28682191,97,116,91,149
620,28682130,109,124,95,110
633,28682044,105,141,128,124
644,28682032,107,139,128,153
643,28681950,110,135,82,135
657,28681950,110,100,108,141
637,28681849,81,107,111,149
654,28681792,122,123,77,172
652,28681774,114,130,81,157
647,28681745,101,147,94,150
655,28681698,98,147,104,157
646,28681673,97,178,63,147
662,28681663,115,174,138,150
642,28681557,94,167,100,129
627,28681458,114,110,95,119
650,28681394,125,128,92,156
652,28681370,112,159,134,139
622,28681352,101,156,93,104
662,28681282,109,181,84,169
623,28681234,77,159,101,171
633,28681212,98,143,70,129
640,28681101,111,123,95,140
653,28681049,119,119,73,184
649,28680925,116,129,106,139
624,28680864,98,134,95,107
675,28680820,103,169,93,181
656,28680719,99,125,129,162
661,28680684,133,103,107,135
636,28680571,101,126,107,128
658,28680526,118,140,81,177
644,28680524,118,116,116,155
651,28680479,114,168,102,155
659,28680432,105,147,91,166
630,28680362,105,122,75,123
658,28680360,99,166,63,170
638,28680280,131,148,126,140
636,28680264,94,144,82,125
650,28680199,103,117,79,174
631,28680192,111,133,105,120
654,28680128,118,140,98,158
656,28680104,113,158,136,147
626,28680086,99,154,87,106
610,28679858,75,162,76,169
644,28679835,105,137,97,150
655,28679677,109,120,92,179
653,28679659,101,137,91,162
634,28679621,102,150,125,114
648,28679258,119,125,118,145
663,28679166,100,186,88,160
634,28679096,110,128,84,121
642,28679014,125,178,109,140
649,28678979,116,115,92,150
638,28678965,102,112,122,145
654,28678933,107,118,85,188
616,28678870,81,165,115,145
648,28678820,134,134,128,157
630,28678820,114,147,105,116
656,28678773,117,123,131,162
622,28678728,95,130,111,109
627,28678725,100,119,82,139
636,28678625,99,121,124,133
643,28678516,123,144,132,125
609,28678466,92,161,108,157
659,28678411,109,132,95,179
638,28678355,101,166,112,119
657,28678296,121,151,111,169
631,28678247,109,115,91,122
633,28678223,115,115,69,154
637,28678148,113,146,97,131
643,28678131,111,125,101,169
651,28678084,102,109,94,179
652,28677992,114,130,109,167
669,28677930,122,129,92,196
643,28677902,116,178,73,133
651,28677855,98,146,73,137
657,28677837,116,136,72,181
611,28677743,93,168,97,164
653,28677713,105,132,92,145
642,28677699,96,133,108,131
645,28677664,123,148,114,150
660,28677507,99,142,128,166
640,28677359,113,134,114,131
648,28677312,108,122,108,156
647,28677250,101,160,130,127
636,28677216,88,97,89,172
613,28677200,90,166,110,155
621,28677153,81,147,113,169
640,28677052,115,144,79,128
654,28676988,109,124,77,183
635,28676981,112,140,95,129
637,28676957,108,129,74,156
647,28676843,111,112,109,142
649,28676835,105,145,99,144
655,28676818,103,129,95,175
628,28676609,107,131,92,140
655,28676589,96,195,70,141
623,28676430,74,160,98,183
641,28676419,92,110,90,162
649,28676398,108,167,107,143
657,28676351,114,158,107,159
645,28676296,127,149,71,136
644,28676209,100,164,111,132
629,28676111,102,109,125,128
634,28676108,113,128,77,149
652,28676046,102,133,115,148
624,28675950,102,131,99,123
625,28675887,89,170,112,173
644,28675786,108,158,83,128
642,28675753,99,119,113,132
652,28675739,123,146,85,139
605,28675739,84,167,104,131
658,28675722,100,135,81,181
649,28675644,102,134,71,173
651,28675577,130,128,108,145
653,28675569,125,144,93,167
626,28675516,94,134,112,107
643,28675276,94,148,98,131
638,28675223,100,132,131,133
626,28675209,111,149,77,107
619,28675189,79,169,125,144
645,28675153,93,131,92,170
653,28675132,114,182,110,155
661,28675085,103,167,124,157
649,28675030,105,155,68,135
637,28675012,120,120,74,145
641,28674937,113,148,89,134
647,28674919,99,128,88,170
655,28674872,101,120,100,178
633,28674845,103,133,113,125
638,28674842,104,129,85,155
606,28674835,90,176,129,133
648,28674818,130,148,62,145
654,28674801,110,143,58,186
646,28674795,102,116,83,162
656,28674780,115,142,115,151
628,28674738,110,152,108,105
628,28674664,112,127,105,132
633,28674538,104,145,85,128
646,28674487,102,134,117,136
656,28674473,119,153,85,143
657,28674329,119,121,108,174
655,28674311,108,123,107,154
636,28674274,115,156,128,117
646,28674180,107,155,78,139
654,28674174,103,148,72,151
635,28673993,94,116,93,153
630,28673943,104,166,85,110
650,28673910,97,127,133,146
665,28673819,111,178,109,174
641,28673746,103,131,72,158
602,28673699,80,142,85,157
645,28673671,121,158,101,131
651,28673632,125,112,124,150
653,28673624,96,144,94,135
640,28673617,106,116,128,137
659,28673606,114,138,92,182
653,28673578,94,110,97,130
650,28673529,119,122,82,175
636,28673442,115,147,72,119
632,28673398,102,142,98,140
621,28673160,78,168,103,157
658,28673137,135,140,90,183
674,28673125,104,163,69,196
627,28673094,108,156,101,106
661,28673063,115,142,111,173
640,28673008,110,159,131,120
641,28672915,141,134,98,128
650,28672914,107,154,85,135
658,28672908,107,155,72,137
633,28672899,100,121,122,122
638,28672897,104,123,79,154
639,28672801,110,148,120,133
628,28672739,103,134,105,124
639,28672727,136,125,92,152
647,28672680,114,111,96,175
646,28672608,101,129,58,164
656,28672452,115,138,83,153
653,28672433,107,143,73,166
634,28672422,107,152,106,128
655,28672366,122,143,117,151
657,28672358,104,175,87,149
644,28672351,96,131,134,142
607,28672339,80,170,103,156
615,28672292,84,168,104,169
640,28672176,101,165,66,127
647,28672065,111,160,104,139
646,28671993,101,171,58,135
652,28671964,101,129,72,178
631,28671828,97,169,88,110
637,28671633,101,134,110,120
642,28671631,95,131,84,156
650,28671584,107,122,82,165
651,28671488,113,148,110,138
657,28671470,109,127,110,194
651,28671414,103,124,104,172
637,28671326,110,145,77,128
630,28671262,102,130,107,137
649,28671115,113,113,82,178
661,28671092,110,177,100,154
619,28671026,77,168,101,169
659,28671003,94,144,133,162
646,28670862,98,171,131,127
651,28670799,104,171,102,135
659,28670793,134,155,78,151
639,28670781,102,137,100,148
631,28670763,105,116,128,127
647,28670734,107,124,106,152
654,28670699,106,129,132,136
662,28670641,118,148,100,170
626,28670603,106,143,108,119
661,28670569,112,174,62,170
657,28670336,112,132,105,160
654,28670318,111,136,83,171
653,28670230,112,134,129,147
631,28670149,122,120,73,128
641,28670060,105,168,80,119
656,28669943,104,151,104,144
645,28669929,106,156,110,139
653,28669849,99,137,77,171
622,28669801,99,120,95,112
663,28669737,101,180,129,154
643,28669589,123,149,123,120
643,28669515,108,131,87,157
643,28669513,108,126,108,135
635,28669497,122,140,136,122
651,28669468,95,123,94,170
658,28669433,107,128,146,148
630,28669391,119,157,136,108
638,28669211,108,149,90,127
648,28669140,102,128,133,146
637,28669139,102,188,60,126
658,28669048,109,145,98,181
650,28668999,109,117,104,165
657,28668964,120,121,128,159
649,28668927,102,138,62,170
676,28668894,96,182,91,196
643,28668836,99,139,74,136
625,28668754,91,167,81,181
660,28668677,101,181,92,168
637,28668645,116,114,116,156
660,28668505,118,145,107,175
667,28668471,118,159,129,163
632,28668457,98,136,110,127
647,28668323,115,160,108,118
655,28668276,110,147,121,154
661,28668259,111,132,107,183
655,28668202,111,129,100,173
627,28668180,104,144,93,125
632,28668034,102,132,83,133
661,28667952,121,147,77,173
642,28667945,110,188,99,128
633,28667934,108,170,73,123
652,28667874,115,146,69,170
623,28667812,82,159,119,169
654,28667733,99,125,91,178
630,28667391,100,131,122,126
641,28667379,115,132,108,157
649,28667332,117,117,114,169
628,28667112,102,136,60,134
636,28667075,118,149,117,127
659,28667010,109,166,121,135
609,28666991,74,160,122,158
644,28666721,111,131,77,149
649,28666717,105,147,108,147
637,28666700,100,119,115,146
626,28666638,78,152,98,182
633,28666480,97,182,111,109
639,28666286,97,129,135,123
638,28666223,98,147,94,145
653,28666140,132,144,128,148
653,28666066,106,138,112,175
658,28666032,118,103,102,132
644,28665976,97,173,72,138
661,28665930,109,126,81,176
633,28665918,94,126,95,129
641,28665871,99,113,101,148
662,28665836,125,157,99,184
634,28665818,96,176,79,125
653,28665759,112,145,83,175
663,28665744,122,168,111,160
621,28665678,77,152,118,185
635,28665628,110,144,98,133
647,28665625,116,127,71,141
648,28665455,103,137,77,158
653,28665451,99,156,117,131
641,28665434,118,141,111,139
638,28665162,95,133,84,131
646,28665156,116,133,74,150
641,28665127,118,148,79,144
659,28664989,122,143,123,152
631,28664969,99,146,104,121
642,28664957,111,148,90,156
636,28664822,120,129,85,130
644,28664775,120,121,84,139
648,28664710,126,175,69,154
656,28664663,96,189,73,156
645,28664605,98,110,100,153
658,28664596,135,145,109,149
628,28664582,117,161,107,127
666,28664570,131,176,93,179
624,28664454,108,126,119,116
628,28664423,96,131,73,120
639,28664362,101,166,104,140
635,28664312,103,116,101,147
643,28664306,114,117,82,153
638,28664201,119,116,104,156
645,28664168,99,137,122,148
653,28664121,99,124,109,161
619,28664075,103,143,99,109
633,28663973,107,117,96,126
650,28663890,118,123,72,169
640,28663863,119,144,118,127
645,28663861,107,144,81,150
662,28663815,127,136,95,206
621,28663731,89,151,132,149
635,28663703,114,162,101,119
640,28663672,96,170,79,138
652,28663652,116,115,111,168
654,28663644,109,145,95,174
678,28663547,100,175,112,195
648,28663509,124,141,80,145
633,28663492,111,146,108,140
660,28663397,119,150,73,163
621,28663350,87,179,85,180
649,28663339,103,132,102,157
662,28663330,122,164,112,153
640,28663089,79,107,100,194
639,28663046,101,123,102,131
647,28663040,103,123,85,159
642,28663011,116,146,95,151
647,28662946,94,164,41,166
673,28662936,100,180,78,178
657,28662929,114,150,130,139
657,28662855,97,132,118,163
662,28662820,111,110,100,141
658,28662728,105,190,57,178
637,28662707,97,141,103,132
645,28662660,95,114,92,144
656,28662642,101,127,74,173
644,28662597,101,170,115,129
649,28662595,116,169,82,157
660,28662566,124,145,101,157
657,28662548,106,171,82,160
610,28662547,88,155,101,158
618,28662500,84,150,104,176
656,28662386,120,130,108,175
629,28662308,113,121,85,119
652,28662243,109,143,83,146
624,28662201,95,168,83,106
644,28662191,98,117,99,141
632,28662044,113,134,131,126
643,28662032,118,133,131,156
651,28661985,96,110,128,166
642,28661950,99,135,78,132
656,28661950,108,98,110,144
631,28661837,112,114,112,130
653,28661792,107,116,84,166
651,28661774,137,135,83,155
646,28661745,120,168,96,151
654,28661698,108,146,88,156
661,28661663,114,176,130,149
641,28661557,97,163,98,134
626,28661458,102,114,104,125
649,28661394,113,143,91,151
651,28661370,115,149,131,133
621,28661352,95,149,100,104
661,28661282,117,184,80,169
622,28661234,87,177,97,173
632,28661212,101,140,72,129
635,28661133,121,156,130,104
639,28661101,106,114,96,132
652,28661049,94,139,72,181
648,28660925,111,135,99,154
640,28660875,109,150,114,149
649,28660871,118,117,63,168
623,28660864,99,132,102,111
655,28660719,104,124,128,177
635,28660571,112,129,113,124
657,28660526,117,142,79,174
643,28660524,104,117,107,150
650,28660479,104,165,100,149
658,28660432,105,153,105,162
657,28660360,96,170,60,170
641,28660246,128,123,84,168
614,28660232,95,118,102,129
649,28660199,128,113,77,172
630,28660192,98,120,104,129
653,28660128,113,130,97,149
655,28660104,104,166,129,132
643,28660086,103,142,139,150
625,28660086,111,165,105,106
617,28659994,105,117,111,111
643,28659835,94,143,94,136
651,28659829,97,141,84,148
654,28659677,106,122,86,180
652,28659659,114,125,97,150
633,28659621,116,151,114,126
644,28659609,119,153,108,154
638,28659397,106,116,102,166
647,28659258,101,133,111,140
662,28659166,115,163,98,180
626,28659106,107,126,133,115
633,28659096,114,130,80,126
641,28659014,106,176,115,133
606,28659009,90,153,101,157
648,28658979,100,122,90,152
647,28658951,107,149,82,148
653,28658933,103,127,83,179
647,28658820,99,138,137,152
655,28658773,107,136,134,157
621,28658728,110,137,121,110
635,28658625,112,121,114,134
642,28658516,102,151,133,119
658,28658411,112,126,88,163
637,28658355,99,180,110,122
656,28658296,115,144,107,159
630,28658247,122,117,94,127
642,28658131,121,138,93,169
650,28658084,106,114,106,187
651,28657992,105,125,117,160
650,28657855,108,144,66,152
656,28657837,97,140,74,174
610,28657743,84,170,86,170
652,28657713,119,140,103,144
641,28657699,103,127,117,139
644,28657664,106,147,116,147
633,28657554,111,164,105,112
659,28657507,113,128,129,177
631,28657485,105,146,133,118
639,28657475,101,166,118,130
664,28657473,107,110,109,130
617,28657396,97,162,100,99
639,28657359,126,140,122,133
647,28657312,112,117,120,143
646,28657250,105,167,130,124
612,28657200,87,173,107,157
639,28657052,125,152,80,124
653,28656988,97,122,77,180
634,28656981,99,143,100,129
636,28656957,94,132,67,150
644,28656910,104,113,72,171
615,28656848,80,142,123,160
646,28656843,109,117,117,147
648,28656835,114,144,101,146
654,28656818,110,139,99,191
627,28656609,116,121,96,140
654,28656589,97,167,69,138
622,28656430,84,173,96,178
648,28656398,120,158,113,146
656,28656351,95,145,125,155
644,28656296,94,144,72,135
643,28656209,95,152,122,134
642,28656185,104,123,98,157
636,28656127,116,123,106,133
628,28656111,107,117,111,128
633,28656108,105,142,80,151
651,28656046,102,137,109,156
623,28656004,101,158,120,102
623,28655950,109,129,98,123
624,28655887,89,167,108,177
643,28655786,114,164,79,133
641,28655753,100,122,110,134
651,28655739,116,147,85,144
657,28655722,113,140,80,178
648,28655644,102,124,69,162
650,28655577,117,130,126,152
652,28655569,115,146,104,154
625,28655516,102,132,107,109
630,28655513,109,133,83,135
662,28655337,114,103,128,134
642,28655276,107,148,91,136
637,28655223,111,143,130,134
652,28655132,110,170,116,154
660,28655085,113,150,111,167
648,28655030,95,173,64,136
640,28654937,123,146,94,134
654,28654872,103,119,89,174
632,28654845,109,119,112,126
637,28654842,124,143,84,158
645,28654795,98,110,76,177
655,28654780,94,127,111,162
627,28654738,99,172,112,104
654,28654567,107,131,66,146
645,28654487,105,132,113,142
655,28654473,110,155,84,155
608,28654473,81,150,92,139
656,28654329,126,120,109,174
654,28654311,103,137,110,155
635,28654274,106,165,129,116
673,28654242,95,171,106,195
645,28654180,112,146,80,141
623,28654005,98,124,97,121
634,28653993,104,117,89,156
629,28653943,94,156,82,102
649,28653910,106,121,129,156
641,28653874,107,117,63,175
657,28653852,104,147,95,177
664,28653819,128,160,107,175
640,28653746,129,136,72,153
651,28653718,114,123,76,149
648,28653699,103,121,73,173
644,28653671,103,182,98,134
626,28653651,90,107,108,158
652,28653624,122,148,103,138
658,28653606,100,128,94,177
651,28653552,108,167,60,144
649,28653529,127,131,82,178
635,28653442,97,148,73,121
631,28653398,99,143,96,139
637,28653278,97,124,128,129
647,28653230,116,109,74,166
659,28653207,107,169,79,155
620,28653160,80,164,96,151
617,28653141,86,163,83,172
657,28653137,121,122,86,182
673,28653125,96,179,64,199
626,28653094,96,145,93,106
660,28653063,112,137,109,178
639,28653008,108,175,128,123
640,28652915,137,136,97,126
649,28652914,106,158,80,132
657,28652908,98,169,70,144
632,28652899,110,124,122,129
637,28652897,103,143,82,141
660,28652756,139,149,78,182
627,28652739,103,134,93,110
652,28652736,116,117,107,178
638,28652727,102,120,86,152
646,28652680,108,116,105,165
645,28652608,94,137,61,159
655,28652452,95,140,84,153
652,28652433,100,134,72,168
633,28652422,103,152,101,118
612,28652395,78,152,116,167
654,28652366,132,132,113,153
656,28652358,99,168,105,143
643,28652351,115,127,128,141
606,28652339,87,164,99,145
639,28652176,97,179,73,122
646,28652065,100,145,105,146
654,28652059,122,148,78,136
619,28652048,105,179,111,100
634,28652047,97,118,103,149
645,28651993,100,175,61,133
651,28651964,123,125,70,190
630,28651828,109,164,87,105
636,28651633,109,133,110,119
641,28651631,108,139,83,156
649,28651584,95,118,79,174
650,28651488,114,146,119,145
656,28651470,103,119,108,183
650,28651414,95,132,90,162
636,28651326,99,149,84,129
629,28651262,106,122,108,140
648,28651115,98,113,85,184
660,28651092,115,167,101,152
642,28651072,88,110,111,181
618,28651026,77,151,93,176
674,28651010,97,152,83,195
645,28650862,96,170,133,131
650,28650799,95,163,102,130
658,28650793,109,162,83,153
638,28650781,103,113,102,156
653,28650699,108,133,131,151
661,28650641,123,148,106,171
625,28650603,113,121,118,115
656,28650336,106,139,99,153
653,28650318,109,131,78,164
652,28650230,117,129,138,153
671,28650160,100,148,106,197
640,28650060,104,175,85,126
655,28649943,121,155,98,153
644,28649929,94,144,120,136
652,28649849,121,122,83,182
621,28649801,110,130,100,115
662,28649737,96,146,137,173
642,28649589,123,153,110,131
656,28649525,131,119,107,180
642,28649515,123,136,93,151
634,28649497,99,123,130,128
650,28649468,106,124,91,165
637,28649211,110,144,95,115
639,28649187,118,145,70,156
647,28649140,103,137,139,149
610,28649125,81,162,120,140
657,28649048,99,148,92,187
629,28649009,114,144,85,127
649,28648999,106,115,105,176
656,28648964,110,127,132,155
675,28648894,109,178,102,199
642,28648836,103,130,74,144
663,28648801,115,158,72,177
659,28648677,117,154,92,152
625,28648657,103,123,110,122
636,28648645,99,128,126,147
636,28648593,116,155,70,133
666,28648471,133,168,128,173
646,28648323,103,178,110,130
652,28648285,107,121,135,138
654,28648276,111,144,113,160
660,28648259,113,139,110,173
654,28648202,99,134,93,163
626,28648180,101,145,93,126
631,28648034,114,135,85,132
641,28647945,116,165,95,128
632,28647934,102,171,70,122
651,28647874,113,144,74,165
622,28647812,88,176,109,171
628,28647746,112,148,110,111
653,28647733,109,119,99,170
646,28647570,123,124,74,168
629,28647391,97,132,122,124
640,28647379,131,139,115,157
648,28647332,101,108,107,175
653,28647298,115,100,103,133
628,28647184,115,116,94,130
649,28647149,118,149,88,165
629,28647084,107,155,85,124
635,28647075,104,144,110,120
640,28647072,119,145,83,152
656,28647019,114,131,130,137
658,28647010,118,166,110,142
608,28646991,89,174,119,152
643,28646721,100,133,85,139
648,28646717,107,146,114,133
636,28646700,108,122,108,148
664,28646686,109,175,82,182
625,28646638,92,165,97,182
632,28646480,122,169,122,110
637,28646477,95,166,79,139
598,28646429,87,161,101,138
641,28646422,102,112,73,153
638,28646286,115,139,136,123
637,28646223,101,145,88,147
631,28646088,101,119,79,131
652,28646066,95,131,108,178
643,28645976,119,144,73,155
632,28645918,105,118,98,132
645,28645891,112,121,54,169
640,28645871,96,110,88,142
661,28645836,96,161,101,175
633,28645818,98,190,82,124
655,28645778,105,145,106,157
652,28645759,111,144,83,167
662,28645744,121,164,108,149
620,28645678,77,173,107,171
611,28645654,111,163,91,95
634,28645628,108,151,95,138
646,28645625,98,134,72,135
652,28645451,100,159,111,139
640,28645434,109,133,119,149
648,28645387,96,114,122,154
637,28645162,104,139,80,135
640,28645127,101,165,76,147
658,28644989,106,139,125,158
630,28644969,95,148,96,126
641,28644957,109,147,106,150
635,28644822,99,139,84,134
673,28644813,118,162,113,196
647,28644710,102,173,74,153
658,28644682,117,152,76,156
655,28644663,99,170,65,162
608,28644663,77,159,80,158
636,28644652,103,132,100,135
644,28644605,103,126,105,141
657,28644596,114,145,120,147
665,28644570,107,167,98,178
623,28644454,111,134,107,111
627,28644423,117,136,68,129
638,28644362,103,180,101,139
644,28644242,124,145,132,133
644,28644168,119,135,117,156
652,28644121,127,120,123,179
657,28644086,103,109,94,148
618,28644075,99,130,105,111
632,28643973,96,124,93,131
639,28643863,123,152,113,124
644,28643861,102,151,84,157
652,28643814,117,157,81,155
619,28643774,107,137,118,105
634,28643703,97,151,105,122
639,28643672,94,173,82,127
651,28643652,131,109,107,176
653,28643644,134,144,98,172
677,28643547,98,169,117,196
647,28643509,105,136,83,136
662,28643416,114,174,78,150
659,28643397,103,173,65,167
648,28643339,101,125,99,149
661,28643330,117,160,107,147
638,28643298,106,124,129,143
638,28643046,95,132,96,131
646,28643040,114,120,82,144
641,28643011,106,156,98,138
640,28642939,111,156,61,141
656,28642929,99,147,133,144
656,28642855,98,137,111,167
636,28642823,97,152,96,140
636,28642707,121,134,100,131
644,28642660,120,123,105,147
655,28642642,109,130,74,176
643,28642597,100,164,107,125
648,28642595,121,182,85,154
659,28642566,143,149,102,158
656,28642548,106,146,82,173
609,28642547,91,182,97,158
617,28642500,80,150,96,168
624,28642465,93,171,128,152
630,28642399,117,144,137,108
655,28642386,119,131,115,178
628,28642308,122,120,84,117
651,28642243,97,139,85,156
643,28642191,101,115,97,155
631,28642044,96,139,128,113
642,28642032,133,127,131,147
641,28641950,95,143,84,143
649,28641944,105,134,69,141
644,28641839,139,136,83,157
630,28641837,104,115,111,132
652,28641792,108,122,85,166
650,28641774,105,132,83,154
645,28641745,105,156,91,157
653,28641698,119,153,89,155
644,28641673,111,146,59,151
660,28641663,113,165,131,152
640,28641557,95,160,98,127
648,28641394,111,135,94,148
650,28641370,99,149,129,131
647,28641322,109,138,63,147
663,28641300,108,173,100,157
660,28641282,116,164,84,161
621,28641234,89,163,100,172
631,28641212,113,131,70,124
638,28641101,99,123,95,134
646,28641095,102,120,85,148
651,28641049,106,133,74,184
647,28640925,96,123,89,144
622,28640864,112,140,103,109
654,28640719,105,127,130,160
634,28640571,97,120,121,131
615,28640537,83,172,92,136
656,28640526,137,138,79,159
642,28640524,101,115,108,157
663,28640489,96,146,110,177
649,28640479,122,162,90,143
657,28640432,97,150,91,171
628,28640362,107,116,83,123
656,28640360,106,167,61,164
622,28640331,90,178,131,161
629,28640192,102,128,93,127
652,28640128,118,138,92,162
654,28640104,97,166,129,133
624,28640086,99,165,96,108
642,28640086,117,140,131,148
642,28639835,109,138,92,139
650,28639829,97,133,82,143
653,28639677,111,120,94,182
651,28639659,105,143,102,155
632,28639621,99,159,119,119
643,28639609,113,144,107,154
637,28639397,109,110,96,163
646,28639258,97,133,108,140
659,28639249,118,146,128,152
667,28639223,119,166,107,195
637,28639168,97,153,73,130
661,28639166,108,158,90,169
632,28639096,98,133,79,124
647,28638979,99,121,98,144
646,28638951,108,144,77,149
652,28638933,104,124,75,187
606,28638917,75,175,122,141
646,28638820,115,131,130,144
654,28638773,122,137,128,166
612,28638662,104,145,105,99
634,28638625,103,119,109,120
620,28638545,77,162,84,185
638,28638534,89,110,75,177
641,28638516,110,149,138,120
657,28638411,115,137,97,167
636,28638355,115,165,112,120
655,28638296,94,154,108,170
629,28638247,95,121,93,126
634,28638242,115,141,84,125
635,28638148,111,151,89,125
641,28638131,117,136,99,168
649,28638084,117,114,88,180
650,28637992,110,136,120,157
649,28637855,98,145,73,137
655,28637837,116,139,72,180
609,28637743,73,149,97,158
651,28637713,120,133,89,155
640,28637699,95,125,119,130
650,28637685,103,145,81,149
643,28637664,109,149,115,145
618,28637604,89,161,110,159
658,28637507,109,139,129,161
638,28637475,96,152,121,136
616,28637396,94,169,95,98
654,28637368,113,131,69,188
638,28637359,128,130,114,128
653,28637324,102,154,57,159
646,28637312,99,115,107,147
645,28637250,98,161,128,127
661,28637219,131,145,113,155
611,28637200,83,153,113,152
638,28637052,100,148,83,128
641,28636990,94,109,94,124
652,28636988,112,122,80,185
633,28636981,113,141,102,127
635,28636957,103,126,69,154
643,28636910,107,113,73,164
645,28636843,96,116,109,143
647,28636835,97,147,105,146
653,28636818,107,138,90,178
626,28636609,117,124,93,140
653,28636589,94,167,68,140
647,28636398,138,144,113,158
642,28636209,100,173,119,129
635,28636127,103,127,88,134
627,28636111,96,117,119,127
632,28636108,123,116,81,157
650,28636046,95,135,111,142
622,28635950,101,135,88,118
623,28635887,74,153,111,175
642,28635786,94,186,85,133
640,28635753,96,124,114,145
650,28635739,99,157,80,136
656,28635722,97,138,83,182
664,28635665,123,101,101,163
647,28635644,99,131,73,187
649,28635577,102,135,114,146
657,28635323,106,165,67,147
618,28635275,83,161,82,164
636,28635223,104,134,130,132
643,28635153,90,131,91,161
651,28635132,120,176,127,156
659,28635085,104,144,121,166
647,28635030,110,153,69,137
635,28635012,101,136,71,148
639,28634937,113,146,88,134
653,28634872,102,119,101,189
638,28634865,112,176,61,130
625,28634854,108,141,85,123
631,28634845,108,129,113,114
636,28634842,101,129,84,152
644,28634795,103,115,82,162
654,28634780,107,128,107,158
626,28634738,98,170,127,108
631,28634538,97,150,85,123
644,28634487,98,136,116,135
654,28634473,110,169,84,136
652,28634403,121,115,96,191
655,28634329,128,124,108,194
653,28634311,118,129,116,153
637,28634283,86,103,115,177
634,28634274,105,146,128,123
645,28634262,118,144,129,148
672,28634242,102,164,104,196
644,28634180,110,148,84,136
652,28634174,106,150,74,144
633,28633993,97,116,95,155
628,28633943,99,159,79,111
648,28633910,114,134,128,139
656,28633852,102,144,98,178
663,28633819,107,168,108,160
639,28633746,106,143,69,153
650,28633718,106,124,80,160
647,28633699,117,119,74,164
643,28633671,106,177,104,134
649,28633632,108,124,124,153
651,28633624,105,146,86,137
638,28633617,100,113,130,137
657,28633606,105,141,89,173
662,28633606,113,163,69,177
651,28633578,94,110,103,129
648,28633529,112,125,81,177
634,28633442,112,150,68,126
630,28633398,126,129,94,139
656,28633137,124,125,88,177
625,28633094,98,149,100,111
659,28633063,125,140,122,174
638,28633008,97,169,131,124
648,28632914,98,179,84,131
631,28632899,97,116,110,115
636,28632897,104,123,81,157
637,28632801,105,152,127,132
643,28632783,102,129,107,167
659,28632756,117,148,83,176
626,28632739,119,141,103,123
637,28632727,95,137,87,157
645,28632680,96,109,97,162
644,28632608,108,131,59,162
654,28632452,106,135,85,163
651,28632433,115,137,74,177
632,28632422,119,146,96,128
653,28632366,112,138,111,142
655,28632358,100,156,100,137
642,28632351,94,131,134,136
605,28632339,83,147,102,153
612,28632333,102,120,104,103
638,28632176,105,166,67,129
645,28632065,102,163,90,135
653,28632059,115,154,84,141
618,28632048,108,168,111,98
640,28632012,114,143,130,131
632,28631975,96,136,63,146
650,28631964,98,131,70,168
619,28631916,103,123,80,116
629,28631828,113,156,103,108
635,28631633,117,135,115,129
640,28631631,131,132,85,148
651,28631602,110,123,106,167
648,28631584,101,122,78,166
663,28631490,120,167,85,187
649,28631488,103,149,115,150
655,28631470,109,136,107,174
649,28631414,102,122,103,162
635,28631326,131,148,79,126
628,28631262,115,132,107,137
655,28631163,124,156,77,179
647,28631115,106,116,84,170
659,28631092,135,162,98,153
649,28631050,114,174,129,137
617,28631026,82,157,87,175
649,28630799,101,173,93,133
657,28630793,133,169,79,142
637,28630781,118,133,102,149
629,28630763,98,117,134,120
652,28630699,95,135,133,154
660,28630641,102,145,95,166
624,28630603,98,134,109,121
642,28630406,102,119,135,147
655,28630336,96,141,99,151
652,28630318,113,132,75,178
613,28630270,76,142,94,171
639,28630060,126,157,81,120
654,28629943,122,150,102,153
643,28629929,103,144,107,134
651,28629849,101,125,85,177
661,28629737,109,170,133,152
641,28629589,106,145,109,120
641,28629515,110,141,106,158
633,28629497,96,134,137,119
649,28629468,120,124,104,177
648,28629396,96,138,59,172
628,28629391,120,174,129,106
628,28629316,119,132,123,125
636,28629211,118,151,101,126
638,28629187,114,149,70,155
646,28629140,104,135,134,143
656,28629048,114,146,93,175
628,28629009,101,156,85,133
648,28628999,126,117,91,165
674,28628894,98,159,100,195
629,28628839,96,147,102,139
641,28628836,106,130,72,160
662,28628801,109,165,64,180
658,28628677,114,171,100,146
635,28628645,100,117,115,155
665,28628471,98,177,129,160
645,28628323,114,174,108,127
653,28628276,111,146,119,146
659,28628259,124,142,110,182
653,28628202,123,135,91,167
625,28628180,106,147,98,122
632,28628050,120,134,111,140
630,28628034,99,121,83,127
659,28627952,119,149,82,176
640,28627945,108,173,103,122
631,28627934,94,167,70,119
650,28627874,111,149,72,174
621,28627812,85,182,110,156
627,28627746,99,150,117,110
652,28627733,112,136,101,178
641,28627568,129,130,116,132
628,28627391,97,132,113,126
639,28627379,99,118,118,158
647,28627332,95,117,112,166
627,28627184,117,111,105,124
628,28627084,96,147,78,126
634,28627075,116,144,116,126
655,28627019,114,139,128,149
657,28627010,108,164,125,141
607,28626991,76,173,111,141
633,28626938,118,132,72,124
656,28626797,139,151,71,168
642,28626721,114,131,79,145
647,28626717,98,150,110,142
635,28626700,107,120,119,151
663,28626686,120,171,83,182
624,28626638,83,173,88,179
624,28626590,103,133,91,111
631,28626480,98,175,117,109
636,28626477,97,161,84,138
637,28626286,129,135,136,122
653,28626255,114,118,107,147
651,28626066,94,140,108,165
631,28625918,100,132,95,129
639,28625871,112,116,101,140
660,28625836,109,154,86,177
632,28625818,104,159,77,120
654,28625778,120,149,101,158
651,28625759,119,147,85,174
661,28625744,122,169,123,153
619,28625678,74,180,114,173
633,28625628,109,151,105,140
645,28625625,111,131,68,149
646,28625455,103,127,83,143
651,28625451,100,181,119,136
639,28625434,128,123,109,155
624,28625395,106,114,82,152
647,28625387,94,117,107,152
662,28625293,124,149,110,170
651,28625280,115,109,62,140
626,28625255,95,121,129,121
636,28625162,101,131,81,149
644,28625156,108,123,73,147
657,28624989,127,137,119,161
629,28624969,110,151,102,120
640,28624957,108,144,103,156
634,28624822,102,134,84,118
646,28624710,111,170,68,157
654,28624663,108,149,72,159
607,28624663,91,160,82,152
599,28624643,83,128,107,169
643,28624605,102,131,101,141
656,28624596,128,151,122,147
664,28624570,125,156,94,181
626,28624423,120,132,72,123
637,28624362,110,172,99,139
649,28624359,106,137,73,153
643,28624168,105,142,112,150
651,28624121,113,123,115,170
617,28624075,97,130,97,111
639,28624066,99,133,72,140
638,28623863,106,150,107,125
643,28623861,101,184,77,136
651,28623814,103,149,85,158
633,28623703,111,161,97,110
650,28623652,100,116,117,169
652,28623644,109,155,90,163
676,28623547,95,163,111,195
646,28623509,94,139,85,139
661,28623416,106,172,79,149
658,28623397,117,155,71,163
619,28623350,78,146,80,174
647,28623339,104,133,91,154
660,28623330,112,160,108,160
637,28623298,96,124,129,146
637,28623046,116,125,100,145
645,28623040,116,133,85,155
640,28623011,99,148,102,147
647,28622976,103,182,146,123
640,28622935,131,130,98,155
655,28622929,121,152,133,142
655,28622855,114,138,110,177
635,28622707,98,130,95,134
643,28622660,119,113,90,149
654,28622642,118,137,74,161
642,28622597,98,172,109,129
647,28622595,125,147,82,158
658,28622566,106,144,104,155
655,28622548,98,158,85,182
608,28622547,78,168,103,156
616,28622500,78,155,101,179
654,28622386,113,130,117,183
646,28622315,100,112,73,178
627,28622308,104,124,80,125
650,28622243,121,137,77,152
642,28622191,118,117,100,142
641,28622032,123,134,128,153
649,28621985,101,119,131,152
640,28621950,99,138,84,160
654,28621950,115,94,110,134
648,28621944,109,140,70,152
629,28621837,112,115,113,132
651,28621792,105,120,82,171
649,28621774,101,128,80,154
644,28621745,113,163,93,158
652,28621698,115,147,90,163
643,28621673,106,197,62,158
659,28621663,108,163,130,145
651,28621626,98,159,63,171
639,28621557,94,168,94,128
647,28621394,100,135,96,144
649,28621370,100,146,130,138
619,28621352,97,148,103,99
662,28621300,114,162,86,158
659,28621282,99,174,81,166
620,28621234,91,155,99,177
630,28621212,98,131,73,129
633,28621133,96,168,132,105
645,28621095,121,123,84,146
650,28621049,122,125,70,196
640,28620990,115,123,103,153
646,28620925,114,124,87,168
638,28620875,115,144,118,149
621,28620864,95,127,96,111
645,28620853,104,134,61,160
623,28620840,117,126,65,139
653,28620719,112,130,128,171
633,28620571,102,119,108,130
655,28620526,117,141,81,161
641,28620524,96,107,110,137
662,28620489,136,153,113,175
648,28620479,127,174,100,153
656,28620432,95,175,86,152
655,28620360,100,163,63,162
635,28620280,101,167,114,131
639,28620246,96,127,82,168
647,28620199,112,117,82,191
628,28620192,99,129,101,116
651,28620128,128,134,88,163
653,28620104,98,171,135,140
623,28620086,100,184,106,108
665,28620046,94,128,85,195
641,28619835,113,138,98,143
649,28619829,105,138,78,145
652,28619677,118,124,101,170
650,28619659,106,128,94,158
631,28619621,108,155,124,119
642,28619609,115,144,111,151
636,28619397,100,116,102,169
645,28619258,98,137,108,144
666,28619223,111,186,108,190
636,28619168,104,153,70,126
660,28619166,107,168,102,161
631,28619096,116,137,81,129
639,28619014,109,169,111,137
646,28618979,118,123,98,155
645,28618951,107,146,81,144
651,28618933,99,138,78,184
645,28618820,124,134,134,158
653,28618773,111,124,130,170
619,28618728,114,136,110,111
633,28618625,110,121,112,134
640,28618516,105,144,131,125
656,28618411,113,129,98,174
635,28618355,95,173,120,124
654,28618296,117,145,116,166
628,28618247,97,122,86,125
630,28618223,110,117,73,149
662,28618160,120,147,75,178
634,28618148,95,147,91,133
640,28618131,131,123,94,169
648,28618084,103,114,88,191
649,28617992,100,128,116,155
640,28617902,103,173,72,134
648,28617855,95,149,73,137
654,28617837,103,137,73,176
650,28617713,97,136,98,158
639,28617699,96,138,109,143
642,28617664,111,144,120,143
631,28617554,129,163,96,116
628,28617554,96,117,56,166
657,28617507,102,139,129,163
637,28617475,103,144,107,129
615,28617396,107,177,94,100
639,28617392,98,149,78,139
653,28617368,116,133,72,190
637,28617359,120,140,120,134
652,28617324,108,157,57,171
645,28617312,99,124,112,140
644,28617250,116,170,131,125
660,28617219,131,144,108,148
633,28617216,87,100,97,172
610,28617200,84,169,116,157
637,28617052,116,145,85,126
643,28617035,110,135,81,168
651,28616988,112,124,84,182
632,28616981,113,135,90,126
634,28616957,107,133,64,158
642,28616910,113,109,68,169
644,28616843,104,112,116,148
646,28616835,99,144,99,142
652,28616818,105,126,94,179
625,28616609,104,136,101,138
652,28616589,96,171,71,148
638,28616419,86,130,103,169
646,28616398,119,156,108,152
654,28616351,115,145,125,156
641,28616209,95,159,109,131
640,28616185,118,119,94,170
649,28616046,97,142,112,140
622,28615887,81,169,109,159
641,28615786,96,169,85,132
639,28615753,99,119,122,133
649,28615739,96,147,85,143
655,28615722,115,135,80,186
646,28615644,118,135,66,164
648,28615577,110,133,111,151
623,28615516,103,143,108,101
640,28615276,95,149,104,135
654,28615253,105,139,84,187
635,28615223,104,125,131,132
650,28615132,114,166,113,157
658,28615085,94,164,121,160
646,28615030,100,179,74,150
638,28614937,117,145,100,134
637,28614933,118,149,136,130
644,28614919,114,131,91,161
657,28614872,109,147,71,170
652,28614872,102,116,88,180
638,28614861,126,130,106,138
630,28614845,113,133,112,126
635,28614842,110,123,81,158
643,28614795,106,117,78,165
653,28614780,118,135,116,156
625,28614738,98,170,110,106
625,28614664,117,137,96,133
643,28614487,95,136,123,139
653,28614473,111,182,85,143
654,28614329,100,123,113,173
652,28614311,118,122,124,151
633,28614274,111,155,133,118
643,28614180,94,150,83,135
632,28613993,113,130,99,150
627,28613943,96,164,82,111
647,28613910,103,123,131,136
655,28613852,114,153,94,171
662,28613819,110,166,111,170
638,28613746,118,128,72,153
649,28613718,104,123,79,157
646,28613699,96,119,69,168
642,28613671,126,157,104,128
648,28613632,105,123,112,140
650,28613624,107,144,106,162
656,28613606,122,139,96,174
647,28613529,98,124,84,174
633,28613442,112,156,70,127
629,28613398,100,134,105,134
618,28613160,84,165,99,155
649,28613155,113,151,97,155
655,28613137,127,128,91,182
624,28613094,97,158,103,107
658,28613063,129,134,123,164
637,28613008,94,175,129,126
638,28612915,100,137,106,130
647,28612914,110,164,84,158
655,28612908,119,179,71,142
630,28612899,101,114,117,128
635,28612897,115,124,82,156
675,28612787,100,147,103,207
642,28612783,116,124,108,168
625,28612739,96,135,102,125
650,28612736,96,116,114,201
636,28612727,100,126,90,154
644,28612680,105,114,101,170
668,28612583,117,140,108,198
653,28612452,109,137,85,162
650,28612433,98,131,74,159
631,28612422,99,147,94,129
652,28612366,134,129,120,160
654,28612358,98,184,105,156
641,28612351,101,122,134,132
604,28612339,78,168,105,158
612,28612292,77,156,89,175
637,28612176,97,161,72,125
644,28612065,109,153,93,141
652,28612059,137,144,84,150
617,28612048,118,160,108,99
639,28612012,94,134,128,132
643,28611993,98,159,61,144
647,28611965,95,124,137,141
649,28611964,95,125,74,172
628,28611828,105,164,97,103
634,28611633,104,132,110,120
639,28611631,100,130,85,155
650,28611602,102,122,98,156
647,28611584,105,121,76,176
662,28611490,98,169,75,178
648,28611488,111,146,109,150
654,28611470,94,132,109,174
648,28611414,100,122,99,169
634,28611326,117,153,83,116
627,28611262,112,125,109,134
654,28611163,112,147,82,196
646,28611115,104,113,79,168
658,28611092,128,169,91,146
615,28611067,98,117,99,116
648,28611050,113,156,128,150
616,28611026,80,158,101,172
656,28611003,113,145,134,153
643,28610862,94,160,139,131
648,28610799,112,158,97,158
656,28610793,110,171,83,150
636,28610781,94,122,101,151
651,28610699,124,139,136,141
659,28610641,103,146,88,179
643,28610361,121,144,94,165
654,28610336,132,136,91,170
651,28610318,97,134,80,162
650,28610230,104,140,130,142
669,28610160,95,153,92,198
628,28610149,109,128,70,131
657,28610067,130,161,65,179
638,28610060,102,167,83,128
653,28609943,127,144,95,138
623,28609930,112,180,97,127
642,28609929,94,146,116,131
650,28609849,104,134,83,166
619,28609801,105,125,100,115
652,28609784,107,172,130,155
660,28609737,104,168,129,161
640,28609589,120,154,111,125
654,28609525,134,121,111,172
640,28609515,134,143,99,154
632,28609497,109,136,130,127
648,28609468,94,124,98,173
650,28609413,108,102,78,149
647,28609396,105,143,63,165
663,28609375,105,185,98,185
625,28609300,110,117,82,134
635,28609211,104,146,101,113
645,28609140,96,127,128,133
634,28609139,106,158,63,128
608,28609125,90,159,115,140
655,28609048,114,146,98,185
647,28608999,105,114,104,181
654,28608964,122,127,130,153
673,28608894,102,161,96,199
628,28608839,109,144,93,134
640,28608836,98,130,74,139
661,28608801,125,167,72,201
657,28608677,120,178,93,153
634,28608645,94,134,116,145
664,28608471,94,174,134,161
644,28608323,120,169,111,124
652,28608276,99,144,111,163
658,28608259,131,141,112,180
652,28608202,121,129,99,171
631,28608050,124,143,108,140
629,28608034,96,122,81,128
658,28607952,119,144,80,177
611,28607951,80,165,99,170
639,28607945,111,173,101,128
620,28607812,75,187,111,156
651,28607807,110,144,114,155
626,28607746,108,151,114,110
631,28607743,101,166,80,133
651,28607733,129,126,87,175
644,28607477,88,131,76,182
627,28607391,118,135,115,112
638,28607379,111,128,110,158
646,28607332,100,115,115,186
626,28607184,102,115,98,131
627,28607084,94,154,84,123
633,28607075,107,151,108,116
638,28607072,100,144,85,154
654,28607019,109,136,128,153
656,28607010,109,161,125,139
632,28606938,106,136,69,127
641,28606721,117,124,77,138
646,28606717,104,144,116,136
662,28606686,112,159,83,177
630,28606480,105,172,121,109
636,28606286,102,132,137,129
652,28606255,102,124,115,148
635,28606223,96,147,99,141
650,28606066,119,142,111,163
641,28605976,104,170,74,148
630,28605918,123,128,97,131
638,28605871,100,116,96,142
659,28605836,115,153,88,171
631,28605818,96,168,81,118
653,28605778,100,144,104,160
650,28605759,102,149,85,163
660,28605744,126,169,108,150
618,28605678,81,169,109,161
632,28605628,139,147,105,138
644,28605625,101,137,65,150
624,28605610,103,157,133,109
645,28605455,123,129,85,153
650,28605451,109,183,109,133
638,28605434,121,128,122,147
661,28605293,132,144,109,169
643,28605156,108,133,73,138
638,28605127,110,144,81,147
656,28604989,115,134,118,174
628,28604969,115,154,91,126
639,28604957,116,144,96,149
633,28604822,100,142,82,123
645,28604710,111,153,68,158
653,28604663,131,145,73,174
642,28604605,108,128,102,150
655,28604596,121,150,112,142
625,28604582,116,175,109,129
663,28604570,98,167,100,187
636,28604362,98,153,87,137
642,28604242,114,156,131,133
642,28604168,107,143,113,157
650,28604121,123,120,121,174
638,28604066,101,132,74,145
630,28603973,103,124,99,134
649,28603908,125,124,72,181
647,28603890,115,129,68,153
637,28603863,105,156,108,129
642,28603861,96,164,77,150
632,28603703,105,160,98,120
649,28603652,123,107,107,163
651,28603644,112,144,106,166
675,28603547,105,159,108,197
645,28603509,118,136,75,145
657,28603397,99,181,73,167
646,28603339,96,133,106,148
659,28603330,95,150,123,142
636,28603298,112,128,130,138
636,28603046,98,136,93,140
644,28603040,115,129,81,157
639,28603011,125,158,104,146
646,28602976,100,176,130,134
638,28602939,94,162,63,152
639,28602935,116,129,92,158
654,28602929,124,154,130,145
654,28602855,107,141,110,175
634,28602823,96,159,102,129
634,28602707,103,143,103,130
642,28602660,95,114,88,153
653,28602642,97,139,74,172
641,28602597,110,170,123,127
646,28602595,120,153,85,156
657,28602566,103,149,101,159
654,28602548,113,157,77,172
607,28602547,92,167,92,157
653,28602386,130,130,114,176
626,28602308,96,129,83,128
641,28602191,97,117,105,146
629,28602044,104,133,131,122
640,28602032,96,129,128,157
639,28601950,114,126,75,134
628,28601837,96,116,107,133
650,28601792,109,123,80,169
648,28601774,111,119,81,147
643,28601745,110,164,101,145
651,28601698,102,152,90,153
642,28601673,110,177,60,155
658,28601663,112,147,129,137
650,28601626,111,147,63,172
638,28601557,94,169,96,134
638,28601441,124,143,106,136
646,28601394,120,141,91,141
648,28601370,102,152,134,136
661,28601300,118,156,98,152
658,28601282,100,175,81,175
619,28601234,75,166,92,177
629,28601212,113,136,74,124
636,28601101,98,122,98,138
644,28601095,114,123,75,146
649,28601049,124,129,71,175
645,28600925,120,139,104,153
620,28600864,98,142,88,110
671,28600820,101,169,105,179
652,28600719,100,130,130,168
657,28600684,111,103,114,133
632,28600571,109,126,122,131
654,28600526,116,135,82,179
640,28600524,105,117,109,145
647,28600479,104,166,104,157
655,28600432,108,147,105,172
637,28600416,112,124,74,168
626,28600362,95,123,77,123
654,28600360,95,174,63,164
611,28600306,97,175,116,96
634,28600280,109,169,112,132
632,28600264,98,147,77,128
638,28600246,132,120,79,166
646,28600199,104,116,85,189
627,28600192,98,132,98,124
650,28600128,96,125,97,158
652,28600104,114,155,142,140
622,28600086,96,159,98,105
606,28599858,88,166,76,168
640,28599835,106,133,101,143
648,28599829,125,141,81,145
651,28599677,102,119,106,161
629,28599669,98,176,75,116
649,28599659,99,128,86,145
658,28599642,122,131,130,147
633,28599630,82,103,97,177
630,28599621,101,157,115,123
641,28599609,106,144,111,156
635,28599397,107,117,96,155
644,28599258,111,141,121,136
665,28599223,117,188,107,176
659,28599166,99,152,91,159
623,28599106,98,124,132,115
649,28599103,104,124,74,184
630,28599096,97,139,82,117
638,28599014,103,173,111,139
645,28598979,115,123,100,163
644,28598951,99,144,81,144
650,28598933,97,129,85,188
644,28598820,121,135,129,153
618,28598728,108,136,107,106
623,28598725,107,121,80,136
632,28598625,96,119,120,129
639,28598516,94,152,140,128
655,28598411,117,142,86,176
634,28598355,102,172,113,115
653,28598296,112,145,110,160
627,28598247,107,124,94,126
629,28598223,108,109,73,158
600,28598161,77,139,117,139
633,28598148,115,151,99,122
639,28598131,97,132,91,167
647,28598084,106,116,90,178
648,28597992,97,123,113,173
661,28597983,124,164,129,145
639,28597902,99,171,66,128
653,28597837,106,143,74,179
649,28597713,98,133,94,146
638,28597699,96,119,111,144
641,28597664,101,145,113,148
630,28597554,103,166,105,115
656,28597507,97,130,129,160
628,28597485,119,144,130,124
636,28597475,99,148,109,149
614,28597396,110,161,89,99
636,28597359,109,143,122,134
644,28597312,98,116,112,135
643,28597250,107,170,130,123
659,28597219,131,145,116,160
609,28597200,85,165,113,158
636,28597052,95,145,83,132
650,28596988,95,113,85,182
631,28596981,108,133,86,129
633,28596957,94,121,73,158
641,28596910,98,115,69,176
643,28596843,96,116,108,142
645,28596835,102,146,105,143
651,28596818,111,121,99,176
624,28596609,95,130,103,132
651,28596589,102,164,73,145
619,28596430,73,161,96,184
645,28596398,99,171,122,146
653,28596351,108,145,125,159
641,28596296,106,148,74,136
640,28596209,94,169,111,134
633,28596127,100,136,88,132
625,28596111,96,117,114,129
630,28596108,102,112,85,158
648,28596046,118,134,111,146
620,28595950,94,133,105,124
621,28595887,75,174,109,177
640,28595786,119,176,77,133
638,28595753,99,117,121,138
648,28595739,102,149,79,139
654,28595722,110,141,85,173
645,28595644,116,128,71,166
647,28595577,118,135,107,153
622,28595516,108,134,119,111
673,28595473,101,171,114,179
613,28595256,76,149,72,164
653,28595253,100,127,84,177
634,28595223,115,136,131,134
622,28595209,108,160,84,101
649,28595132,107,167,107,149
657,28595085,95,158,112,169
645,28595030,102,161,64,133
637,28594937,122,147,95,134
651,28594872,105,124,98,178
656,28594872,130,145,73,162
629,28594845,109,133,113,124
634,28594842,109,131,85,149
642,28594795,95,114,81,177
652,28594780,98,128,111,154
624,28594738,105,162,111,106
642,28594487,105,138,109,134
652,28594473,96,151,75,152
653,28594329,111,124,109,161
651,28594311,127,125,113,168
642,28594180,114,149,82,137
631,28593993,103,115,95,156
626,28593943,107,160,85,108
630,28593921,112,128,61,158
646,28593910,100,132,135,152
654,28593852,139,148,92,174
661,28593819,109,175,114,166
637,28593746,110,136,74,142
645,28593699,114,122,73,169
641,28593671,115,179,102,134
647,28593632,106,121,120,143
649,28593624,98,154,90,140
655,28593606,104,143,101,179
660,28593606,116,158,68,172
646,28593529,118,130,79,161
632,28593442,97,153,71,127
628,28593398,117,134,100,136
634,28593278,103,123,128,128
656,28593207,98,164,85,162
617,28593160,75,168,95,153
648,28593155,122,144,93,150
654,28593137,110,129,93,181
623,28593094,94,144,90,106
657,28593063,95,139,110,172
636,28593008,107,172,135,110
646,28592914,96,169,85,141
629,28592899,95,124,108,128
634,28592897,107,124,76,148
635,28592801,98,148,110,130
641,28592783,95,125,111,164
657,28592756,107,148,81,177
649,28592736,104,111,109,182
635,28592727,122,126,92,156
643,28592680,105,117,91,176
642,28592608,98,118,61,172
652,28592452,95,142,77,156
649,28592433,102,126,69,168
630,28592422,95,146,97,128
651,28592366,110,136,119,148
653,28592358,111,162,89,144
640,28592351,113,131,135,132
603,28592339,90,154,105,157
632,28592206,113,160,110,110
636,28592176,108,165,74,113
643,28592065,96,155,90,140
651,28592059,121,156,84,146
631,28592045,105,115,113,133
638,28592012,108,125,140,131
630,28591975,98,124,63,149
646,28591965,122,120,133,147
648,28591964,125,130,65,168
627,28591828,98,169,86,111
633,28591633,122,140,112,128
638,28591631,95,139,84,154
646,28591584,104,122,78,174
661,28591490,123,159,82,183
647,28591488,95,144,111,144
653,28591470,112,118,109,172
647,28591414,94,124,96,166
633,28591326,103,151,85,125
626,28591262,97,131,119,137
645,28591115,108,111,80,170
657,28591092,125,172,93,157
639,28591072,85,130,108,160
647,28591050,101,173,128,148
615,28591026,76,163,94,169
671,28591010,95,163,85,197
655,28591003,110,153,136,154
642,28590862,94,176,128,128
647,28590799,94,174,89,136
655,28590793,115,178,78,169
635,28590781,106,119,103,156
650,28590699,115,142,131,147
642,28590662,96,123,63,175
658,28590641,111,146,95,178
622,28590603,97,129,121,117
657,28590569,121,166,60,178
653,28590336,123,138,101,145
650,28590318,119,135,77,159
649,28590230,111,126,130,136
637,28590060,102,177,79,127
652,28589943,105,145,95,159
649,28589849,98,127,80,172
618,28589801,106,123,103,109
651,28589784,126,154,129,158
659,28589737,97,166,138,157
639,28589589,114,148,121,133
645,28589572,103,143,115,170
653,28589525,94,120,109,171
639,28589515,105,138,96,150
639,28589513,114,138,119,138
631,28589497,95,128,137,129
647,28589468,108,119,98,170
654,28589433,105,139,131,150
646,28589396,109,139,61,175
662,28589375,108,170,106,168
626,28589316,96,138,112,132
634,28589211,109,149,98,128
644,28589140,98,141,128,130
654,28589048,106,144,104,180
646,28588999,98,117,105,168
645,28588927,126,131,61,165
672,28588894,94,162,102,197
627,28588839,106,149,94,132
639,28588836,109,134,70,142
660,28588801,98,169,69,174
621,28588754,84,164,80,172
656,28588677,110,169,100,160
633,28588645,94,125,119,150
663,28588471,118,163,134,168
643,28588323,103,178,118,134
651,28588276,129,144,113,140
657,28588259,124,130,108,192
651,28588202,101,132,86,166
630,28588050,129,141,120,137
628,28588034,108,134,76,134
657,28587952,122,145,80,188
638,28587945,106,158,98,129
629,28587934,111,162,72,123
636,28587894,90,100,88,176
648,28587874,95,147,73,160
619,28587812,79,167,107,158
650,28587733,123,126,102,177
631,28587552,105,124,129,127
637,28587379,109,127,119,155
645,28587332,103,115,110,168
650,28587298,104,101,103,138
646,28587149,106,153,99,169
632,28587075,110,145,108,128
637,28587072,121,144,81,149
653,28587019,124,143,140,146
655,28587010,112,179,127,147
640,28586721,109,132,85,142
645,28586717,94,144,107,146
633,28586700,107,123,127,144
661,28586686,109,163,75,175
640,28586628,83,128,98,178
629,28586480,103,166,110,109
634,28586477,102,186,82,138
635,28586286,97,138,136,121
634,28586223,112,144,103,148
628,28586088,95,122,81,132
649,28586066,120,121,111,168
654,28586032,100,103,97,134
640,28585976,121,153,69,157
629,28585918,101,123,87,133
642,28585891,112,128,57,178
650,28585883,121,180,106,164
637,28585871,109,117,92,144
658,28585836,97,155,98,174
630,28585818,97,174,78,119
649,28585759,118,144,80,174
659,28585744,123,157,116,155
617,28585678,77,177,111,166
631,28585628,107,169,100,128
643,28585625,108,143,70,148
658,28585531,125,171,74,157
644,28585455,98,139,82,146
649,28585451,96,165,112,145
637,28585434,107,115,116,155
660,28585293,118,156,111,171
642,28585156,107,135,73,138
637,28585127,120,146,85,148
654,28585081,102,123,104,193
637,28585051,115,127,83,150
655,28584989,105,136,107,156
627,28584969,102,145,99,126
638,28584957,113,149,100,158
632,28584822,103,135,80,133
644,28584710,100,176,70,158
652,28584663,102,148,69,163
641,28584605,96,129,105,141
654,28584596,111,152,115,146
662,28584570,114,158,105,176
641,28584444,97,98,90,125
635,28584362,120,159,102,140
639,28584306,94,113,77,145
641,28584168,108,132,120,148
649,28584121,102,123,114,167
654,28584086,103,108,102,132
615,28584075,108,135,96,109
637,28584066,111,131,73,141
629,28583973,95,124,100,133
646,28583890,95,128,71,150
636,28583863,100,149,107,129
641,28583861,98,159,77,144
658,28583815,117,129,87,172
631,28583703,98,163,104,124
648,28583652,110,114,110,171
650,28583644,121,144,92,174
674,28583547,95,173,110,196
644,28583509,103,138,85,141
659,28583416,121,174,81,155
656,28583397,112,173,70,159
645,28583339,102,140,96,153
658,28583330,121,152,110,142
635,28583298,112,117,128,150
642,28583210,113,121,73,139
635,28583046,100,121,102,141
643,28583040,98,131,83,141
638,28583011,116,144,92,147
618,28582979,98,137,84,111
645,28582976,138,155,135,130
638,28582935,118,123,89,154
653,28582929,100,145,138,149
653,28582855,123,140,107,163
633,28582707,114,136,104,129
641,28582660,105,121,98,146
652,28582642,109,142,74,174
640,28582597,101,170,110,126
645,28582595,121,165,82,157
656,28582566,124,150,102,143
653,28582548,114,147,79,183
606,28582547,75,164,99,152
638,28582546,91,108,117,178
652,28582386,121,123,113,167
625,28582308,117,128,77,127
639,28582032,105,143,130,156
647,28581985,95,116,128,178
638,28581950,99,141,80,140
646,28581944,116,125,65,152
641,28581839,122,136,79,157
627,28581837,107,117,118,133
649,28581792,121,123,78,183
647,28581774,109,134,78,154
642,28581745,113,164,96,142
650,28581698,118,149,100,156
641,28581673,107,174,61,158
657,28581663,97,158,129,147
649,28581626,109,148,63,169
637,28581557,97,149,98,128
633,28581512,102,111,82,170
645,28581394,94,125,106,150
647,28581370,122,146,133,142
644,28581322,109,133,62,154
660,28581300,136,168,98,155
657,28581282,106,175,76,174
618,28581234,75,166,105,179
628,28581212,100,140,73,129
643,28581095,126,117,78,151
642,28581066,101,145,74,145
648,28581049,97,136,68,172
638,28580990,129,118,102,158
644,28580925,110,125,102,151
619,28580864,94,138,104,110
643,28580853,124,132,60,164
670,28580820,98,182,96,178
651,28580719,94,132,132,167
642,28580653,95,163,50,154
631,28580571,123,122,115,131
644,28580557,88,131,103,188
653,28580526,122,133,78,180
639,28580524,111,117,124,146
660,28580489,104,148,119,182
646,28580479,107,166,93,155
654,28580432,102,146,86,168
653,28580360,94,171,61,166
610,28580306,100,174,111,95
637,28580246,131,138,79,170
645,28580199,97,110,84,177
626,28580192,112,128,92,112
649,28580128,101,133,105,152
651,28580104,112,173,129,143
639,28580086,120,138,130,143
621,28580086,94,160,95,98
639,28579835,108,129,86,138
647,28579829,111,138,85,152
642,28579724,125,129,100,149
650,28579677,98,115,90,168
628,28579669,108,163,80,107
648,28579659,118,125,96,166
657,28579642,98,138,129,157
629,28579621,94,147,108,112
640,28579609,122,144,107,154
643,28579258,99,127,113,148
656,28579249,113,144,128,141
664,28579223,118,171,107,174
634,28579168,113,144,68,134
658,28579166,103,174,95,167
629,28579096,97,142,82,112
637,28579014,121,158,112,140
644,28578979,104,124,99,156
649,28578933,95,140,81,180
643,28578820,116,141,132,157
656,28578739,106,109,115,143
617,28578728,94,118,111,109
622,28578725,132,135,81,139
638,28578637,114,164,56,154
647,28578634,104,117,70,196
631,28578625,108,118,110,128
638,28578516,99,157,130,127
654,28578411,118,142,98,162
633,28578355,96,165,125,125
652,28578296,108,144,110,166
631,28578242,114,122,79,129
632,28578148,104,147,104,127
638,28578131,121,138,97,169
646,28578084,94,114,106,185
647,28577992,110,129,110,148
660,28577983,120,165,131,145
638,28577902,108,178,72,126
646,28577855,97,150,66,145
652,28577837,98,141,74,171
648,28577713,101,142,99,156
637,28577699,99,141,125,132
640,28577664,130,148,109,145
625,28577629,102,132,72,136
655,28577507,97,136,135,161
628,28577393,113,106,95,127
635,28577359,109,133,117,130
650,28577324,95,151,55,171
643,28577312,106,117,107,142
642,28577250,94,149,130,129
658,28577219,105,144,117,145
641,28577035,111,132,84,168
630,28576981,109,135,106,127
632,28576957,112,133,70,151
640,28576910,107,116,71,162
644,28576835,110,145,99,148
650,28576818,102,128,103,176
623,28576609,98,135,104,139
650,28576589,114,168,74,139
646,28576568,129,142,57,176
644,28576398,99,152,124,151
652,28576351,103,144,112,157
639,28576209,100,162,111,127
638,28576185,114,121,99,165
624,28576111,112,112,110,128
629,28576108,97,116,81,151
647,28576046,107,135,115,136
619,28576004,98,144,110,107
652,28575968,128,146,85,173
662,28575953,125,161,108,147
620,28575887,84,174,109,170
639,28575786,120,161,84,132
637,28575753,111,123,116,130
647,28575739,100,157,75,151
653,28575722,96,143,85,180
644,28575644,113,134,73,184
646,28575577,107,121,117,154
621,28575516,111,138,116,110
638,28575276,100,144,98,136
646,28575270,106,145,85,153
633,28575223,116,126,129,119
641,28575176,106,114,135,151
648,28575132,110,181,113,155
656,28575085,107,150,113,163
644,28575030,99,175,74,136
636,28574937,101,155,89,123
650,28574872,124,124,90,182
636,28574854,109,100,117,124
628,28574845,96,127,113,121
633,28574842,120,134,80,158
641,28574795,98,114,82,171
651,28574780,95,140,108,155
623,28574738,105,179,107,100
623,28574664,115,121,95,138
664,28574569,113,108,77,165
650,28574567,115,142,72,150
641,28574487,100,135,110,130
651,28574473,112,172,83,141
601,28574454,80,172,84,156
652,28574329,99,120,113,160
650,28574311,117,118,112,149
641,28574180,111,151,82,135
630,28573993,96,104,92,158
625,28573943,104,170,83,111
629,28573921,109,125,60,156
645,28573910,121,128,130,146
653,28573852,131,145,102,178
660,28573819,101,172,119,170
636,28573746,97,128,66,155
647,28573718,107,121,81,152
644,28573699,104,122,69,175
640,28573671,122,161,87,132
646,28573632,104,121,109,149
648,28573624,94,146,95,136
654,28573606,106,134,106,174
659,28573606,104,160,73,173
647,28573552,105,176,62,159
645,28573529,97,131,85,171
631,28573442,96,149,73,124
627,28573398,105,142,99,137
651,28573279,102,147,71,174
633,28573278,98,121,141,132
643,28573230,94,113,72,178
655,28573207,119,170,84,158
653,28573137,112,132,102,181
622,28573094,110,149,95,111
656,28573063,121,126,115,173
635,28573008,116,165,129,125
654,28572949,112,151,128,160
645,28572914,97,180,81,134
653,28572908,103,161,74,148
628,28572899,96,124,107,126
633,28572897,113,120,85,150
634,28572801,115,156,111,134
640,28572783,101,128,113,164
656,28572756,118,145,76,164
623,28572739,101,127,99,126
648,28572736,117,116,112,190
634,28572727,113,123,94,158
642,28572680,104,113,97,160
649,28572644,94,132,131,153
666,28572583,98,142,108,201
621,28572528,100,108,108,138
651,28572452,104,138,82,161
648,28572433,105,138,71,172
629,28572422,105,150,91,129
608,28572395,86,162,110,169
650,28572366,109,140,114,146
652,28572358,105,164,98,149
639,28572351,110,126,128,136
602,28572339,81,173,100,158
635,28572176,99,168,74,129
642,28572065,98,145,101,136
650,28572059,108,158,82,149
615,28572048,100,159,118,100
637,28572012,124,133,136,132
645,28571965,94,120,134,138
647,28571964,114,122,65,169
645,28571954,127,146,94,157
652,28571835,105,145,58,171
626,28571828,109,176,102,110
632,28571633,94,132,118,126
637,28571631,115,129,85,149
648,28571602,111,124,100,159
645,28571584,109,123,85,181
660,28571490,112,159,85,162
646,28571488,101,147,117,139
652,28571470,117,122,107,192
646,28571414,100,122,92,166
632,28571326,95,153,85,123
625,28571262,119,129,109,138
644,28571115,96,105,81,178
656,28571092,114,173,86,151
646,28571050,111,174,133,142
646,28570799,100,178,98,137
654,28570793,114,156,82,153
634,28570781,94,139,90,149
634,28570779,111,125,114,134
626,28570763,119,113,128,120
649,28570699,101,130,130,140
657,28570641,96,146,99,166
652,28570336,102,134,106,147
649,28570318,106,135,85,174
648,28570230,112,130,128,153
650,28570222,110,148,109,155
667,28570160,108,144,100,197
655,28570067,113,146,73,191
636,28570060,100,181,79,127
651,28569943,132,150,96,154
621,28569930,115,166,87,129
648,28569849,109,130,82,177
617,28569801,102,123,88,115
658,28569737,112,145,129,162
638,28569589,104,156,107,133
644,28569572,119,131,113,169
652,28569525,118,124,109,177
638,28569515,107,138,97,150
638,28569513,130,139,111,138
630,28569497,107,135,128,121
646,28569468,117,119,96,176
661,28569375,101,159,94,172
633,28569211,96,145,104,127
643,28569140,103,143,137,130
653,28569048,111,151,95,183
645,28568999,102,116,106,186
644,28568927,121,121,59,162
671,28568894,99,166,102,196
638,28568836,106,132,72,150
659,28568801,116,184,71,180
643,28568727,107,151,48,167
655,28568677,117,153,106,148
632,28568645,103,114,112,158
640,28568598,104,114,115,158
655,28568505,118,148,107,172
662,28568471,114,151,138,167
642,28568323,115,172,113,132
650,28568276,115,146,112,139
656,28568259,113,138,111,180
650,28568202,105,134,106,165
629,28568050,122,130,118,140
655,28568046,103,143,74,172
627,28568034,97,134,82,131
656,28567952,104,155,82,172
637,28567945,103,174,104,125
650,28567893,121,147,85,152
647,28567874,113,146,65,165
649,28567807,95,144,127,148
624,28567746,99,146,116,110
649,28567733,119,131,104,176
642,28567570,103,123,64,164
653,28567532,100,168,52,184
625,28567391,99,128,112,123
636,28567379,94,131,111,158
644,28567332,107,116,119,174
625,28567084,96,147,83,122
631,28567075,101,151,119,117
636,28567072,101,146,81,154
654,28567010,102,181,107,145
604,28566991,75,162,115,156
653,28566797,132,146,64,156
639,28566721,101,130,85,135
644,28566717,110,148,118,136
660,28566686,110,180,78,182
639,28566628,82,130,103,162
628,28566480,98,167,107,109
642,28566302,127,137,108,131
634,28566286,102,137,134,128
650,28566255,107,123,116,154
652,28566202,102,107,80,144
648,28566066,96,130,109,162
639,28565976,116,146,70,153
628,28565918,107,120,95,118
649,28565883,111,189,95,167
636,28565871,109,110,106,142
657,28565836,97,145,94,172
629,28565818,97,166,85,125
651,28565778,114,147,100,162
648,28565759,95,147,82,167
658,28565744,120,183,117,156
616,28565678,85,159,112,165
630,28565628,108,144,96,137
642,28565625,115,131,74,138
643,28565455,94,135,81,151
648,28565451,108,170,114,132
636,28565434,95,135,115,149
659,28565293,124,144,107,175
636,28565127,103,151,78,148
636,28565051,111,130,82,158
654,28564989,111,135,111,157
626,28564969,97,149,105,116
637,28564957,97,154,103,150
631,28564822,106,130,84,133
643,28564710,98,165,65,155
651,28564663,109,144,74,163
632,28564652,104,136,100,137
640,28564605,102,121,100,155
653,28564596,109,145,120,149
661,28564570,111,161,94,180
634,28564362,94,170,90,139
646,28564359,113,141,72,155
640,28564168,99,133,117,155
648,28564121,100,120,122,172
653,28564086,109,109,87,137
663,28564027,113,176,111,174
645,28563890,102,130,64,159
635,28563863,107,152,111,124
640,28563861,120,156,84,145
630,28563703,106,161,98,124
647,28563652,96,114,108,172
649,28563644,119,150,102,168
635,28563556,129,134,82,136
673,28563547,112,169,111,195
643,28563509,107,134,82,135
658,28563416,124,175,78,155
655,28563397,114,163,74,171
616,28563350,79,159,83,176
644,28563339,113,125,97,155
657,28563330,115,158,121,150
634,28563046,103,122,99,136
642,28563040,112,118,83,161
637,28563011,94,152,103,151
644,28562976,116,176,128,130
637,28562935,101,129,94,157
652,28562929,118,153,128,140
652,28562855,134,130,109,173
632,28562707,121,142,96,131
640,28562660,103,124,104,141
651,28562642,108,135,70,173
639,28562597,100,169,122,126
644,28562595,114,161,81,152
655,28562566,120,150,99,155
652,28562548,101,150,79,161
605,28562547,80,163,93,157
620,28562465,80,177,133,155
651,28562386,125,122,111,180
624,28562308,96,126,85,129
647,28562243,97,133,80,154
619,28562201,97,170,82,104
639,28562191,112,115,94,138
638,28562032,123,132,128,157
651,28561950,97,100,118,132
637,28561950,101,131,84,144
645,28561944,103,134,74,148
648,28561792,95,123,83,171
646,28561774,100,141,78,150
641,28561745,110,166,105,151
633,28561727,97,148,132,128
649,28561698,114,159,94,163
656,28561663,96,162,128,144
648,28561626,103,149,62,163
636,28561557,96,154,90,132
644,28561394,103,137,100,145
646,28561370,108,149,130,131
659,28561300,120,168,93,156
656,28561282,95,175,80,166
617,28561234,82,169,87,174
627,28561212,95,139,69,125
630,28561133,97,168,140,106
634,28561101,102,124,105,137
647,28561049,114,137,70,182
637,28560990,95,123,104,153
643,28560925,97,131,99,155
618,28560864,99,140,99,107
650,28560719,103,141,128,163
630,28560571,112,121,114,134
652,28560526,119,139,83,176
659,28560489,131,153,120,180
645,28560479,122,165,91,147
653,28560432,106,154,100,166
652,28560360,107,156,60,173
632,28560280,100,144,114,139
636,28560246,97,133,84,157
625,28560192,112,135,100,129
648,28560128,104,130,87,158
650,28560104,108,160,128,140
620,28560086,98,163,104,105
638,28560086,101,143,128,145
638,28559835,107,137,88,153
646,28559829,105,134,82,141
641,28559724,132,140,87,157
649,28559677,120,117,103,167
647,28559659,104,131,97,165
628,28559621,110,147,107,115
639,28559609,101,152,112,158
633,28559397,99,108,103,169
634,28559305,117,123,121,136
642,28559258,106,131,111,139
656,28559256,124,157,88,180
663,28559223,105,167,107,181
657,28559166,104,175,105,175
628,28559096,94,139,80,127
636,28559014,99,160,109,138
643,28558979,95,124,98,161
632,28558965,100,106,126,136
648,28558933,103,128,78,184
642,28558820,109,133,131,150
650,28558773,96,111,129,169
616,28558728,105,139,112,111
621,28558725,110,123,76,137
630,28558625,115,113,125,126
637,28558516,128,157,128,129
653,28558411,132,133,96,166
632,28558355,101,171,112,123
649,28558304,118,115,130,166
651,28558296,116,152,114,173
631,28558148,111,144,95,133
637,28558131,96,132,94,166
645,28558084,101,106,87,173
650,28558083,112,147,71,177
646,28557992,121,140,109,147
659,28557983,107,161,129,151
663,28557930,111,143,91,197
637,28557902,101,163,67,134
645,28557855,100,145,67,145
651,28557837,101,142,71,178
647,28557713,94,136,89,155
636,28557699,104,129,113,137
639,28557664,98,153,114,150
614,28557604,85,179,118,166
639,28557588,95,140,126,151
654,28557507,103,130,130,162
634,28557359,104,137,122,126
649,28557324,110,178,52,170
642,28557312,105,119,110,150
641,28557250,106,170,131,125
657,28557219,117,155,122,161
634,28557052,94,151,78,129
653,28557038,100,119,128,174
640,28557035,111,129,84,167
629,28556981,102,143,104,129
648,28556978,102,95,103,147
634,28556976,127,127,83,141
631,28556957,121,139,74,154
635,28556882,100,146,88,141
641,28556843,117,117,115,148
643,28556835,104,146,98,144
649,28556818,94,120,93,190
622,28556609,110,134,104,140
649,28556589,94,158,73,153
617,28556430,78,165,100,184
643,28556398,111,148,114,158
651,28556351,116,149,110,153
639,28556296,100,148,65,136
631,28556127,110,135,106,133
628,28556108,99,117,83,155
623,28556058,94,158,70,103
646,28556046,99,138,122,146
651,28555968,121,145,81,177
661,28555953,122,162,116,150
619,28555887,76,174,119,167
638,28555786,97,189,79,130
636,28555753,103,115,120,136
646,28555739,104,146,83,138
652,28555722,110,132,83,182
643,28555644,100,130,67,171
645,28555577,96,132,122,147
637,28555276,97,144,91,139
651,28555253,123,118,84,191
632,28555223,112,126,128,132
647,28555132,100,172,114,158
655,28555085,118,151,107,166
643,28555030,101,164,72,137
631,28555012,97,124,71,156
635,28554937,109,150,101,131
634,28554933,101,152,131,133
641,28554919,122,135,103,168
649,28554872,95,123,102,178
654,28554872,111,157,72,169
634,28554865,104,166,62,133
635,28554861,121,123,89,136
627,28554845,115,119,110,129
632,28554842,98,126,76,156
648,28554801,108,126,61,176
640,28554795,111,113,82,168
650,28554780,102,129,116,156
622,28554738,105,165,118,105
627,28554538,95,146,82,125
640,28554487,101,134,118,148
650,28554473,114,158,81,146
651,28554329,120,123,108,166
649,28554311,97,133,119,161
640,28554180,106,146,82,131
635,28554049,104,115,109,168
629,28553993,98,113,101,149
624,28553943,102,185,81,107
644,28553910,99,119,128,152
652,28553852,106,144,102,189
659,28553819,107,166,107,174
635,28553746,110,137,73,153
646,28553718,94,114,84,166
639,28553671,108,177,94,134
645,28553632,107,119,123,156
647,28553624,98,166,94,143
653,28553606,118,143,87,178
658,28553606,107,170,74,174
646,28553552,99,180,61,139
644,28553529,106,131,84,174
630,28553442,104,150,73,128
626,28553398,119,128,102,135
642,28553230,122,115,73,168
654,28553207,116,179,82,156
652,28553137,101,125,100,184
621,28553094,105,144,93,110
655,28553063,99,143,110,167
634,28553008,109,167,129,123
635,28552915,120,133,97,133
644,28552914,94,178,83,133
652,28552908,102,159,69,153
627,28552899,124,120,124,117
632,28552897,108,129,84,141
639,28552783,108,131,114,165
655,28552756,110,160,81,176
622,28552739,98,130,91,126
647,28552736,109,112,114,176
633,28552727,113,135,96,154
641,28552680,118,117,98,179
620,28552528,105,114,113,137
650,28552452,110,138,77,162
647,28552433,114,138,69,167
628,28552422,105,156,98,116
649,28552366,96,136,107,154
651,28552358,101,163,91,143
638,28552351,109,125,130,137
634,28552176,95,156,74,129
641,28552065,98,153,96,140
649,28552059,96,156,83,139
614,28552048,109,166,113,100
636,28552012,116,134,129,132
640,28551993,95,158,63,132
646,28551964,96,124,66,166
625,28551828,102,164,105,111
631,28551633,118,139,126,129
636,28551631,102,126,84,158
647,28551602,104,118,93,152
644,28551584,122,118,81,164
643,28551496,96,115,135,146
659,28551490,117,159,85,170
645,28551488,105,152,127,146
651,28551470,102,136,110,177
645,28551414,109,130,99,164
631,28551326,115,145,83,128
624,28551262,100,129,109,139
651,28551163,105,144,82,184
643,28551115,128,115,85,179
655,28551092,99,172,95,150
637,28551072,83,125,113,174
645,28551050,126,153,128,146
613,28551026,73,156,94,164
669,28551010,94,169,75,195
640,28550862,95,165,130,135
645,28550799,101,169,91,138
653,28550793,107,170,85,158
633,28550781,101,120,87,152
648,28550699,99,142,129,136
656,28550641,102,147,88,171
620,28550603,99,137,109,118
655,28550569,115,177,58,169
651,28550336,124,142,100,155
648,28550318,101,137,82,167
647,28550230,109,128,132,154
649,28550222,120,149,118,150
666,28550160,107,152,99,198
654,28550067,113,146,74,180
635,28550060,119,160,84,125
650,28549943,131,152,102,146
639,28549929,94,148,107,136
647,28549849,97,134,76,177
649,28549784,110,164,130,158
657,28549737,113,145,133,162
637,28549589,99,144,117,130
637,28549515,122,132,103,151
629,28549497,114,121,135,126
645,28549468,101,115,89,167
624,28549391,100,188,134,108
660,28549375,106,173,106,161
624,28549316,107,141,112,126
632,28549211,104,151,96,126
642,28549140,103,142,128,140
631,28549139,97,161,63,127
652,28549048,124,146,94,180
644,28548999,96,116,100,180
651,28548964,106,131,128,151
670,28548894,102,166,88,196
658,28548801,104,182,70,176
654,28548677,96,189,101,148
631,28548645,102,113,122,158
654,28548505,103,145,114,165
661,28548471,123,163,130,172
641,28548323,112,177,111,126
649,28548276,113,144,114,146
655,28548259,104,137,107,180
649,28548202,98,131,101,167
628,28548050,100,137,107,138
654,28548046,107,131,66,182
626,28548034,107,126,85,131
655,28547952,119,146,83,174
636,28547945,98,156,100,126
634,28547894,87,109,102,169
646,28547874,108,145,72,188
623,28547746,98,144,114,103
628,28547743,115,150,81,137
648,28547733,108,135,103,179
657,28547716,134,130,129,175
624,28547391,111,139,113,124
635,28547379,119,127,117,154
643,28547332,112,117,114,174
648,28547298,96,96,88,145
644,28547149,108,146,90,164
635,28547072,102,148,78,158
651,28547031,107,147,61,172
651,28547019,117,135,132,150
653,28547010,101,185,107,144
652,28546797,121,144,72,153
638,28546721,109,125,75,143
643,28546717,95,145,112,131
659,28546686,100,165,84,176
620,28546638,85,157,90,192
638,28546628,90,110,91,176
620,28546590,102,140,101,107
627,28546480,99,158,112,110
632,28546477,98,165,82,139
633,28546286,98,132,142,123
649,28546255,114,121,109,154
647,28546066,110,136,110,176
638,28545976,113,145,70,153
655,28545930,118,128,77,195
627,28545918,110,126,101,134
648,28545883,117,156,101,164
656,28545836,106,156,98,177
628,28545818,100,188,85,123
650,28545778,114,145,98,154
647,28545759,100,146,79,162
657,28545744,111,162,107,145
641,28545625,99,137,69,146
642,28545455,101,131,82,154
647,28545451,96,173,107,133
635,28545434,127,118,108,157
658,28545293,110,163,110,175
632,28545162,94,125,85,138
640,28545156,95,122,71,147
615,28545094,108,142,73,108
635,28545051,124,128,83,154
653,28544989,118,141,117,159
625,28544969,98,144,95,123
636,28544957,122,146,101,150
630,28544822,122,126,85,132
642,28544710,118,164,64,156
650,28544663,114,144,74,162
603,28544663,90,173,85,157
631,28544652,128,127,101,137
639,28544605,106,120,99,146
652,28544596,103,148,109,147
660,28544570,116,172,95,172
639,28544444,116,99,94,127
633,28544362,104,159,91,136
639,28544168,123,130,111,157
647,28544121,100,128,115,152
652,28544086,96,101,104,139
613,28544075,94,122,96,110
662,28544027,124,151,113,168
627,28543973,102,124,100,126
646,28543908,124,121,70,169
644,28543890,120,121,72,156
642,28543879,116,164,86,132
634,28543863,102,151,123,127
639,28543861,111,175,80,149
656,28543815,112,131,97,177
629,28543703,96,171,102,125
646,28543652,110,117,108,172
648,28543644,112,147,99,162
672,28543547,94,165,121,197
642,28543509,106,129,80,137
627,28543492,94,151,120,139
657,28543416,111,161,85,163
654,28543397,116,167,73,161
615,28543350,73,174,82,171
643,28543339,97,126,94,160
656,28543330,116,174,111,154
633,28543046,97,132,95,144
641,28543040,104,122,83,142
636,28543011,95,146,90,150
616,28542979,100,132,81,111
643,28542976,117,177,128,132
667,28542936,95,166,81,178
636,28542935,130,119,105,158
651,28542929,115,155,128,148
651,28542855,123,133,120,162
656,28542820,124,130,96,141
631,28542707,100,136,92,127
650,28542642,120,133,74,177
638,28542597,96,191,112,122
643,28542595,95,179,83,154
654,28542566,125,145,104,155
651,28542548,106,146,81,163
604,28542547,88,170,91,151
650,28542460,101,152,134,149
650,28542386,109,129,107,173
623,28542308,101,127,79,129
646,28542243,100,142,84,155
638,28542191,112,116,93,152
637,28542032,122,124,130,154
647,28541792,111,124,85,173
645,28541774,133,130,84,158
640,28541745,110,162,95,156
648,28541698,112,144,96,158
639,28541673,107,169,60,147
655,28541663,112,189,134,151
635,28541557,100,151,100,129
643,28541394,108,126,103,140
645,28541370,106,147,131,133
658,28541300,118,159,89,160
655,28541282,96,164,83,170
616,28541234,86,169,92,185
626,28541212,97,137,73,128
629,28541133,96,160,132,109
633,28541101,104,121,97,140
640,28541066,101,144,72,159
646,28541049,94,128,71,180
642,28540925,124,136,105,147
617,28540864,94,133,105,110
649,28540719,100,128,133,167
629,28540571,97,131,111,132
650,28540536,124,163,109,162
651,28540526,100,133,83,172
637,28540524,105,114,110,138
644,28540479,125,161,96,158
652,28540432,108,153,99,173
651,28540360,110,170,58,167
631,28540280,106,152,126,137
629,28540264,111,144,78,134
635,28540246,103,132,79,168
643,28540199,105,116,82,184
624,28540192,105,127,104,123
647,28540128,111,135,95,164
649,28540104,96,173,141,134
637,28540086,112,129,129,150
619,28540086,96,171,89,107
637,28539835,94,130,103,135
645,28539829,114,138,83,142
640,28539724,109,136,106,152
648,28539677,120,119,100,170
646,28539659,125,123,100,153
655,28539642,108,130,129,164
627,28539621,98,153,110,125
638,28539609,99,146,113,155
647,28539605,121,134,62,160
632,28539397,113,114,87,169
633,28539305,111,136,115,141
641,28539258,104,143,113,139
662,28539223,119,173,109,174
656,28539166,104,170,101,173
627,28539096,94,135,81,128
641,28539096,97,98,124,117
635,28539014,122,156,114,136
642,28538979,108,113,103,146
641,28538951,95,144,84,147
636,28538936,108,103,99,126
647,28538933,118,139,82,183
623,28538820,107,153,100,113
615,28538728,103,131,115,104
620,28538725,122,123,84,138
629,28538625,97,123,110,133
636,28538516,102,147,129,124
652,28538411,101,136,92,172
631,28538355,94,166,114,118
650,28538296,106,152,110,163
624,28538247,104,122,101,121
636,28538131,115,129,90,170
644,28538084,116,117,93,179
645,28537992,95,136,107,150
658,28537983,129,156,132,151
636,28537902,103,175,74,133
650,28537837,102,139,74,175
646,28537713,100,135,103,136
635,28537699,105,122,116,134
638,28537664,99,150,110,145
638,28537588,126,128,112,142
627,28537554,118,156,95,116
653,28537507,103,129,128,163
633,28537359,101,141,111,131
641,28537312,97,124,113,142
640,28537250,100,168,129,125
656,28537219,116,151,118,153
633,28537052,129,146,82,125
628,28536981,98,139,102,125
630,28536957,106,127,68,150
638,28536910,96,117,66,169
662,28536894,116,165,85,186
640,28536843,106,116,114,137
642,28536835,100,144,105,147
648,28536818,108,135,101,172
621,28536609,100,135,94,140
648,28536589,94,176,72,135
642,28536398,113,148,111,155
636,28536185,104,122,93,159
630,28536127,117,136,98,127
627,28536108,101,116,81,148
645,28536046,103,138,108,144
650,28535968,110,148,82,169
660,28535953,120,168,116,161
618,28535887,91,164,113,168
637,28535786,101,172,84,130
645,28535739,118,144,81,142
640,28535724,94,110,103,124
651,28535722,106,142,81,183
642,28535644,103,119,68,167
644,28535577,110,130,116,155
619,28535516,106,136,117,111
670,28535473,98,177,127,179
652,28535323,106,173,73,162
650,28535253,97,129,81,177
631,28535223,119,120,134,132
646,28535132,113,175,115,156
654,28535085,105,160,107,154
642,28535030,101,167,74,142
634,28534937,94,152,87,133
640,28534919,114,143,93,170
648,28534872,114,123,105,181
634,28534861,108,126,90,138
634,28534854,125,101,112,124
626,28534845,101,134,108,126
631,28534842,109,135,84,157
639,28534795,94,117,82,175
649,28534780,105,132,122,151
621,28534738,96,172,109,106
621,28534664,125,118,101,140
648,28534567,126,141,73,147
639,28534487,98,133,107,135
649,28534473,97,164,84,147
647,28534403,99,115,92,204
642,28534376,109,135,110,158
650,28534329,116,119,111,164
648,28534311,102,129,123,149
639,28534180,103,149,82,138
628,28533993,108,131,91,145
623,28533943,100,163,81,102
643,28533910,109,142,128,135
651,28533852,107,148,90,167
658,28533819,103,175,110,166
634,28533746,115,133,69,151
642,28533699,111,120,73,171
638,28533671,113,171,89,130
644,28533632,105,116,119,145
646,28533624,121,148,95,137
652,28533606,119,133,104,182
657,28533606,117,179,68,168
645,28533552,98,182,63,153
643,28533529,96,134,84,174
629,28533442,95,144,73,125
625,28533398,103,139,101,131
649,28533279,125,156,72,190
641,28533230,112,113,72,169
653,28533207,107,168,85,159
614,28533160,79,159,93,151
645,28533155,115,150,90,151
651,28533137,115,133,97,179
620,28533094,116,152,101,110
654,28533063,119,142,111,166
633,28533008,101,160,128,126
634,28532915,119,138,104,128
643,28532914,103,167,79,145
651,28532908,98,184,73,146
626,28532899,98,122,119,123
631,28532897,100,142,81,142
638,28532783,111,139,108,169
654,28532756,123,154,81,179
621,28532739,107,138,88,122
632,28532727,107,132,95,158
640,28532680,103,116,96,164
647,28532644,115,127,132,146
649,28532452,123,132,79,159
646,28532433,99,141,74,162
627,28532422,100,145,92,128
606,28532395,77,185,107,165
648,28532366,111,133,111,152
650,28532358,106,179,105,141
633,28532176,113,155,74,117
640,28532065,115,159,96,142
648,28532059,109,170,79,152
613,28532048,101,167,116,100
628,28532045,111,114,114,126
635,28532012,97,142,132,133
639,28531993,98,166,63,148
645,28531964,123,136,72,163
624,28531828,102,188,103,107
630,28531633,119,132,120,122
635,28531631,103,143,85,154
646,28531602,107,122,105,148
643,28531584,96,119,77,172
596,28531583,80,140,93,156
658,28531490,118,160,81,175
644,28531488,109,148,127,151
650,28531470,104,133,114,171
644,28531414,100,123,90,164
641,28531380,110,153,73,169
630,28531326,112,145,76,124
623,28531262,103,129,113,140
642,28531115,95,115,82,170
654,28531092,106,162,103,157
644,28531050,119,155,129,157
612,28531026,73,162,95,177
638,28530838,100,123,111,167
644,28530799,104,156,103,139
652,28530793,113,167,79,152
632,28530781,94,122,104,151
632,28530779,115,122,109,125
631,28530709,114,133,62,157
647,28530699,101,138,130,137
655,28530641,111,145,102,175
619,28530603,103,127,111,116
654,28530569,109,158,63,189
650,28530336,106,131,100,145
647,28530318,105,132,76,162
646,28530230,115,128,128,147
672,28530125,109,166,130,180
645,28530114,120,176,72,165
653,28530067,111,145,70,184
634,28530060,95,148,85,120
649,28529943,115,153,89,151
648,28529872,104,175,63,147
646,28529849,108,121,84,167
648,28529784,104,161,131,153
656,28529737,110,177,135,153
636,28529589,121,145,111,132
642,28529572,114,128,109,165
636,28529515,101,137,101,153
628,28529497,96,130,129,125
644,28529468,95,122,105,170
643,28529396,96,126,63,187
659,28529375,107,165,96,176
631,28529211,102,150,95,129
641,28529140,114,135,131,142
651,28529048,133,144,88,183
643,28528999,120,117,88,185
650,28528964,100,130,128,154
669,28528894,100,172,104,195
657,28528801,99,168,72,182
653,28528677,114,162,106,141
630,28528645,95,114,108,148
630,28528593,103,169,68,134
660,28528471,104,158,128,163
640,28528323,111,158,112,133
648,28528276,111,146,125,145
654,28528259,110,126,109,189
648,28528202,98,134,91,162
627,28528050,110,138,120,132
653,28528046,119,130,73,184
625,28528034,95,129,84,129
646,28527999,118,175,84,169
654,28527952,107,146,76,175
635,28527945,107,179,99,125
626,28527934,94,152,64,124
648,28527893,114,144,80,157
622,28527746,98,155,117,110
627,28527743,111,144,76,133
647,28527733,107,124,99,173
645,28527461,100,183,51,176
623,28527391,99,128,121,119
634,28527379,116,133,111,156
642,28527332,96,110,107,168
629,28527075,102,144,110,125
634,28527072,111,148,79,156
650,28527019,128,134,137,152
652,28527010,99,179,107,153
628,28526938,99,134,67,128
637,28526721,117,132,81,139
642,28526717,95,161,114,142
630,28526700,110,120,112,146
658,28526686,115,164,85,174
660,28526495,119,129,81,136
626,28526480,111,177,110,108
640,28526302,113,127,115,133
632,28526286,104,130,132,128
648,28526255,104,112,117,147
650,28526202,98,106,84,141
646,28526066,102,124,112,164
651,28526032,102,103,106,141
637,28525976,100,151,73,156
626,28525918,104,126,92,122
647,28525883,116,166,97,159
655,28525836,114,150,106,189
627,28525818,104,166,84,119
654,28525765,101,165,63,180
646,28525759,110,151,77,163
656,28525744,106,183,111,156
628,28525628,103,149,105,139
640,28525625,109,142,69,142
646,28525451,105,168,121,135
634,28525434,114,123,114,153
657,28525293,125,144,108,167
621,28525255,100,122,129,121
639,28525156,97,116,72,165
634,28525051,105,122,83,156
652,28524989,103,142,113,158
635,28524957,99,148,95,158
629,28524822,111,131,79,128
641,28524710,105,165,70,156
652,28524682,101,151,80,164
649,28524663,112,154,71,165
630,28524652,99,129,101,138
638,28524605,102,132,99,143
651,28524596,114,158,113,142
621,28524582,110,160,115,128
659,28524570,125,173,90,182
632,28524362,104,165,102,138
644,28524359,107,137,73,142
638,28524242,104,144,128,127
631,28524201,104,114,102,158
638,28524168,115,140,119,156
630,28524129,109,137,63,157
646,28524121,98,119,110,163
634,28524066,102,138,71,146
661,28524027,126,163,109,173
626,28523973,105,121,90,130
643,28523890,111,125,71,148
641,28523879,118,154,95,141
633,28523863,101,155,120,128
638,28523861,100,164,84,138
655,28523815,131,143,94,186
648,28523761,104,146,60,148
628,28523703,99,180,86,120
645,28523652,118,107,110,170
647,28523644,97,144,99,166
671,28523547,96,170,109,196
641,28523509,103,128,75,142
656,28523416,130,160,83,164
653,28523397,98,170,73,162
642,28523339,112,140,93,157
655,28523330,127,175,109,140
632,28523298,109,141,135,144
632,28523046,100,136,90,143
640,28523040,95,126,79,144
635,28523011,97,162,104,134
642,28522976,117,165,133,129
635,28522935,118,124,90,158
650,28522929,109,158,135,145
650,28522855,118,142,124,161
655,28522820,116,110,89,143
630,28522707,113,128,98,133
638,28522660,108,119,90,144
649,28522642,97,140,72,167
637,28522597,106,160,107,125
642,28522595,116,167,81,155
653,28522566,112,156,91,156
650,28522548,103,148,84,166
624,28522399,100,146,134,111
649,28522386,103,141,110,178
622,28522308,99,131,79,124
645,28522243,109,134,82,148
636,28522032,95,125,129,153
649,28521950,100,99,123,135
643,28521944,115,132,73,157
646,28521792,107,117,84,169
644,28521774,110,135,81,162
639,28521745,105,152,96,154
647,28521698,96,145,92,161
638,28521673,95,175,63,152
654,28521663,108,178,136,151
611,28521638,98,127,133,101
646,28521626,102,154,59,171
642,28521394,95,130,101,144
644,28521370,105,159,130,132
657,28521300,106,166,102,145
654,28521282,97,176,83,164
621,28521242,104,132,120,115
615,28521234,87,154,104,180
625,28521212,110,130,73,124
645,28521049,100,126,73,198
635,28520990,118,120,101,156
641,28520925,95,139,100,148
634,28520918,118,140,63,156
633,28520875,125,146,110,143
616,28520864,99,141,101,105
640,28520853,101,118,62,157
618,28520840,97,125,73,138
648,28520719,102,133,132,163
628,28520571,110,126,116,133
650,28520526,110,135,78,185
636,28520524,96,112,115,148
657,28520489,104,150,110,176
643,28520479,101,167,101,158
651,28520432,123,146,94,175
651,28520430,114,144,117,153
650,28520360,98,166,63,162
630,28520280,117,159,123,130
634,28520246,103,134,85,164
631,28520202,104,100,96,125
623,28520192,107,127,102,129
646,28520128,114,131,103,158
648,28520104,100,159,131,135
618,28520086,98,172,96,105
636,28519835,104,142,103,131
644,28519829,98,141,85,136
639,28519724,111,136,103,158
647,28519677,112,117,104,171
645,28519659,130,124,106,155
654,28519642,104,132,134,166
626,28519621,108,155,107,111
637,28519609,98,150,116,157
646,28519605,119,132,60,167
640,28519258,117,118,107,148
661,28519223,100,167,113,179
655,28519166,101,179,96,163
626,28519096,114,139,81,129
634,28519014,107,169,113,140
641,28518979,119,124,94,147
646,28518933,108,125,81,182
640,28518820,111,138,130,156
614,28518728,107,132,109,111
635,28518516,105,160,134,123
651,28518411,115,142,104,170
630,28518355,104,153,117,125
649,28518296,95,146,114,170
635,28518131,125,135,99,167
643,28518084,106,116,99,178
648,28518083,125,146,73,175
644,28517992,96,119,115,150
657,28517983,112,169,134,140
635,28517902,102,174,72,131
616,28517875,110,111,90,140
649,28517837,97,138,71,183
645,28517713,117,140,95,148
634,28517699,113,131,125,140
637,28517664,122,147,109,148
637,28517588,112,139,109,155
626,28517554,116,151,86,115
652,28517507,107,135,133,167
648,28517368,129,132,67,179
632,28517359,100,136,114,132
647,28517324,107,183,57,169
640,28517312,110,123,115,147
639,28517250,101,174,135,125
655,28517219,103,155,116,145
605,28517200,78,178,109,156
632,28517052,105,149,75,125
638,28517035,107,136,85,168
646,28516988,95,120,85,183
627,28516981,97,141,101,129
629,28516957,107,126,73,158
639,28516843,119,117,109,152
641,28516835,100,148,95,138
647,28516818,98,137,99,177
620,28516609,101,125,101,139
647,28516589,106,167,74,137
641,28516398,119,146,118,153
649,28516351,97,147,116,156
629,28516127,126,127,99,133
626,28516108,95,116,84,157
621,28516058,106,165,71,107
644,28516046,107,138,122,145
658,28516045,129,145,89,178
649,28515968,104,151,78,177
659,28515953,100,183,118,154
617,28515887,77,167,111,186
636,28515786,112,164,78,126
644,28515739,102,150,80,144
650,28515722,98,133,77,181
658,28515665,100,102,106,160
641,28515644,111,128,72,159
643,28515577,120,129,107,148
618,28515516,101,136,111,111
651,28515323,101,183,65,162
630,28515223,95,134,134,132
645,28515132,108,178,114,148
653,28515085,98,145,113,170
641,28515030,99,168,69,134
633,28514937,117,149,94,122
639,28514919,122,141,105,169
647,28514872,98,122,97,171
652,28514872,107,155,72,171
633,28514861,119,125,103,141
625,28514845,113,133,123,115
630,28514842,116,128,84,157
648,28514780,116,141,117,148
662,28514779,111,166,102,185
620,28514738,101,155,121,108
647,28514567,105,132,67,158
638,28514487,101,134,112,135
648,28514473,104,181,76,146
646,28514403,103,112,102,185
649,28514329,97,124,110,164
647,28514311,107,128,114,148
638,28514180,99,145,84,134
636,28514179,99,154,48,170
627,28513993,109,107,94,148
622,28513943,110,160,78,108
642,28513910,111,141,132,143
650,28513852,105,154,92,182
657,28513819,106,166,118,167
633,28513746,95,136,73,152
637,28513671,103,184,101,131
673,28513636,101,168,79,208
643,28513632,117,120,116,143
645,28513624,119,154,86,142
651,28513606,111,135,92,177
656,28513606,121,165,73,163
642,28513529,94,125,79,168
628,28513442,111,148,73,125
624,28513398,101,137,104,137
630,28513278,102,124,128,133
652,28513207,104,162,84,153
650,28513137,105,143,90,178
653,28513063,120,138,111,164
632,28513008,94,164,130,123
633,28512915,95,143,102,126
642,28512914,103,158,78,136
650,28512908,115,163,74,149
625,28512899,101,118,121,129
630,28512897,112,112,83,157
648,28512866,99,151,51,181
631,28512801,110,147,109,131
637,28512783,108,127,107,166
653,28512756,108,147,76,170
645,28512736,123,113,114,175
631,28512727,119,127,87,154
639,28512680,100,116,91,177
662,28512454,116,107,104,172
648,28512452,124,138,82,162
645,28512433,102,138,74,169
626,28512422,115,149,89,127
641,28512405,118,185,97,139
647,28512366,118,139,110,157
649,28512358,100,146,101,147
599,28512339,79,173,94,157
639,28512316,111,146,129,141
632,28512176,98,165,69,127
639,28512065,107,150,104,140
647,28512059,112,155,77,148
634,28512012,110,140,131,128
644,28511964,104,139,70,184
623,28511828,107,163,100,111
637,28511649,125,134,97,138
629,28511633,102,130,121,120
634,28511631,121,142,85,149
645,28511602,109,116,101,148
642,28511584,103,123,83,163
657,28511490,110,160,77,182
643,28511488,98,144,107,147
649,28511470,125,122,110,179
643,28511414,97,122,96,173
640,28511380,110,144,69,161
629,28511326,115,148,84,129
649,28511163,105,147,80,186
641,28511115,104,115,82,175
653,28511092,114,171,98,156
635,28511072,81,127,116,174
643,28511050,114,178,137,149
637,28510838,110,124,107,169
643,28510799,97,163,105,140
651,28510793,104,170,80,156
631,28510781,101,122,97,158
631,28510779,104,133,122,118
646,28510699,95,141,129,138
660,28510698,122,166,107,186
654,28510641,105,151,103,166
649,28510336,106,128,106,143
646,28510318,102,131,85,174
645,28510230,104,121,129,153
623,28510149,100,127,71,130
652,28510067,96,145,69,190
633,28510060,94,173,78,120
648,28509943,111,148,86,154
618,28509930,108,161,87,128
645,28509849,104,140,85,162
647,28509784,105,174,129,146
655,28509737,103,174,130,161
635,28509589,102,151,110,121
641,28509572,96,127,111,170
649,28509525,95,122,114,172
635,28509515,108,134,102,157
635,28509513,127,126,117,136
627,28509497,97,127,128,125
643,28509468,97,122,94,171
642,28509396,126,134,61,170
622,28509391,103,162,130,101
658,28509375,95,169,98,177
622,28509316,109,122,113,139
648,28509312,126,121,67,177
630,28509211,103,146,87,126
640,28509140,97,136,132,137
603,28509125,86,182,107,131
642,28508999,117,115,87,168
649,28508964,98,129,135,153
641,28508927,104,130,59,163
668,28508894,106,166,91,197
635,28508836,112,126,69,148
656,28508801,101,168,74,172
646,28508798,96,162,55,175
652,28508677,105,172,103,151
629,28508645,104,113,115,155
629,28508593,109,170,73,135
652,28508505,110,149,113,168
659,28508471,118,188,133,175
638,28508339,114,132,95,168
639,28508323,114,167,110,123
647,28508276,97,151,113,150
653,28508259,96,140,108,192
647,28508202,99,143,92,160
626,28508050,106,137,110,139
624,28508034,107,132,77,132
645,28507999,123,155,82,159
653,28507952,124,144,77,177
606,28507951,74,188,104,158
634,28507945,100,158,99,127
632,28507894,91,103,97,170
615,28507812,80,168,124,162
646,28507807,122,144,112,150
621,28507746,100,150,118,111
626,28507743,98,145,80,136
646,28507733,116,120,104,166
633,28507379,124,131,119,153
641,28507332,94,114,107,166
642,28507149,103,147,93,166
628,28507075,98,144,119,123
649,28507031,101,151,58,179
649,28507019,101,142,128,163
651,28507010,98,161,125,151
601,28506991,76,154,114,154
636,28506721,96,127,80,146
641,28506717,100,150,113,138
657,28506686,117,159,81,181
636,28506628,82,130,98,175
625,28506480,96,201,116,109
630,28506477,107,164,78,136
629,28506317,104,113,84,146
631,28506286,115,134,128,118
647,28506255,105,121,111,159
645,28506066,107,131,124,169
636,28505976,98,175,71,145
625,28505918,116,124,98,131
646,28505883,118,180,92,170
654,28505836,110,153,105,175
626,28505818,96,182,84,119
648,28505778,111,146,93,174
645,28505759,98,144,75,164
655,28505744,116,175,108,155
639,28505625,112,132,74,149
640,28505455,117,120,79,158
645,28505451,105,157,114,135
633,28505434,108,114,114,156
656,28505293,124,147,107,175
651,28504989,111,139,118,152
623,28504969,96,146,92,124
634,28504957,126,148,106,157
628,28504822,112,132,83,125
636,28504775,101,123,84,152
640,28504710,115,151,71,147
651,28504682,117,146,75,166
648,28504663,124,146,69,164
629,28504652,112,131,103,134
637,28504605,103,127,86,146
650,28504596,118,155,111,148
620,28504582,98,175,117,129
658,28504570,101,168,101,172
631,28504362,110,164,96,131
630,28504201,116,116,97,156
637,28504168,111,131,114,158
645,28504121,100,119,108,160
660,28504027,135,156,107,180
625,28503973,96,116,106,131
644,28503908,115,117,73,183
642,28503890,122,130,68,165
640,28503879,102,165,106,134
632,28503863,114,156,111,124
637,28503861,105,166,76,145
654,28503815,127,129,91,190
645,28503814,106,161,83,154
627,28503703,101,157,104,126
652,28503700,109,148,115,181
644,28503652,97,104,107,180
646,28503644,108,144,93,166
670,28503547,104,158,110,195
640,28503509,104,143,84,144
655,28503416,115,174,79,161
652,28503397,111,178,73,162
641,28503339,117,138,103,150
654,28503330,120,168,110,141
631,28503046,95,137,89,131
639,28503040,117,114,81,147
634,28503011,112,150,93,148
641,28502976,105,163,128,125
633,28502939,96,152,63,154
634,28502935,104,121,106,154
649,28502929,124,159,135,146
649,28502855,112,126,121,165
629,28502707,114,137,95,134
637,28502660,96,121,86,152
648,28502642,105,130,74,175
636,28502597,95,166,117,127
641,28502595,117,158,83,158
636,28502588,106,134,63,136
652,28502566,114,155,104,149
649,28502548,99,148,75,174
651,28502495,124,161,59,156
648,28502386,116,122,112,179
621,28502308,96,127,83,124
644,28502243,100,127,79,153
616,28502201,100,148,79,100
636,28502191,105,115,92,160
635,28502032,103,131,128,153
642,28501944,109,129,74,142
637,28501839,113,136,83,155
645,28501792,122,123,85,179
643,28501774,102,130,83,152
638,28501745,118,153,100,146
637,28501673,102,177,63,154
653,28501663,105,185,139,154
618,28501458,94,115,99,116
641,28501394,113,133,95,143
656,28501300,100,166,102,150
653,28501282,97,167,84,171
614,28501234,81,171,93,168
624,28501212,106,143,74,127
644,28501049,103,132,73,174
634,28500990,123,117,105,158
640,28500925,96,114,102,154
647,28500719,102,132,129,171
627,28500571,113,129,109,127
648,28500536,130,169,107,169
649,28500526,100,139,83,162
656,28500489,134,145,112,178
642,28500479,107,159,99,144
650,28500432,94,151,96,166
650,28500430,107,144,118,152
649,28500360,107,166,63,171
629,28500280,97,159,108,129
641,28500199,109,116,75,183
622,28500192,97,125,91,122
645,28500128,104,142,95,157
647,28500104,100,178,132,142
617,28500086,107,153,97,104
635,28499835,104,139,87,134
643,28499829,121,140,83,153
638,28499724,121,126,105,157
646,28499677,94,121,89,173
644,28499659,108,126,101,155
625,28499621,98,146,115,116
636,28499609,105,144,121,154
630,28499397,114,113,101,165
639,28499258,116,130,109,142
660,28499223,98,168,108,179
654,28499166,112,174,99,168
636,28499150,94,132,72,170
625,28499096,114,140,85,123
633,28499014,98,163,114,140
640,28498979,99,121,99,146
645,28498933,123,122,77,181
639,28498820,102,131,129,156
621,28498820,117,152,102,115
627,28498802,107,132,93,152
652,28498739,115,108,119,131
634,28498516,113,144,135,125
650,28498411,112,139,94,180
629,28498355,95,166,108,121
648,28498296,101,144,111,170
622,28498247,94,122,106,128
634,28498131,96,128,105,166
642,28498084,109,115,90,175
643,28497992,111,135,110,150
656,28497983,108,163,130,145
634,28497902,104,179,73,128
642,28497855,107,147,68,139
648,28497837,105,125,73,176
644,28497713,104,139,103,141
636,28497664,112,144,112,145
636,28497588,114,133,118,145
625,28497554,121,159,103,115
651,28497507,100,143,134,162
647,28497368,105,126,73,185
631,28497359,120,133,113,131
646,28497324,96,174,56,165
639,28497312,119,118,112,139
638,28497250,98,152,128,118
654,28497219,113,159,121,152
631,28497052,115,149,77,124
637,28497035,96,136,77,170
634,28496990,103,109,98,118
645,28496988,106,120,81,174
626,28496981,95,133,91,126
628,28496957,106,128,74,152
638,28496843,111,115,123,160
640,28496835,97,155,103,135
646,28496818,102,132,98,174
619,28496609,100,135,96,130
646,28496589,100,174,73,145
640,28496398,99,165,108,144
614,28496305,96,145,87,110
628,28496127,107,130,99,133
643,28496046,94,141,113,137
648,28495968,116,146,79,174
658,28495953,132,164,111,148
616,28495887,83,184,108,170
635,28495786,94,162,84,119
643,28495739,110,150,79,157
649,28495722,115,131,81,177
657,28495665,100,101,86,161
640,28495644,120,132,69,167
642,28495577,105,129,111,138
634,28495276,99,151,103,138
642,28495270,98,155,79,143
648,28495253,103,133,83,198
629,28495223,105,128,128,129
644,28495132,101,169,111,151
652,28495085,112,151,112,164
652,28495083,109,144,138,143
640,28495030,95,166,71,132
632,28494937,98,148,98,133
638,28494919,105,139,86,169
646,28494872,100,122,102,175
651,28494872,106,144,71,165
624,28494845,94,126,112,128
629,28494842,108,132,82,150
637,28494795,107,116,85,172
647,28494780,101,131,121,147
661,28494779,103,172,96,173
619,28494738,107,168,107,105
646,28494567,103,132,67,151
637,28494487,106,131,122,130
647,28494473,104,164,84,159
640,28494376,96,137,123,157
648,28494329,122,123,110,175
646,28494311,101,134,116,166
637,28494180,100,152,79,137
645,28494174,122,145,71,145
626,28493993,107,115,93,156
641,28493910,97,136,136,150
649,28493852,98,152,99,174
656,28493819,116,154,110,162
632,28493746,115,139,68,158
640,28493699,94,124,74,163
636,28493671,101,169,87,131
642,28493632,114,120,109,154
644,28493624,101,146,106,135
650,28493606,109,136,86,185
655,28493606,105,169,67,187
641,28493529,99,132,85,185
627,28493442,100,152,70,126
623,28493398,105,132,104,136
647,28493279,101,144,71,174
651,28493207,99,175,82,154
643,28493155,125,157,95,154
649,28493137,110,135,99,174
618,28493094,101,155,87,111
652,28493063,121,125,117,174
631,28493008,102,166,129,126
632,28492915,125,137,93,131
641,28492914,96,161,82,137
649,28492908,115,169,70,146
624,28492899,108,118,113,126
629,28492897,116,123,77,158
630,28492801,125,145,110,124
636,28492783,100,131,115,164
652,28492756,120,148,78,175
630,28492727,106,124,104,152
638,28492680,97,110,105,174
647,28492452,101,140,85,158
644,28492433,100,133,73,169
640,28492405,120,172,93,141
646,28492366,103,143,108,149
648,28492358,103,169,100,139
635,28492351,107,121,133,133
627,28492206,100,182,118,115
631,28492176,123,152,73,119
638,28492065,99,151,100,136
646,28492059,108,145,83,152
633,28492012,118,140,129,131
641,28492010,99,148,57,163
641,28491965,99,115,135,144
643,28491964,94,133,72,170
622,28491828,108,157,92,108
628,28491633,107,136,122,128
633,28491631,99,139,85,156
644,28491602,98,120,96,148
641,28491584,102,122,81,176
656,28491490,120,170,83,176
642,28491488,112,156,118,153
648,28491470,108,129,108,183
642,28491414,111,120,94,167
628,28491326,95,147,82,128
621,28491262,115,133,108,137
665,28491188,107,110,102,162
640,28491115,113,115,81,175
652,28491092,119,152,96,155
642,28491050,103,181,136,146
636,28490838,107,122,108,168
642,28490799,102,171,105,132
650,28490793,100,179,85,150
630,28490781,117,123,96,156
645,28490699,120,131,134,144
645,28490688,118,153,94,158
653,28490641,102,152,96,179
617,28490603,99,132,112,121
652,28490569,114,157,63,166
648,28490336,107,127,95,156
645,28490318,114,128,84,175
644,28490230,112,129,138,147
622,28490149,98,121,66,134
651,28490067,117,151,74,186
632,28490060,108,149,78,125
647,28489943,95,148,98,154
636,28489929,95,144,107,135
646,28489872,101,162,63,144
644,28489849,107,128,81,185
646,28489784,128,164,128,157
654,28489737,94,161,133,157
634,28489589,104,148,115,126
648,28489525,97,119,119,192
634,28489515,112,138,95,152
642,28489468,112,123,93,164
649,28489433,122,140,129,150
657,28489375,123,166,94,166
629,28489211,118,155,87,122
639,28489140,94,142,128,135
649,28489048,117,155,93,182
641,28488999,119,114,99,173
648,28488964,97,142,130,151
634,28488836,108,132,71,145
655,28488801,106,167,72,180
651,28488677,111,176,95,149
628,28488645,106,116,116,150
651,28488505,111,150,118,172
658,28488471,96,164,130,160
638,28488323,94,173,107,131
646,28488276,95,146,107,144
652,28488259,114,141,107,185
646,28488202,122,137,93,172
625,28488050,123,131,109,140
651,28488046,109,141,73,189
623,28488034,94,128,83,132
644,28487999,104,158,79,169
652,28487952,103,151,81,180
633,28487945,95,173,103,125
631,28487894,91,107,96,184
646,28487893,99,144,85,154
645,28487807,103,148,119,149
620,28487746,113,148,113,109
625,28487743,119,153,83,140
645,28487733,111,128,103,179
643,28487461,98,168,51,162
621,28487391,107,135,109,118
632,28487379,106,131,107,158
640,28487332,120,115,111,171
641,28487149,101,150,94,169
632,28487072,114,155,79,156
648,28487019,96,138,129,146
650,28487010,96,176,108,146
600,28486991,85,164,113,158
635,28486721,111,137,85,137
640,28486717,99,150,111,135
628,28486700,108,124,109,144
656,28486686,122,174,85,182
624,28486480,111,169,108,108
629,28486477,108,173,80,137
630,28486286,109,131,136,126
646,28486255,99,124,119,162
644,28486066,94,135,107,174
635,28485976,96,154,72,149
652,28485930,127,141,79,186
624,28485918,94,129,106,131
645,28485883,115,175,95,159
632,28485871,95,116,92,147
615,28485848,103,168,110,121
653,28485836,113,152,101,196
625,28485818,101,152,83,111
647,28485778,102,144,91,146
652,28485765,109,167,61,187
644,28485759,103,146,76,167
654,28485744,101,175,109,150
655,28485645,136,107,106,142
626,28485628,103,171,89,132
653,28485531,117,167,66,162
639,28485455,97,124,77,145
644,28485451,95,180,124,135
632,28485434,102,117,111,158
639,28485362,85,131,88,163
655,28485293,104,145,108,179
635,28485145,117,146,96,132
632,28485051,117,125,75,151
650,28484989,110,132,107,151
622,28484969,95,145,93,124
633,28484957,113,144,103,156
635,28484775,106,115,83,145
639,28484710,103,168,66,157
647,28484663,100,148,68,166
628,28484652,94,128,98,132
636,28484605,99,133,88,154
649,28484596,106,144,126,146
657,28484570,104,190,95,173
630,28484362,95,164,100,130
642,28484359,106,140,70,159
636,28484242,117,152,129,133
636,28484168,112,130,109,156
644,28484121,97,124,111,165
659,28484027,129,159,112,176
624,28483973,103,122,102,134
643,28483908,104,123,73,173
641,28483890,122,135,66,153
639,28483879,104,163,86,134
631,28483863,127,152,112,128
636,28483861,110,145,84,150
653,28483815,106,139,94,179
644,28483814,105,145,85,156
626,28483703,101,166,98,125
643,28483652,110,116,108,171
645,28483644,120,147,96,170
639,28483509,107,141,82,142
654,28483416,114,171,85,145
651,28483397,102,172,66,164
640,28483339,97,124,103,151
653,28483330,100,146,125,141
638,28483040,97,128,82,149
633,28483011,107,147,99,147
640,28482976,110,177,128,134
633,28482935,117,137,104,152
648,28482929,117,150,142,151
648,28482855,110,133,115,163
649,28482728,105,150,54,176
628,28482707,105,138,90,131
636,28482660,112,123,106,143
647,28482642,102,132,73,166
635,28482597,103,159,113,120
640,28482595,99,166,82,154
651,28482566,99,155,102,164
648,28482548,95,147,82,161
601,28482547,85,181,88,156
647,28482460,108,144,133,146
647,28482386,124,127,111,174
631,28482362,117,134,72,167
620,28482308,103,129,78,124
643,28482243,116,128,80,163
635,28482191,97,115,105,143
634,28482032,112,132,130,152
633,28481950,100,143,80,137
641,28481944,98,140,71,146
636,28481839,105,140,83,157
644,28481792,107,124,78,166
622,28481784,106,165,74,115
642,28481774,120,132,78,158
637,28481745,96,162,93,146
652,28481663,109,169,128,149
617,28481458,99,113,93,129
640,28481394,103,134,92,150
642,28481370,108,150,130,136
655,28481300,95,179,105,161
652,28481282,109,161,76,174
613,28481234,80,172,98,175
626,28481133,97,162,130,109
638,28481095,125,116,81,151
643,28481049,94,130,69,181
639,28480925,102,126,101,140
665,28480820,97,165,105,179
646,28480719,99,125,131,160
651,28480684,110,103,107,136
626,28480571,100,130,111,134
647,28480536,111,171,112,170
648,28480526,97,139,81,167
634,28480524,96,116,115,149
655,28480489,105,145,107,182
641,28480479,110,172,96,156
649,28480432,99,154,96,160
649,28480430,97,146,126,150
648,28480360,105,169,63,180
625,28480358,98,128,73,134
628,28480280,128,155,124,131
632,28480246,110,137,77,170
640,28480199,105,116,80,184
621,28480192,98,127,104,129
644,28480128,104,136,95,166
646,28480104,94,179,128,138
616,28480086,94,181,103,106
634,28480086,118,134,130,149
634,28479835,98,134,92,139
642,28479829,108,128,77,138
642,28479733,100,166,45,155
637,28479724,118,133,106,147
645,28479677,122,115,89,181
643,28479659,109,132,97,150
652,28479642,124,131,128,171
635,28479609,100,145,117,157
644,28479605,100,141,62,167
629,28479397,109,113,98,168
638,28479258,102,119,116,136
673,28479227,123,131,130,169
659,28479223,94,165,112,171
653,28479166,100,167,103,168
624,28479096,103,134,84,127
632,28479014,114,154,111,140
639,28478979,106,124,92,155
644,28478933,96,129,78,191
631,28478854,131,115,108,147
638,28478820,118,129,130,156
646,28478773,94,120,128,172
626,28478625,104,121,119,127
633,28478516,106,149,128,124
655,28478468,112,125,109,176
649,28478411,96,127,89,172
628,28478355,103,175,111,123
632,28478301,120,113,85,167
647,28478296,103,149,112,159
623,28478223,97,112,72,157
627,28478148,103,151,98,133
633,28478131,118,128,102,166
641,28478084,94,116,96,174
646,28478083,108,144,72,168
642,28477992,96,128,121,156
655,28477983,112,151,128,146
633,28477902,99,167,72,133
647,28477837,97,136,72,182
643,28477713,99,139,95,144
632,28477699,107,128,116,132
635,28477664,101,148,109,150
624,28477554,113,168,106,116
650,28477507,96,139,130,170
630,28477359,97,139,127,131
615,28477324,104,155,68,107
638,28477312,95,124,124,146
637,28477250,116,173,128,129
653,28477219,103,147,112,151
630,28477052,103,146,85,132
636,28477035,120,133,79,169
633,28476990,100,108,105,126
625,28476981,99,139,89,124
627,28476957,121,130,72,154
637,28476843,111,113,111,150
639,28476835,97,144,86,137
645,28476818,107,124,104,183
618,28476609,99,122,86,130
645,28476589,105,164,73,145
643,28476519,116,115,84,195
639,28476398,106,144,112,156
627,28476127,102,122,91,133
619,28476111,105,115,126,129
642,28476046,111,132,117,140
647,28475968,118,145,85,180
657,28475953,104,160,108,142
615,28475887,79,158,109,166
634,28475786,97,170,78,134
642,28475739,114,162,83,138
648,28475722,99,127,84,177
639,28475644,118,133,73,165
641,28475577,111,121,117,149
649,28475323,110,166,74,154
647,28475253,110,132,84,174
628,28475223,102,129,130,131
643,28475132,100,161,110,151
651,28475085,109,145,126,164
639,28475030,101,163,70,136
631,28474937,106,150,98,128
637,28474919,111,139,96,169
645,28474872,105,124,105,176
650,28474872,120,150,74,182
631,28474861,98,127,104,125
623,28474845,104,119,109,117
628,28474842,113,123,79,157
646,28474780,109,141,116,152
660,28474779,114,165,94,188
645,28474567,105,141,69,155
636,28474487,102,143,107,131
646,28474473,118,168,82,142
644,28474403,99,112,100,188
639,28474376,114,137,111,158
647,28474329,122,118,113,181
645,28474311,106,130,113,160
636,28474180,98,151,75,142
625,28473993,108,107,101,158
620,28473943,99,170,81,107
640,28473910,103,125,134,143
648,28473852,117,144,105,171
655,28473819,110,184,107,162
631,28473746,106,135,66,158
642,28473718,101,124,80,154
635,28473671,96,165,102,134
641,28473632,129,122,122,145
643,28473624,110,156,105,144
649,28473606,97,138,88,178
654,28473606,105,172,71,170
642,28473552,94,170,63,147
640,28473529,95,139,81,172
622,28473398,102,139,87,139
650,28473207,104,169,80,156
642,28473155,113,144,92,135
648,28473137,103,132,99,203
651,28473063,101,140,108,176
630,28473008,105,155,132,123
631,28472915,129,115,86,140
640,28472914,96,168,78,132
648,28472908,108,163,70,149
635,28472783,100,127,110,164
651,28472756,105,154,79,171
643,28472736,100,117,107,181
629,28472727,97,133,97,156
637,28472680,102,114,91,170
644,28472644,96,121,131,167
636,28472608,96,131,59,173
660,28472454,113,109,100,179
646,28472452,96,132,83,161
643,28472433,94,138,74,160
639,28472405,104,179,105,141
645,28472366,95,140,113,168
647,28472358,106,156,102,149
626,28472206,101,179,121,113
630,28472176,96,165,70,129
637,28472065,95,148,103,137
645,28472059,98,150,83,152
632,28472012,118,129,133,127
640,28471965,97,120,128,144
642,28471964,100,126,69,166
621,28471828,105,168,95,110
627,28471633,121,142,118,129
632,28471631,107,140,80,157
646,28471631,117,101,108,154
643,28471602,101,123,100,174
640,28471584,96,135,81,155
642,28471531,97,141,62,144
655,28471490,95,175,78,181
641,28471488,110,149,117,137
647,28471470,113,126,109,187
641,28471414,97,132,86,171
627,28471326,100,144,83,129
620,28471262,103,137,115,140
664,28471188,114,130,90,162
647,28471163,100,144,75,182
639,28471115,104,117,84,174
651,28471092,122,147,105,165
641,28471050,94,146,128,158
641,28470799,104,158,103,135
649,28470793,105,175,81,138
629,28470781,107,139,96,148
629,28470779,117,130,119,130
644,28470699,101,143,128,136
644,28470688,120,161,101,158
616,28470657,94,159,131,107
652,28470641,121,146,87,170
647,28470336,107,139,96,168
644,28470318,102,128,81,163
658,28470318,112,102,111,167
643,28470230,96,115,128,148
650,28470067,119,151,74,188
631,28470060,108,175,84,128
646,28469943,120,147,102,148
616,28469930,111,165,90,129
645,28469872,112,166,59,139
643,28469849,120,127,83,167
645,28469784,114,147,129,152
653,28469737,106,164,134,156
633,28469589,104,144,120,132
639,28469572,106,141,110,166
633,28469515,101,141,99,157
625,28469497,95,137,145,126
641,28469468,102,121,103,163
656,28469375,100,173,95,179
639,28469265,97,144,80,169
628,28469211,99,146,95,127
648,28469048,114,145,98,194
640,28468999,107,108,101,166
647,28468964,116,133,132,151
650,28468857,114,102,96,138
654,28468801,108,173,70,186
650,28468677,100,157,91,154
627,28468645,96,106,116,154
657,28468471,115,169,128,163
636,28468339,116,127,104,170
637,28468323,99,177,113,132
645,28468276,113,145,119,152
651,28468259,124,133,113,185
645,28468202,99,134,98,175
624,28468050,100,138,111,140
650,28468046,106,137,73,186
622,28468034,95,135,85,134
643,28467999,108,149,79,170
651,28467952,119,152,81,180
632,28467945,100,174,95,127
642,28467874,97,144,68,160
644,28467807,109,146,108,146
650,28467790,94,130,107,182
619,28467746,95,151,107,111
644,28467733,107,138,87,169
648,28467532,110,180,57,171
620,28467391,94,131,121,124
631,28467379,95,123,110,154
639,28467332,96,113,110,164
640,28467149,96,145,97,165
626,28467075,99,145,109,122
631,28467072,104,146,83,157
647,28467019,116,132,130,146
649,28467010,103,153,122,148
648,28466797,131,153,67,155
634,28466721,94,125,80,143
639,28466717,106,145,118,141
655,28466686,101,161,83,175
616,28466638,83,166,89,189
634,28466628,74,110,102,169
616,28466590,113,129,103,109
623,28466480,112,158,117,106
629,28466286,100,135,132,120
645,28466255,117,123,118,160
643,28466066,109,127,111,173
634,28465976,100,148,70,153
651,28465930,107,140,85,179
623,28465918,117,134,106,134
644,28465883,110,163,102,168
631,28465871,99,116,91,142
652,28465836,103,158,101,179
624,28465818,95,167,79,123
646,28465778,96,149,105,146
651,28465765,95,165,60,175
643,28465759,95,144,85,177
653,28465744,95,173,119,160
654,28465645,110,103,95,136
637,28465625,95,139,74,144
652,28465531,104,168,73,172
638,28465455,107,124,80,145
643,28465451,100,183,127,138
631,28465434,95,122,107,152
654,28465293,101,145,107,179
634,28465145,109,158,91,131
631,28465127,116,145,84,146
648,28465081,103,123,94,176
631,28465051,132,142,83,156
649,28464989,115,139,110,147
632,28464957,117,144,99,157
651,28464936,113,128,81,142
626,28464822,101,138,82,132
638,28464710,113,163,73,153
649,28464682,111,145,83,156
646,28464663,105,150,70,172
627,28464652,96,133,100,139
635,28464605,114,140,94,138
648,28464596,103,144,116,146
656,28464570,106,169,91,181
629,28464362,114,163,103,136
641,28464359,104,138,73,156
635,28464242,122,144,129,122
635,28464168,110,140,107,156
643,28464121,110,119,112,165
658,28464027,114,171,109,181
623,28463973,109,124,100,125
640,28463890,94,128,69,154
638,28463879,111,151,95,137
630,28463863,96,164,117,126
635,28463861,97,169,84,150
652,28463815,98,135,99,190
625,28463703,94,162,101,123
642,28463652,95,107,107,160
644,28463644,115,146,99,179
630,28463556,115,136,84,138
638,28463509,101,143,79,155
653,28463416,106,155,81,148
650,28463397,98,164,74,162
639,28463339,109,125,95,147
652,28463330,114,162,110,138
639,28463178,111,103,103,118
637,28463040,100,126,84,150
632,28463011,113,144,98,149
639,28462976,126,166,129,120
632,28462935,108,123,90,158
647,28462929,102,156,133,138
647,28462855,98,140,113,170
652,28462820,94,110,96,135
627,28462707,99,140,90,117
646,28462642,98,136,70,179
634,28462597,108,158,110,124
639,28462595,121,160,84,157
650,28462566,112,144,103,149
647,28462548,101,148,82,163
646,28462386,105,126,107,162
642,28462243,111,139,78,144
660,28462086,97,152,101,178
633,28462032,101,129,134,158
635,28461839,116,137,81,157
643,28461792,110,124,78,176
641,28461774,112,135,82,153
636,28461745,112,150,106,148
644,28461698,107,154,101,160
635,28461673,94,174,58,156
651,28461663,110,155,132,140
656,28461554,110,131,96,132
639,28461394,94,127,97,146
641,28461370,101,157,129,132
654,28461300,102,172,95,157
651,28461282,97,170,80,164
625,28461133,109,164,130,107
642,28461049,101,122,67,176
638,28460925,99,134,100,148
647,28460908,112,123,144,151
645,28460719,102,131,131,168
625,28460571,112,131,112,122
646,28460536,112,159,108,164
647,28460526,115,127,85,175
654,28460489,110,152,108,178
640,28460479,107,169,100,146
648,28460432,120,146,105,162
648,28460430,113,147,117,161
655,28460397,127,170,129,159
647,28460360,111,167,62,171
656,28460298,128,106,108,147
627,28460280,114,144,115,138
631,28460246,107,134,83,169
620,28460192,95,130,105,127
643,28460128,95,140,103,142
645,28460104,106,164,130,136
615,28460086,95,182,100,108
621,28460068,121,123,104,152
633,28459835,106,130,100,134
641,28459829,94,139,83,147
636,28459724,105,136,104,156
644,28459677,122,123,98,177
622,28459669,105,174,85,114
642,28459659,121,124,97,159
623,28459621,109,146,110,123
634,28459609,114,146,113,153
643,28459605,101,143,58,173
628,28459397,106,113,93,165
637,28459258,105,130,115,137
658,28459223,110,174,108,179
652,28459166,103,173,87,160
623,28459096,94,134,81,129
631,28459014,117,175,114,140
657,28459010,111,184,73,193
643,28458933,99,137,85,182
630,28458854,103,114,109,157
637,28458820,101,133,131,156
625,28458802,98,136,106,149
645,28458773,99,142,128,160
619,28458743,122,122,94,123
650,28458739,107,109,108,139
625,28458625,97,124,108,126
648,28458411,116,141,105,160
627,28458355,98,167,114,124
646,28458296,95,151,108,173
620,28458247,98,123,104,128
625,28458242,100,134,77,133
626,28458148,116,145,97,133
632,28458131,120,120,105,161
640,28458084,102,117,92,187
641,28457992,117,133,111,147
654,28457983,116,171,129,145
632,28457902,106,174,71,134
646,28457837,99,128,71,189
642,28457713,103,126,93,141
631,28457699,94,136,107,135
634,28457664,95,144,113,147
619,28457629,114,141,74,139
634,28457588,109,133,110,156
623,28457554,97,175,105,116
649,28457507,110,125,129,182
654,28457473,95,110,127,138
629,28457359,111,137,110,128
637,28457312,94,120,112,145
636,28457250,105,165,139,126
652,28457219,110,150,120,148
629,28457052,117,145,82,129
635,28457035,111,143,83,169
643,28456988,108,111,82,180
624,28456981,113,134,101,129
629,28456976,111,136,77,139
626,28456957,100,130,68,157
658,28456894,117,163,77,180
636,28456843,95,112,110,150
644,28456818,95,128,92,176
617,28456609,106,136,99,132
644,28456589,109,169,72,135
638,28456398,110,145,111,158
646,28456351,105,156,114,153
626,28456127,95,127,95,132
623,28456108,102,106,82,158
641,28456046,94,142,116,146
655,28456045,129,145,99,188
646,28455968,118,145,80,166
656,28455953,118,162,113,156
614,28455887,90,171,109,188
633,28455786,94,155,78,125
641,28455739,108,164,84,149
636,28455724,119,129,87,125
647,28455722,116,125,77,193
655,28455665,112,98,98,170
638,28455644,109,132,74,173
640,28455577,97,117,116,164
648,28455323,104,176,74,160
646,28455253,106,128,83,180
627,28455223,96,132,134,127
642,28455132,120,158,115,149
650,28455085,122,151,109,167
629,28455031,97,137,83,130
630,28454937,97,151,106,134
636,28454919,100,140,104,169
644,28454872,110,120,103,171
649,28454872,98,149,74,175
630,28454861,121,125,98,135
622,28454845,104,129,113,126
627,28454842,106,132,81,156
635,28454795,113,116,80,169
645,28454780,102,141,113,145
659,28454779,111,174,98,182
644,28454567,103,130,70,148
635,28454487,104,128,112,144
645,28454473,96,168,84,149
643,28454403,110,116,94,188
638,28454376,125,137,112,157
646,28454329,126,123,107,161
644,28454311,102,129,124,150
636,28454262,106,155,128,154
635,28454180,100,144,85,134
643,28454174,110,153,71,150
624,28453993,114,114,102,155
639,28453910,100,132,130,142
647,28453852,108,144,89,166
654,28453819,109,168,112,167
630,28453746,102,138,74,156
634,28453671,98,182,96,130
633,28453667,123,163,128,136
640,28453632,105,120,112,146
642,28453624,96,144,98,155
648,28453606,105,139,88,182
653,28453606,119,166,70,174
639,28453529,94,121,85,168
621,28453398,94,138,97,138
649,28453207,103,175,79,153
641,28453155,103,152,106,150
647,28453137,97,134,96,175
650,28453063,114,142,109,175
629,28453008,105,166,128,126
639,28452914,100,171,83,142
647,28452908,102,181,71,149
627,28452897,105,123,84,152
642,28452803,125,164,80,156
634,28452783,101,137,107,153
650,28452756,110,148,79,170
642,28452736,117,117,108,177
628,28452727,96,132,100,147
636,28452680,107,117,101,164
643,28452644,102,130,131,159
659,28452454,94,103,101,170
645,28452452,106,141,75,156
642,28452433,102,140,65,164
644,28452366,116,140,107,149
646,28452358,104,164,105,153
625,28452206,96,171,112,115
629,28452176,97,175,72,129
636,28452065,100,150,102,135
644,28452059,121,149,84,151
624,28452045,97,110,115,133
641,28451964,108,131,74,177
639,28451954,116,147,101,149
654,28451872,123,145,139,160
620,28451828,104,150,102,109
634,28451649,125,143,89,140
626,28451633,102,132,117,120
631,28451631,108,135,82,153
642,28451602,124,123,97,164
639,28451584,106,124,83,175
654,28451490,125,157,84,166
646,28451470,94,125,113,178
640,28451414,115,119,92,173
626,28451326,95,161,85,121
619,28451262,106,132,113,137
638,28451115,105,115,85,171
650,28451092,108,170,101,160
640,28451050,129,148,129,149
608,28451026,76,171,99,169
634,28450838,101,121,107,168
640,28450799,98,173,105,136
648,28450793,119,163,81,143
628,28450781,125,119,103,158
628,28450779,100,131,115,133
643,28450699,110,126,130,144
643,28450688,127,161,97,156
651,28450641,108,152,99,182
646,28450336,110,138,96,152
643,28450318,97,140,82,166
642,28450230,97,133,131,155
641,28450114,113,160,72,169
649,28450067,96,145,73,174
630,28450060,97,169,81,117
645,28449943,107,145,95,146
642,28449849,99,138,83,175
644,28449784,106,172,128,153
652,28449737,109,144,128,164
632,28449589,114,150,118,127
638,28449572,125,142,107,167
646,28449525,110,121,109,179
632,28449515,94,137,105,158
624,28449497,115,126,139,129
640,28449468,107,124,96,165
647,28449433,105,127,130,154
655,28449375,121,159,104,174
619,28449316,95,136,114,132
627,28449211,114,146,99,127
647,28449048,104,146,89,181
639,28448999,96,117,103,174
646,28448964,103,126,132,161
649,28448857,94,97,88,147
620,28448839,102,148,103,140
653,28448801,127,167,74,176
643,28448798,101,148,57,171
649,28448677,112,150,105,146
626,28448645,101,125,124,151
649,28448505,121,154,111,166
656,28448471,97,186,129,168
636,28448323,111,150,107,133
644,28448276,98,147,116,153
650,28448259,110,137,109,177
644,28448202,101,139,104,172
642,28447999,113,151,78,168
650,28447952,102,157,85,172
631,28447945,99,160,101,125
641,28447874,97,151,70,166
643,28447807,107,150,112,152
649,28447790,118,136,108,182
623,28447743,125,153,77,138
643,28447733,100,135,89,168
632,28447568,105,136,107,134
647,28447532,101,191,57,170
630,28447379,112,134,108,157
638,28447332,97,116,111,180
639,28447149,101,150,101,166
630,28447072,96,150,83,155
646,28447019,121,141,131,146
648,28447010,94,176,115,149
638,28446717,98,149,113,131
654,28446686,97,155,82,176
633,28446628,91,110,96,173
622,28446480,97,181,124,110
627,28446477,113,162,85,137
628,28446286,102,127,131,117
644,28446255,95,124,114,169
642,28446066,113,129,116,168
636,28445995,106,170,85,134
633,28445976,115,153,74,158
650,28445930,118,138,77,197
622,28445918,98,129,106,133
643,28445883,99,176,106,167
651,28445836,111,146,102,196
623,28445818,98,157,83,120
645,28445778,106,145,102,145
650,28445765,105,169,60,171
642,28445759,110,146,82,169
652,28445744,106,169,117,149
624,28445628,101,144,105,138
651,28445531,115,163,72,154
642,28445451,96,147,113,136
630,28445434,100,139,127,149
653,28445293,96,157,126,174
630,28445051,114,121,76,151
648,28444989,119,136,107,159
631,28444957,110,158,92,157
625,28444822,94,134,82,132
637,28444710,104,170,72,152
648,28444682,109,163,82,159
645,28444663,97,150,71,188
634,28444605,95,118,105,136
647,28444596,101,154,117,153
617,28444582,101,166,108,127
655,28444570,94,175,101,183
628,28444362,103,171,96,139
634,28444168,96,134,113,152
642,28444121,94,122,110,164
647,28444086,98,108,101,138
657,28444027,109,163,111,172
633,28443955,102,133,68,158
641,28443908,117,121,72,183
639,28443890,94,133,73,147
637,28443879,121,144,103,125
629,28443863,120,147,119,124
634,28443861,103,154,81,155
651,28443815,124,134,90,196
624,28443703,94,174,96,126
641,28443652,100,109,108,174
643,28443644,106,148,93,167
637,28443509,108,137,85,140
652,28443416,106,163,81,155
649,28443397,96,161,73,177
637,28443348,118,109,84,117
638,28443339,95,132,102,152
651,28443330,113,166,116,148
628,28443298,101,125,130,151
628,28443046,96,133,87,155
636,28443040,97,129,84,148
631,28443011,98,151,101,151
638,28442976,117,149,129,134
631,28442935,111,129,87,150
646,28442929,109,146,132,152
646,28442855,104,139,118,176
626,28442707,95,140,106,133
634,28442660,99,120,87,151
645,28442642,97,129,70,180
641,28442613,128,161,91,134
633,28442597,108,165,122,122
638,28442595,111,161,81,157
649,28442566,103,150,97,163
646,28442548,127,164,81,184
648,28442495,115,166,60,155
645,28442386,116,125,114,172
641,28442243,108,132,84,163
632,28442032,105,133,129,153
642,28441792,116,117,84,177
640,28441774,99,132,85,156
635,28441745,107,145,104,157
650,28441663,108,171,128,138
626,28441512,98,112,80,168
638,28441394,98,132,95,139
653,28441300,108,174,94,150
650,28441282,106,156,85,170
611,28441234,77,179,101,163
638,28441232,96,105,94,129
624,28441133,106,178,129,104
641,28441049,94,122,74,181
637,28440925,103,137,93,164
623,28440918,132,135,78,150
646,28440908,111,119,130,151
644,28440719,98,119,132,165
624,28440571,111,124,117,128
645,28440536,94,153,107,168
646,28440526,113,138,85,175
653,28440489,106,145,108,174
639,28440479,118,157,88,149
647,28440432,100,149,103,161
647,28440430,111,156,111,165
654,28440397,101,159,140,163
646,28440360,97,175,59,172
626,28440280,125,152,107,140
630,28440246,118,130,76,157
619,28440192,97,130,96,127
642,28440128,98,139,103,153
644,28440104,116,162,129,143
632,28439835,97,136,94,135
640,28439829,94,130,84,141
635,28439724,98,139,102,154
643,28439677,115,119,101,176
621,28439669,96,168,84,116
641,28439659,96,126,104,155
650,28439642,121,139,131,151
633,28439609,106,146,124,157
641,28439562,104,144,114,152
628,28439305,104,129,115,140
636,28439258,99,139,120,139
649,28439249,113,149,137,158
657,28439223,100,169,113,178
627,28439168,115,154,68,133
651,28439166,97,163,102,171
641,28439103,108,121,69,179
622,28439096,105,139,75,128
630,28439014,105,168,108,138
656,28439010,111,163,74,188
642,28438933,108,123,85,173
636,28438820,98,142,128,155
639,28438532,121,148,107,132
631,28438516,102,156,128,116
647,28438411,120,143,97,178
626,28438355,97,161,107,114
645,28438296,116,144,110,174
619,28438247,98,118,103,123
624,28438242,100,124,79,126
625,28438148,112,149,106,134
631,28438131,115,126,94,170
639,28438084,94,115,90,177
644,28438083,98,144,67,172
640,28437992,110,128,127,147
653,28437983,113,165,138,142
631,28437902,97,173,68,132
645,28437837,107,141,71,182
641,28437713,99,137,106,154
633,28437664,96,156,111,150
633,28437588,123,132,119,158
622,28437554,94,179,94,114
648,28437507,96,136,128,160
628,28437359,95,140,109,134
635,28437250,103,164,128,126
651,28437219,127,168,121,153
628,28437052,108,145,84,134
647,28437038,100,124,129,175
634,28437035,96,130,81,170
623,28436981,103,131,98,115
628,28436976,98,138,75,139
625,28436957,96,134,70,152
635,28436843,96,117,108,156
643,28436818,95,127,100,179
616,28436609,100,131,102,139
643,28436589,94,152,73,149
637,28436398,95,154,121,145
625,28436127,107,116,89,140
632,28436093,110,140,108,132
640,28436046,109,140,112,142
654,28436045,122,147,96,185
645,28435968,108,144,77,166
655,28435953,94,173,125,142
613,28435887,77,169,108,190
632,28435786,114,152,83,129
640,28435739,118,151,85,136
646,28435722,95,141,79,190
654,28435665,103,97,90,167
637,28435644,104,133,73,162
639,28435577,117,138,108,162
614,28435516,96,133,112,111
619,28435513,99,136,77,135
665,28435473,94,162,110,181
647,28435323,116,171,74,146
645,28435253,99,118,79,191
626,28435223,100,123,128,128
634,28435165,114,145,93,158
641,28435132,104,168,115,157
649,28435085,97,144,116,168
649,28435083,103,145,129,151
637,28435030,94,166,73,142
629,28434937,99,151,106,131
635,28434919,108,140,100,167
643,28434872,108,120,95,171
648,28434872,113,148,72,178
629,28434861,123,128,103,133
621,28434845,100,126,118,128
626,28434842,109,134,84,154
644,28434780,97,127,108,157
658,28434779,109,165,100,189
643,28434567,102,139,74,157
634,28434487,95,133,114,143
644,28434473,94,157,79,144
658,28434399,111,103,105,172
637,28434376,122,142,113,158
645,28434329,101,121,110,186
643,28434311,107,133,111,150
635,28434262,127,144,130,157
642,28434174,100,145,69,151
623,28433993,108,113,88,158
618,28433943,98,167,81,109
646,28433852,105,146,106,171
653,28433819,122,169,119,161
629,28433746,101,138,67,158
640,28433718,115,124,82,154
633,28433671,94,200,102,128
639,28433632,109,124,112,153
641,28433624,111,153,105,147
647,28433606,97,134,99,177
652,28433606,114,174,72,178
638,28433529,95,129,81,162
620,28433398,107,135,94,140
626,28433278,102,124,132,134
648,28433207,96,171,85,160
640,28433155,94,144,91,142
646,28433137,98,140,97,175
649,28433063,127,131,113,162
628,28433008,96,163,132,122
638,28432914,103,176,85,131
646,28432908,119,166,72,141
621,28432899,96,116,112,119
633,28432783,112,130,112,168
649,28432756,118,144,84,182
616,28432739,94,129,86,117
627,28432727,102,127,94,157
635,28432680,97,114,90,167
642,28432644,112,133,130,154
658,28432454,122,108,93,161
644,28432452,98,132,75,155
641,28432433,103,125,73,168
643,28432366,105,129,119,155
645,28432358,107,165,87,154
595,28432339,82,172,91,151
624,28432206,94,189,118,116
628,28432176,114,173,74,123
635,28432065,94,147,97,130
643,28432059,118,151,83,151
613,28432045,100,174,77,127
630,28432012,116,137,130,126
657,28431985,112,101,95,171
640,28431964,112,132,74,162
638,28431954,133,159,104,158
653,28431872,123,153,130,156
619,28431828,104,182,91,111
633,28431643,100,107,116,125
625,28431633,111,143,127,122
630,28431631,105,132,85,153
641,28431602,103,124,90,155
653,28431490,123,172,83,172
639,28431488,112,147,126,141
645,28431470,98,118,107,180
639,28431414,115,137,105,164
630,28431322,118,145,74,139
618,28431262,130,130,120,139
637,28431115,101,114,77,169
649,28431092,107,167,88,152
639,28431050,110,145,129,158
639,28430799,107,150,105,140
647,28430793,107,171,85,150
627,28430781,103,122,96,155
627,28430779,105,125,116,131
642,28430699,100,136,131,143
642,28430688,130,153,91,153
650,28430641,101,151,99,194
657,28430606,96,161,135,147
649,28430569,116,171,63,165
634,28430361,104,147,104,167
645,28430336,128,137,100,154
642,28430318,98,130,83,173
641,28430230,114,121,138,154
643,28430222,111,148,110,158
619,28430149,96,128,74,128
648,28430067,106,158,69,185
629,28430060,94,158,80,129
644,28429943,129,144,98,152
614,28429930,96,171,106,127
641,28429849,98,135,82,184
643,28429784,100,161,128,152
651,28429737,101,160,129,164
631,28429589,114,147,113,134
637,28429572,117,142,107,166
645,28429525,111,123,109,181
631,28429515,113,131,94,154
639,28429468,95,123,102,172
654,28429375,100,174,96,167
626,28429211,108,147,103,124
646,28429048,108,144,90,179
638,28428999,98,110,98,175
645,28428964,102,128,129,155
648,28428857,120,99,88,149
652,28428801,118,170,74,183
648,28428677,100,196,101,142
625,28428645,120,111,113,150
625,28428593,104,172,68,132
648,28428505,107,146,109,170
655,28428471,104,159,129,176
635,28428323,107,178,124,134
643,28428276,114,153,114,145
649,28428259,98,130,108,181
643,28428202,100,129,104,177
622,28428050,100,139,110,134
648,28428046,115,138,66,183
620,28428034,96,128,75,134
641,28427999,112,171,84,164
649,28427952,97,149,80,178
630,28427945,107,169,92,128
642,28427807,108,149,110,153
642,28427733,100,135,97,170
631,28427568,126,136,114,134
629,28427379,113,122,121,157
637,28427332,101,113,116,169
638,28427149,112,144,94,169
629,28427072,94,144,81,157
645,28427019,99,140,131,150
647,28427010,102,181,119,143
626,28426859,95,173,129,110
646,28426797,105,145,69,154
632,28426721,98,126,85,146
637,28426717,102,146,118,141
653,28426686,102,162,82,192
632,28426628,91,128,89,168
621,28426480,102,192,113,105
626,28426477,96,168,79,139
627,28426286,105,140,130,127
643,28426255,114,118,111,149
641,28426066,104,119,111,175
635,28425995,105,180,84,129
632,28425976,118,154,74,156
649,28425930,101,125,80,175
621,28425918,100,133,100,118
642,28425883,104,174,101,162
650,28425836,94,157,92,176
622,28425818,99,169,84,123
644,28425778,94,148,103,147
651,28425744,113,154,122,150
623,28425628,116,144,104,134
650,28425531,119,148,73,155
641,28425451,105,159,123,132
629,28425434,108,119,114,158
644,28425340,113,164,107,158
652,28425293,114,151,107,167
632,28425145,114,150,87,128
629,28425127,108,154,85,144
646,28425081,105,118,90,190
629,28425051,114,126,82,155
647,28424989,103,140,125,153
619,28424969,94,147,101,126
630,28424957,94,150,100,155
624,28424822,112,135,83,134
636,28424710,107,160,72,158
647,28424682,111,147,85,166
644,28424663,127,145,74,167
633,28424605,105,128,103,145
646,28424596,95,160,123,163
654,28424570,108,166,91,182
627,28424362,101,167,106,140
633,28424242,99,148,132,134
626,28424201,113,115,96,154
633,28424168,117,133,114,146
641,28424121,104,114,111,173
656,28424027,110,182,118,180
638,28423890,111,126,74,162
636,28423879,115,172,103,134
628,28423863,95,152,112,125
633,28423861,115,149,82,151
650,28423815,96,143,87,196
623,28423703,97,164,104,121
648,28423700,107,144,111,183
640,28423652,97,115,108,165
642,28423644,111,150,91,173
651,28423416,98,160,76,155
648,28423397,110,163,74,163
637,28423339,99,126,105,144
650,28423330,98,166,113,145
635,28423040,98,130,82,147
630,28423011,113,149,104,141
637,28422976,107,174,129,129
630,28422935,108,124,103,158
645,28422929,107,156,129,140
645,28422855,98,134,109,162
625,28422707,111,139,86,133
644,28422642,123,141,73,171
632,28422597,114,146,110,119
637,28422595,110,164,83,158
648,28422566,97,154,96,147
645,28422548,106,152,75,163
644,28422386,96,124,111,186
617,28422308,96,136,85,129
631,28422032,122,126,129,155
641,28421792,96,119,84,180
639,28421774,101,123,79,159
634,28421745,103,168,101,156
642,28421698,108,146,92,163
633,28421673,107,161,58,155
649,28421663,100,172,130,137
654,28421554,97,131,106,138
637,28421394,102,131,106,152
652,28421300,100,182,91,143
649,28421282,115,164,82,165
610,28421234,82,173,100,169
623,28421133,104,171,129,103
630,28420990,108,123,101,156
636,28420925,102,128,99,153
643,28420719,108,125,131,168
623,28420571,99,125,109,129
644,28420536,110,186,117,167
645,28420526,98,132,84,178
652,28420489,104,156,114,182
638,28420479,116,158,96,148
646,28420432,96,147,100,167
646,28420430,96,147,107,147
653,28420397,111,167,135,158
645,28420360,106,169,61,170
629,28420246,100,131,85,167
618,28420192,103,123,87,120
641,28420128,112,128,98,150
643,28420104,95,158,129,145
631,28420086,116,136,136,148
631,28419835,99,136,103,142
639,28419829,96,140,83,149
634,28419798,106,151,111,130
648,28419734,109,120,107,185
634,28419724,107,130,92,158
642,28419677,103,121,102,179
640,28419659,119,129,91,156
649,28419642,101,141,129,155
621,28419621,102,144,114,122
632,28419609,110,145,123,155
641,28419605,97,137,63,188
626,28419397,115,105,89,163
635,28419258,113,122,117,138
649,28419256,94,150,99,173
656,28419223,95,162,116,171
650,28419166,95,166,101,159
621,28419096,112,136,84,126
640,28419093,121,102,83,149
629,28419014,100,166,108,139
636,28418979,99,119,88,147
641,28418933,105,127,76,174
617,28418820,97,146,104,115
635,28418820,102,134,134,155
638,28418532,119,176,118,130
630,28418516,110,146,128,124
646,28418411,120,127,99,161
625,28418355,102,156,114,121
629,28418301,103,118,85,165
644,28418296,118,144,123,168
618,28418247,96,111,105,122
652,28418160,126,151,82,198
630,28418131,123,135,104,167
639,28417992,99,128,123,154
652,28417983,127,161,128,141
630,28417902,95,162,72,133
644,28417837,97,134,68,182
652,28417780,96,99,84,160
640,28417713,98,139,92,147
629,28417699,96,134,117,137
632,28417664,95,147,110,147
632,28417588,95,129,120,153
647,28417507,107,131,133,163
627,28417359,109,141,108,130
642,28417266,131,175,114,138
634,28417250,104,165,137,125
650,28417219,108,146,109,145
627,28417052,99,157,80,133
646,28417038,105,127,129,172
633,28417035,96,140,81,170
622,28416981,105,141,98,127
627,28416976,108,125,80,141
624,28416957,96,120,74,156
656,28416894,116,171,84,202
634,28416843,105,117,109,156
636,28416835,106,154,105,139
642,28416818,112,133,98,192
615,28416609,116,121,100,136
642,28416589,99,171,74,155
636,28416398,101,154,108,157
644,28416351,96,150,127,153
656,28416207,110,131,116,135
630,28416185,109,124,93,168
624,28416127,103,129,88,134
639,28416046,96,141,107,140
653,28416045,121,147,90,186
644,28415968,109,144,81,175
654,28415953,104,178,111,157
631,28415786,99,182,82,133
629,28415753,96,124,109,138
639,28415739,104,153,83,143
645,28415722,95,143,84,179
653,28415665,130,102,91,177
636,28415644,115,132,70,169
632,28415642,103,122,116,143
638,28415577,95,132,111,151
613,28415516,102,139,120,107
646,28415323,97,171,72,149
644,28415253,111,124,85,181
640,28415132,109,170,117,156
648,28415085,123,153,120,168
628,28414937,123,148,95,132
634,28414919,111,138,86,167
647,28414872,111,149,73,167
642,28414872,104,120,104,172
628,28414861,111,134,93,139
620,28414845,96,123,115,120
625,28414842,111,126,80,152
633,28414795,96,116,82,167
643,28414780,118,141,108,167
657,28414779,117,170,101,189
656,28414569,94,130,76,166
642,28414567,99,134,71,161
643,28414473,98,149,81,146
657,28414399,96,103,102,160
636,28414376,118,137,110,155
644,28414329,102,123,111,179
642,28414311,101,140,114,162
645,28413852,125,153,90,167
652,28413819,103,171,122,165
631,28413765,101,139,84,141
628,28413746,95,134,69,154
632,28413671,95,152,97,125
640,28413624,113,145,106,165
646,28413606,95,134,106,177
651,28413606,97,172,70,161
637,28413529,100,129,84,174
623,28413442,97,154,71,126
619,28413398,111,142,93,140
635,28413230,115,114,73,164
647,28413207,103,166,84,160
639,28413155,94,145,87,145
645,28413137,105,135,95,178
614,28413094,97,154,103,106
648,28413063,121,143,111,175
627,28413008,101,177,131,119
628,28412915,116,124,103,133
637,28412914,94,181,77,131
645,28412908,108,171,74,149
640,28412803,128,166,84,156
626,28412801,123,153,123,134
632,28412783,95,121,111,167
648,28412756,122,145,76,169
626,28412727,104,138,96,158
634,28412680,101,114,105,171
641,28412644,100,129,136,152
657,28412454,121,102,105,167
643,28412452,104,140,81,159
640,28412433,103,133,70,166
636,28412405,111,149,88,139
642,28412366,98,133,111,164
644,28412358,108,151,105,155
627,28412176,95,170,74,124
634,28412065,96,150,94,138
642,28412059,101,144,85,153
639,28411964,112,126,73,186
637,28411954,100,146,89,157
644,28411835,111,148,62,173
618,28411828,97,150,92,111
632,28411649,102,135,104,137
624,28411633,100,137,114,129
629,28411631,122,140,80,150
640,28411602,108,118,86,162
637,28411584,108,116,77,164
652,28411490,124,161,79,178
644,28411470,106,126,110,177
638,28411414,118,135,94,168
624,28411326,115,161,80,122
617,28411262,105,122,111,130
636,28411115,94,114,85,170
648,28411092,96,162,90,154
638,28411050,110,148,129,145
638,28410799,100,167,96,134
646,28410793,105,151,78,154
626,28410781,117,122,91,153
641,28410699,101,133,133,136
641,28410688,114,158,105,157
649,28410641,99,153,97,171
656,28410606,118,177,138,146
648,28410569,104,183,63,170
633,28410361,103,147,105,167
644,28410336,125,143,102,157
641,28410318,105,130,85,160
655,28410318,107,101,108,167
647,28410067,104,153,74,176
628,28410060,112,170,85,126
643,28409943,102,145,97,139
640,28409849,105,127,75,179
642,28409784,101,174,136,151
630,28409766,110,154,92,144
650,28409737,102,145,128,173
630,28409589,114,161,121,129
636,28409572,108,128,108,167
644,28409525,102,118,118,179
630,28409515,129,136,97,158
630,28409513,126,128,122,139
638,28409468,113,124,89,166
645,28409433,102,131,129,154
653,28409375,111,166,104,167
625,28409211,94,148,100,121
645,28409048,105,145,91,179
637,28408999,101,112,88,180
644,28408964,111,132,132,158
647,28408857,96,96,106,136
651,28408801,116,155,72,172
627,28408774,96,166,49,157
647,28408677,116,163,100,151
624,28408645,97,128,110,148
647,28408505,120,145,111,183
654,28408471,110,171,130,164
633,28408339,115,125,87,168
634,28408323,111,177,118,125
642,28408276,109,147,108,136
648,28408259,94,140,110,182
642,28408202,98,127,92,171
621,28408050,99,136,110,137
640,28407999,110,166,77,170
648,28407952,110,146,85,180
629,28407945,114,162,105,129
627,28407894,79,107,97,174
647,28407790,95,131,114,175
621,28407743,112,149,85,137
641,28407733,116,134,103,169
630,28407568,113,143,120,134
645,28407532,97,167,57,175
628,28407379,117,136,115,144
636,28407332,102,104,108,172
637,28407149,108,152,95,164
623,28407075,101,148,110,125
644,28407019,94,130,133,142
646,28407010,101,171,125,143
645,28406797,97,147,72,154
636,28406717,94,149,115,132
652,28406686,112,161,84,175
620,28406480,106,171,118,108
625,28406477,95,164,79,135
634,28406302,110,128,115,131
626,28406286,99,142,132,124
642,28406255,105,120,115,170
640,28406066,115,131,111,166
634,28405995,116,164,82,138
631,28405976,122,145,70,156
648,28405930,117,133,78,180
620,28405918,113,130,95,126
641,28405883,102,174,97,167
649,28405836,124,145,104,179
643,28405778,100,144,98,149
648,28405765,110,178,60,188
650,28405744,108,169,120,144
651,28405645,103,104,88,138
622,28405628,110,148,91,136
649,28405531,105,150,70,167
640,28405451,95,146,108,140
628,28405434,103,123,107,151
651,28405293,122,147,115,168
637,28405128,115,138,100,167
645,28405081,119,114,87,193
628,28405051,101,131,79,158
646,28404989,113,142,111,167
629,28404957,99,147,104,152
635,28404710,98,166,74,156
646,28404682,94,152,82,152
624,28404652,100,131,96,140
632,28404605,94,136,99,140
645,28404596,101,151,123,150
667,28404574,136,131,119,175
653,28404570,96,173,91,185
655,28404379,118,129,87,146
626,28404362,124,159,89,138
632,28404242,107,164,129,124
632,28404168,112,135,118,158
640,28404121,108,121,109,164
655,28404027,130,151,107,161
639,28403908,122,113,65,175
635,28403879,113,164,86,129
627,28403863,102,148,114,126
632,28403861,113,144,84,156
649,28403815,102,140,99,194
622,28403703,99,171,99,125
639,28403652,104,115,116,175
641,28403644,113,144,86,165
665,28403547,102,154,113,197
635,28403509,103,132,80,140
650,28403416,97,186,79,163
647,28403397,94,171,69,172
636,28403339,102,128,103,149
649,28403330,114,169,117,138
629,28403011,104,146,101,148
636,28402976,101,166,128,130
629,28402935,112,122,105,153
644,28402929,97,159,140,154
644,28402855,102,141,111,168
649,28402820,103,128,94,138
624,28402707,94,133,94,132
643,28402642,108,142,71,162
639,28402613,109,160,88,141
631,28402597,102,158,109,124
636,28402595,114,174,77,156
647,28402566,96,147,92,170
644,28402548,94,159,84,169
646,28402495,95,167,61,174
643,28402386,102,125,111,174
639,28402243,101,139,75,162
611,28402201,103,161,84,108
631,28402191,96,113,97,157
630,28402032,94,123,130,158
643,28401950,115,101,109,140
632,28401839,102,137,80,155
640,28401792,116,121,81,177
638,28401774,98,124,79,161
633,28401745,106,156,100,157
648,28401663,112,165,132,138
640,28401626,99,147,62,163
624,28401512,100,116,77,170
636,28401394,96,131,93,139
651,28401300,100,150,91,153
648,28401282,99,169,85,164
609,28401234,74,168,98,171
636,28401232,112,108,101,129
622,28401133,97,163,131,107
629,28400990,114,121,96,156
635,28400925,94,135,104,146
642,28400719,95,118,128,166
622,28400571,118,127,107,134
643,28400536,105,165,119,168
644,28400526,112,139,76,178
651,28400489,99,144,107,188
637,28400479,103,166,100,155
645,28400432,96,145,105,179
645,28400430,106,146,120,163
652,28400397,113,157,143,146
644,28400360,94,172,61,171
624,28400280,113,180,119,130
628,28400246,100,123,82,170
617,28400192,107,121,95,127
640,28400128,111,127,105,156
642,28400104,97,169,131,131
630,28399835,97,132,99,143
638,28399829,109,140,78,154
633,28399724,109,137,98,158
641,28399677,112,118,97,172
639,28399659,113,122,94,158
648,28399642,118,130,134,153
631,28399609,97,145,111,155
643,28399458,99,171,55,162
625,28399397,94,116,89,170
634,28399258,96,133,116,137
647,28399249,107,144,128,150
655,28399223,96,160,107,182
649,28399166,101,167,100,176
620,28399096,99,137,84,126
628,28399014,118,170,118,140
635,28398979,106,123,104,144
640,28398933,112,136,82,191
634,28398820,95,136,135,145
642,28398773,96,124,131,162
622,28398625,97,118,117,132
637,28398532,109,180,108,122
629,28398516,111,156,137,123
645,28398411,99,130,92,179
624,28398355,97,172,118,115
643,28398296,100,146,112,173
651,28398160,109,153,79,189
629,28398131,94,142,98,170
637,28398084,110,117,88,178
638,28397992,106,129,108,160
643,28397837,110,137,74,181
651,28397780,109,99,79,180
639,28397713,114,129,102,157
631,28397664,105,152,119,148
620,28397554,103,166,106,116
646,28397507,109,135,131,170
651,28397473,109,130,116,146
642,28397368,128,128,70,176
626,28397359,94,134,120,123
641,28397324,94,171,57,177
633,28397250,101,174,128,129
649,28397219,101,160,107,157
626,28397052,104,161,81,130
632,28397035,111,141,83,167
640,28396988,95,121,84,186
621,28396981,102,143,98,125
655,28396894,118,178,84,188
641,28396818,95,130,92,180
614,28396609,100,126,105,138
641,28396589,98,163,67,136
639,28396519,98,111,80,192
635,28396398,97,154,114,145
629,28396185,99,120,105,164
623,28396127,97,142,99,132
638,28396046,105,141,116,142
652,28396045,114,148,89,179
643,28395968,121,144,77,175
653,28395953,120,165,112,152
611,28395887,74,162,110,166
630,28395786,98,183,84,128
638,28395739,95,145,76,145
644,28395722,101,143,83,176
652,28395665,120,99,90,179
635,28395644,98,125,69,177
637,28395577,109,128,118,148
639,28395569,110,147,106,158
645,28395323,117,162,74,163
643,28395253,100,135,78,190
624,28395223,98,132,142,133
632,28395165,118,145,104,157
639,28395132,113,165,109,143
647,28395085,96,151,114,161
635,28395030,95,178,74,134
627,28394937,109,150,106,133
633,28394919,97,136,95,155
641,28394872,94,120,98,177
646,28394872,104,145,70,168
627,28394861,111,136,99,141
619,28394845,111,129,108,129
624,28394842,98,141,83,156
642,28394780,102,140,108,150
656,28394779,113,178,90,176
634,28394520,97,171,78,131
642,28394473,105,147,85,139
635,28394376,107,134,111,158
643,28394329,106,123,122,166
641,28394311,123,136,120,156
623,28394181,99,124,89,133
632,28394180,96,148,83,130
640,28394174,117,148,74,141
621,28393993,98,116,99,154
616,28393943,95,156,80,110
636,28393910,96,129,131,147
644,28393852,106,147,100,167
651,28393819,103,161,112,171
627,28393746,109,138,71,154
631,28393671,96,164,97,124
637,28393632,125,123,108,144
639,28393624,100,158,101,143
645,28393606,114,131,102,180
650,28393606,112,163,68,172
636,28393529,108,128,78,168
618,28393398,100,142,90,140
634,28393230,106,117,74,186
646,28393207,102,175,82,160
638,28393155,103,149,90,141
644,28393137,94,128,102,184
647,28393063,121,140,110,166
627,28392915,105,136,101,134
636,28392914,108,179,75,140
644,28392908,98,159,74,160
624,28392897,96,124,84,151
639,28392803,110,169,77,158
647,28392756,112,147,85,165
625,28392727,98,128,94,152
633,28392680,104,115,87,166
656,28392454,111,108,101,162
642,28392452,123,137,85,156
639,28392433,98,134,68,167
641,28392366,94,135,109,147
643,28392358,94,146,97,153
622,28392206,97,157,110,114
626,28392176,104,161,74,127
633,28392065,94,155,96,152
641,28392059,121,144,84,138
628,28392012,109,137,131,131
638,28391964,110,139,70,171
617,28391828,105,157,95,110
631,28391649,111,140,98,140
623,28391633,95,131,117,129
628,28391631,109,140,77,157
639,28391602,111,120,99,157
651,28391490,95,161,85,184
643,28391470,94,137,109,185
637,28391414,115,123,103,161
623,28391326,112,146,85,127
616,28391262,98,118,117,140
666,28391244,123,128,107,179
647,28391092,95,181,94,151
637,28391050,94,159,134,149
637,28390799,97,172,105,131
645,28390793,105,146,77,148
625,28390781,101,121,87,157
625,28390779,102,131,127,130
640,28390699,96,139,146,138
654,28390698,106,148,112,178
640,28390688,106,175,106,157
648,28390641,109,145,91,160
655,28390606,111,178,129,157
632,28390361,102,148,105,159
643,28390336,110,137,97,157
640,28390318,109,137,82,162
639,28390230,97,119,131,154
646,28390067,106,158,68,181
627,28390060,103,164,85,129
642,28389943,109,144,91,145
641,28389872,96,167,60,162
639,28389849,111,135,84,174
641,28389784,110,177,137,155
649,28389737,97,150,131,160
629,28389589,109,153,114,133
635,28389572,98,131,119,168
629,28389515,112,130,86,157
629,28389513,109,137,122,136
621,28389497,102,132,134,125
637,28389468,102,122,96,176
652,28389375,102,169,95,176
616,28389316,98,122,115,137
635,28389265,101,146,84,168
624,28389211,100,148,89,118
658,28389052,127,103,110,177
644,28389048,121,146,101,174
636,28388999,98,110,95,183
643,28388964,104,130,135,155
650,28388801,123,168,74,175
646,28388677,108,163,99,144
623,28388645,106,117,113,157
646,28388505,110,147,113,171
653,28388471,107,175,128,159
626,28388357,121,149,92,130
633,28388323,94,168,125,133
641,28388276,98,148,122,137
647,28388259,108,142,111,181
641,28388202,121,129,95,171
646,28388046,110,137,73,175
618,28388034,112,128,83,128
639,28387999,101,163,76,169
647,28387952,99,148,80,171
628,28387945,114,158,105,128
641,28387893,103,144,79,154
640,28387807,108,149,120,158
646,28387790,103,120,107,194
649,28387761,125,107,84,141
615,28387746,99,145,122,108
640,28387733,101,124,90,169
644,28387532,105,170,56,163
627,28387379,95,136,117,157
635,28387332,96,111,107,170
626,28387166,114,122,73,141
636,28387149,119,152,98,158
627,28387072,98,144,80,158
637,28387057,115,175,115,135
643,28387019,99,125,130,145
645,28387010,98,157,112,141
644,28386797,101,156,74,152
635,28386717,116,149,119,149
651,28386686,106,175,84,186
630,28386628,81,110,89,172
619,28386480,94,172,119,109
624,28386477,110,178,76,131
633,28386302,122,142,121,141
625,28386286,114,140,131,127
641,28386255,114,120,118,170
639,28386066,100,123,115,165
633,28385995,107,153,83,128
630,28385976,109,151,65,155
647,28385930,98,130,75,186
619,28385918,98,131,99,131
640,28385883,110,171,104,167
610,28385848,94,151,109,128
648,28385836,117,144,99,181
642,28385778,115,151,94,154
647,28385765,101,159,61,177
639,28385759,103,145,82,166
649,28385744,103,162,107,153
621,28385628,101,167,90,125
648,28385531,105,173,73,150
639,28385451,112,165,112,137
627,28385434,115,122,125,155
642,28385340,110,178,111,157
650,28385293,99,148,109,179
630,28385145,119,144,106,134
636,28385128,120,136,87,170
644,28385081,97,123,95,188
627,28385051,99,130,84,156
645,28384989,109,132,107,163
628,28384957,115,150,91,156
622,28384822,101,137,82,134
634,28384710,121,164,72,155
645,28384682,110,144,83,155
642,28384663,104,158,74,175
623,28384652,97,135,96,141
631,28384605,98,125,101,159
644,28384596,95,153,116,142
652,28384570,99,168,86,190
625,28384362,101,187,88,138
637,28384359,111,140,72,148
631,28384168,106,138,109,154
639,28384121,97,118,114,167
654,28384027,98,162,112,183
634,28383879,103,167,98,134
626,28383863,111,157,121,123
631,28383861,109,144,81,143
648,28383815,104,129,91,192
621,28383703,95,160,103,123
638,28383652,107,113,109,177
640,28383644,97,149,86,166
634,28383509,95,128,81,143
649,28383416,101,167,83,156
646,28383397,94,166,66,176
635,28383339,96,142,102,151
648,28383330,108,181,122,167
625,28383046,100,129,97,135
633,28383040,99,142,83,160
635,28382976,106,170,135,133
627,28382939,103,146,60,151
628,28382935,114,129,102,155
643,28382929,101,148,128,146
643,28382855,119,133,107,179
623,28382707,106,136,104,133
631,28382660,103,116,106,142
642,28382642,115,141,65,179
638,28382613,101,173,86,137
630,28382597,99,166,111,116
635,28382595,96,161,80,158
646,28382566,101,145,100,152
643,28382548,94,163,84,176
642,28382386,118,125,107,168
631,28382221,103,135,131,134
629,28382032,101,132,132,158
636,28381944,95,143,66,144
631,28381839,122,139,80,158
639,28381792,94,121,83,160
637,28381774,108,131,81,156
632,28381745,109,146,96,149
631,28381673,107,177,59,158
647,28381663,101,178,128,142
652,28381554,109,131,93,132
635,28381394,102,137,99,141
637,28381370,106,159,128,137
650,28381300,99,166,94,161
647,28381282,103,169,80,165
633,28381095,104,121,81,153
634,28380925,100,131,92,145
627,28380918,109,139,63,156
643,28380908,114,122,129,152
641,28380719,113,130,128,161
621,28380571,102,129,117,134
642,28380536,125,154,111,167
643,28380526,98,134,77,176
650,28380489,115,144,116,181
636,28380479,102,156,90,157
644,28380432,114,145,94,186
644,28380430,109,145,119,148
643,28380360,104,180,61,166
623,28380280,101,144,110,138
616,28380192,94,129,93,125
639,28380128,102,134,89,165
641,28380104,95,169,129,147
611,28380086,97,161,91,103
618,28379976,109,134,125,122
639,28379966,103,130,105,127
629,28379835,96,127,103,134
637,28379829,103,133,79,138
632,28379724,111,143,105,158
640,28379677,110,122,97,177
638,28379659,113,128,97,154
647,28379642,111,133,132,147
630,28379609,98,144,110,156
625,28379305,107,132,123,141
633,28379258,106,125,118,145
647,28379256,128,158,92,186
646,28379249,102,147,129,139
654,28379223,113,163,108,183
648,28379166,99,168,102,165
627,28379014,104,175,108,137
639,28378933,110,123,83,181
633,28378820,108,142,128,155
621,28378802,96,140,95,151
636,28378532,112,158,114,128
628,28378516,106,148,134,121
644,28378411,105,134,101,177
623,28378355,95,162,108,123
642,28378296,101,145,120,167
650,28378160,123,147,84,184
622,28378148,103,144,99,132
628,28378131,112,134,97,170
636,28378084,99,116,89,178
637,28377992,97,131,116,145
650,28377983,108,163,133,158
628,28377902,96,152,73,131
642,28377837,106,137,69,182
650,28377780,120,102,84,162
638,28377713,113,137,106,150
627,28377699,105,128,117,139
630,28377664,99,145,113,150
630,28377588,108,127,107,157
619,28377554,100,170,91,116
645,28377507,105,132,130,165
625,28377359,104,135,116,126
632,28377250,100,172,131,129
648,28377219,109,148,107,176
624,28377146,114,143,68,133
625,28377052,108,145,81,134
631,28377035,122,138,82,164
620,28376981,95,141,106,128
639,28376978,99,103,98,147
622,28376957,110,136,69,156
654,28376894,100,168,84,183
640,28376818,120,119,99,175
613,28376609,100,120,100,140
640,28376589,103,166,73,150
634,28376398,95,147,119,157
630,28376296,97,153,69,130
628,28376185,106,124,92,156
622,28376127,102,135,99,134
637,28376046,104,129,117,146
651,28376045,110,160,96,189
642,28375968,101,145,84,173
652,28375953,107,158,118,157
610,28375887,74,165,112,174
629,28375786,112,171,81,133
637,28375739,95,151,79,155
643,28375722,113,131,84,177
651,28375665,115,102,101,173
636,28375577,112,142,107,143
644,28375323,99,160,65,157
642,28375253,103,135,85,189
623,28375223,105,120,128,134
638,28375132,98,165,111,149
646,28375085,108,152,108,170
625,28375031,99,139,78,133
626,28374937,103,144,90,134
632,28374919,108,128,99,166
645,28374872,113,145,70,167
626,28374861,114,131,91,141
623,28374842,103,118,82,153
641,28374780,115,140,124,158
655,28374779,119,171,89,182
613,28374738,98,159,115,106
641,28374473,101,173,81,137
655,28374399,122,103,100,170
634,28374376,100,134,110,156
642,28374329,110,123,115,170
640,28374311,107,130,114,156
634,28374069,124,151,83,157
620,28373993,97,112,106,157
635,28373910,117,131,134,146
643,28373852,107,150,99,162
650,28373819,106,159,127,167
626,28373746,115,135,70,158
630,28373671,99,173,104,133
629,28373667,103,156,128,140
636,28373632,94,121,119,159
638,28373624,100,152,99,149
644,28373606,101,138,102,180
649,28373606,94,165,71,167
635,28373529,103,129,77,168
617,28373472,108,144,122,113
621,28373442,106,149,74,125
617,28373398,95,133,97,134
658,28373303,102,110,80,173
645,28373207,106,166,85,159
637,28373155,95,145,91,139
643,28373137,95,134,87,183
646,28373063,100,125,107,170
625,28373008,98,172,139,112
626,28372915,97,140,86,132
635,28372914,99,162,83,134
643,28372908,102,173,73,143
623,28372897,96,119,84,151
638,28372803,100,157,81,158
630,28372783,97,133,107,163
646,28372756,112,149,85,173
624,28372727,94,132,105,150
632,28372680,104,115,95,180
639,28372644,110,128,131,162
630,28372476,100,144,82,169
641,28372452,108,134,83,155
638,28372433,116,139,74,176
634,28372405,124,166,95,141
640,28372366,113,127,108,142
642,28372358,101,172,98,155
621,28372206,107,161,110,114
625,28372176,98,169,73,124
640,28372059,117,147,85,155
627,28372012,115,132,140,133
637,28371964,98,120,74,162
635,28371954,113,150,104,155
650,28371872,124,144,132,149
616,28371828,99,153,93,107
630,28371649,100,135,106,141
622,28371633,101,132,109,122
627,28371631,103,141,82,151
638,28371602,94,115,104,169
650,28371490,100,170,81,178
642,28371470,102,141,107,178
636,28371414,109,142,102,168
622,28371326,110,153,85,129
659,28371188,107,129,90,174
646,28371092,107,170,100,150
636,28371050,104,157,135,147
616,28370884,110,133,57,153
636,28370799,95,168,100,133
644,28370793,103,162,85,148
624,28370779,112,120,117,123
639,28370699,98,134,128,145
639,28370688,114,167,106,156
647,28370641,100,147,100,174
654,28370606,102,195,128,164
631,28370361,124,148,99,164
642,28370336,94,128,101,150
639,28370318,95,141,85,170
638,28370230,97,117,128,167
626,28370060,94,162,83,127
641,28369943,106,151,101,153
638,28369849,105,126,81,169
640,28369784,117,159,129,145
648,28369737,97,150,137,174
628,28369589,114,154,115,122
642,28369525,94,122,107,178
628,28369515,113,141,105,155
628,28369513,131,137,122,141
620,28369497,110,131,131,128
636,28369468,103,124,95,166
643,28369433,95,133,128,152
657,28369432,117,167,110,175
651,28369375,110,173,100,177
634,28369265,104,157,75,168
623,28369211,100,148,101,129
625,28369187,107,144,73,157
643,28369048,108,149,102,183
635,28368999,115,111,90,175
642,28368964,103,120,128,160
649,28368801,113,165,74,182
645,28368677,113,159,103,155
645,28368505,107,154,108,178
652,28368471,109,165,129,173
632,28368323,95,168,124,133
640,28368276,95,152,115,150
646,28368259,97,132,107,171
640,28368202,113,143,90,169
645,28368046,94,141,73,180
638,28367999,96,179,80,163
646,28367952,103,145,85,195
627,28367945,99,167,104,129
640,28367893,113,146,84,159
639,28367807,108,144,113,153
645,28367790,106,124,107,176
614,28367746,105,144,123,111
639,28367733,105,130,102,169
648,28367716,106,129,131,175
628,28367568,118,141,111,127
626,28367379,100,121,121,158
634,28367332,109,114,107,175
635,28367149,120,144,96,170
657,28367106,116,100,111,168
629,28367091,125,147,100,140
636,28367057,99,168,118,134
642,28367019,110,135,128,160
644,28367010,105,158,117,138
623,28366859,106,149,131,112
643,28366797,118,144,71,153
629,28366721,95,132,77,147
634,28366717,100,153,109,138
650,28366686,103,166,77,183
618,28366480,100,173,118,111
623,28366477,104,160,77,135
632,28366302,111,134,111,140
624,28366286,113,130,135,119
640,28366255,95,122,108,157
638,28366066,101,128,109,164
632,28365995,108,151,85,129
629,28365976,102,147,72,158
646,28365930,107,135,79,185
618,28365918,94,128,104,124
639,28365883,98,171,86,158
647,28365836,100,151,89,181
641,28365778,94,148,101,156
646,28365765,98,180,63,181
648,28365744,99,188,111,151
620,28365628,95,149,90,140
647,28365531,123,160,74,159
633,28365455,102,133,82,151
638,28365451,94,177,116,132
626,28365434,95,114,121,147
641,28365340,110,158,108,157
649,28365293,96,147,115,179
629,28365145,107,145,87,130
643,28365081,106,119,96,183
626,28365051,121,130,82,146
644,28364989,109,137,107,148
627,28364957,98,144,88,154
646,28364936,109,110,83,139
633,28364710,104,179,69,156
644,28364682,123,147,84,158
641,28364663,94,144,72,161
630,28364605,105,135,97,149
643,28364596,111,152,110,147
651,28364570,114,156,99,189
624,28364362,114,169,98,136
630,28364242,112,144,130,130
630,28364168,99,140,112,146
638,28364121,106,124,108,174
653,28364027,99,175,114,182
637,28363908,105,120,71,161
635,28363890,99,128,66,156
633,28363879,114,157,101,134
625,28363863,94,146,127,129
630,28363861,117,147,79,149
647,28363815,108,135,100,183
620,28363703,99,160,99,117
645,28363700,107,154,112,172
637,28363652,97,105,109,165
639,28363644,102,149,104,169
633,28363509,95,136,85,142
648,28363416,113,172,78,171
645,28363397,101,157,73,169
647,28363330,128,166,114,151
632,28363040,99,129,75,164
634,28362976,103,175,139,133
627,28362935,96,129,105,154
642,28362929,107,149,132,143
642,28362855,109,140,110,168
622,28362707,106,139,103,128
641,28362642,98,130,72,173
637,28362613,117,167,101,139
629,28362597,95,161,116,119
634,28362595,104,146,83,158
645,28362566,107,152,106,165
642,28362548,95,145,80,174
641,28362386,95,129,114,183
637,28362243,101,139,83,145
628,28362032,95,134,130,153
641,28361950,99,97,117,139
630,28361839,109,140,83,157
638,28361792,110,124,79,165
636,28361774,97,131,78,157
631,28361745,118,145,95,152
630,28361673,97,149,62,153
646,28361663,100,153,128,143
626,28361441,114,127,98,136
634,28361394,109,143,100,153
649,28361300,100,160,89,166
646,28361282,98,161,75,169
631,28361280,90,126,115,164
634,28361232,105,104,88,125
637,28361049,99,125,73,180
627,28360990,114,124,89,158
633,28360925,105,115,104,154
640,28360719,100,127,131,165
620,28360571,100,125,122,133
641,28360536,116,180,107,170
642,28360526,126,130,83,164
649,28360489,108,155,110,180
635,28360479,113,162,103,153
643,28360432,94,145,97,173
643,28360430,118,147,124,162
650,28360397,112,171,145,142
642,28360360,103,172,62,166
622,28360280,101,144,117,139
615,28360192,96,129,88,126
638,28360128,100,141,95,152
640,28360104,103,167,132,135
628,28360086,94,120,131,154
638,28359966,107,110,103,122
648,28359896,112,101,73,164
636,28359829,104,136,79,149
631,28359798,104,152,110,127
631,28359724,111,131,89,152
639,28359677,106,119,94,176
617,28359669,97,170,80,108
637,28359659,109,129,98,149
646,28359642,102,130,128,152
629,28359609,97,147,110,153
641,28359458,110,171,53,158
624,28359305,111,124,114,141
632,28359258,94,142,122,147
646,28359256,119,147,96,186
653,28359223,106,161,107,180
647,28359166,104,182,90,180
629,28359150,104,131,73,158
618,28359096,106,139,81,126
626,28359014,95,182,117,140
633,28358979,96,121,96,147
638,28358933,111,130,80,182
625,28358854,106,110,110,156
632,28358820,106,143,134,155
635,28358532,110,173,115,134
627,28358516,96,150,137,128
643,28358411,106,135,98,164
622,28358355,94,166,127,125
641,28358296,107,144,113,172
649,28358160,105,145,77,186
627,28358131,103,121,99,170
635,28358084,99,111,103,178
636,28357992,99,134,109,158
649,28357983,116,157,136,151
627,28357902,98,180,74,134
641,28357837,115,135,67,179
637,28357713,97,128,97,149
629,28357588,97,137,108,158
618,28357554,103,149,100,115
644,28357507,101,143,130,169
640,28357368,95,133,72,190
624,28357359,100,139,113,124
631,28357250,103,175,130,129
647,28357219,129,144,108,156
630,28357035,100,138,80,167
638,28356988,102,124,76,181
619,28356981,94,136,88,129
624,28356976,112,126,81,136
653,28356894,115,150,81,188
639,28356818,95,134,88,181
639,28356589,96,168,74,145
633,28356398,97,159,108,150
621,28356127,117,126,103,126
628,28356093,115,139,114,137
636,28356046,99,135,124,147
650,28356045,121,159,87,180
641,28355968,116,144,82,176
651,28355953,94,170,107,161
628,28355786,100,162,80,121
636,28355739,95,145,78,143
642,28355722,110,133,82,184
650,28355665,124,99,88,171
635,28355577,111,128,119,161
615,28355513,114,131,81,139
641,28355253,95,119,82,192
630,28355165,128,144,95,158
637,28355132,107,173,113,158
645,28355085,100,150,111,162
625,28354937,120,151,101,130
631,28354919,99,136,95,170
644,28354872,113,145,74,176
639,28354872,100,123,97,174
625,28354861,98,127,93,127
622,28354842,106,130,80,153
640,28354780,98,135,127,154
654,28354779,117,174,97,187
639,28354567,111,128,71,152
630,28354487,96,125,117,137
640,28354473,94,186,84,137
633,28354376,115,127,108,158
641,28354329,122,123,123,180
639,28354311,102,122,113,157
633,28354069,116,164,84,157
619,28353993,98,112,100,151
642,28353852,107,144,100,178
649,28353819,108,177,110,166
625,28353746,108,142,69,148
629,28353671,96,149,90,128
637,28353624,97,147,87,147
648,28353606,107,164,69,175
643,28353606,98,139,92,179
634,28353529,96,123,85,165
644,28353207,98,187,83,168
637,28353185,119,176,129,130
642,28353137,125,141,95,181
645,28353063,117,131,110,188
624,28353008,101,167,133,125
634,28352914,103,157,78,146
642,28352908,98,168,73,154
617,28352899,98,118,118,114
637,28352803,113,163,84,154
623,28352801,114,145,114,128
629,28352783,97,119,107,166
645,28352756,94,156,85,175
623,28352727,99,136,100,147
654,28352454,108,107,88,165
640,28352452,99,142,78,155
633,28352405,103,177,92,140
639,28352366,98,141,111,154
641,28352358,105,164,100,139
620,28352206,104,171,119,116
624,28352176,102,168,67,123
639,28352059,104,151,85,161
636,28351964,109,132,66,172
634,28351954,128,147,105,158
649,28351872,98,145,130,160
615,28351828,104,176,91,104
629,28351649,107,134,90,141
621,28351633,99,127,117,128
626,28351631,99,136,83,157
637,28351602,103,118,100,153
634,28351584,97,122,85,183
649,28351490,106,174,77,170
641,28351470,94,125,108,186
616,28351450,126,128,111,116
635,28351414,99,119,101,163
614,28351262,104,131,111,140
641,28351163,116,148,78,187
645,28351092,96,170,101,144
635,28351050,103,144,128,155
635,28350799,94,177,100,131
643,28350793,95,183,83,150
623,28350781,97,121,98,157
623,28350779,101,120,117,134
657,28350719,137,103,106,161
638,28350699,112,142,128,150
638,28350688,109,178,94,155
646,28350641,104,148,99,178
653,28350606,114,183,129,148
645,28350569,102,168,63,161
630,28350361,109,149,95,165
641,28350336,99,131,101,148
638,28350318,104,138,77,173
637,28350230,103,117,129,161
625,28350060,98,163,76,126
640,28349943,99,148,99,158
637,28349849,107,125,84,191
639,28349784,128,162,132,158
627,28349766,107,166,95,147
647,28349737,110,151,131,168
626,28349605,102,112,101,168
627,28349589,97,144,109,134
633,28349572,94,139,107,168
641,28349525,98,123,107,190
627,28349515,97,142,93,154
627,28349513,103,142,115,138
635,28349468,109,122,104,174
642,28349433,100,142,130,145
656,28349432,110,170,116,186
634,28349396,113,136,58,168
650,28349375,99,163,94,183
633,28349265,113,146,82,170
622,28349211,101,150,102,124
642,28349048,106,144,94,176
634,28348999,95,110,86,184
641,28348964,117,138,131,145
648,28348801,102,169,72,175
644,28348677,116,173,98,150
621,28348645,99,134,124,146
644,28348505,114,148,108,173
651,28348471,103,159,129,165
631,28348323,103,160,108,131
639,28348276,96,153,117,143
645,28348259,94,131,108,180
639,28348202,105,126,88,175
618,28348050,97,140,112,134
637,28347999,109,175,85,162
645,28347952,96,151,83,183
626,28347945,94,151,96,122
639,28347893,98,144,85,157
638,28347807,126,147,125,155
638,28347733,100,124,98,174
642,28347532,113,165,57,180
625,28347379,104,135,127,154
634,28347149,96,145,99,169
635,28347057,95,167,124,138
641,28347019,95,134,128,150
643,28347010,99,163,114,149
615,28346817,101,128,94,140
642,28346797,121,144,64,169
633,28346717,97,169,111,136
649,28346686,94,172,82,194
636,28346606,118,146,117,155
617,28346480,96,157,116,103
622,28346477,102,168,84,138
621,28346317,117,117,79,148
631,28346302,110,137,115,127
639,28346255,106,123,109,156
637,28346066,95,131,109,165
628,28345976,96,147,74,155
645,28345930,100,141,84,175
617,28345918,95,127,97,134
638,28345883,104,154,92,167
646,28345836,115,144,100,187
640,28345778,107,146,98,157
637,28345759,118,144,85,164
647,28345744,107,171,113,153
646,28345531,111,165,72,163
637,28345451,96,165,112,138
625,28345434,104,121,120,158
648,28345293,111,159,112,177
628,28345145,95,146,99,129
634,28345128,110,132,94,169
642,28345081,99,122,93,190
625,28345051,96,129,80,157
643,28344989,107,137,117,153
626,28344957,103,148,88,158
632,28344710,112,181,69,152
643,28344682,112,144,83,160
642,28344596,104,150,116,159
650,28344570,121,165,94,180
652,28344379,97,128,102,137
623,28344362,106,172,95,140
629,28344242,97,149,130,131
622,28344201,99,117,101,158
629,28344168,97,133,109,153
629,28344166,121,133,129,140
652,28344027,110,154,109,180
628,28343955,113,139,73,151
632,28343879,96,161,89,132
624,28343863,95,147,108,128
629,28343861,98,144,80,157
646,28343815,95,132,90,185
644,28343700,108,147,110,171
636,28343652,99,111,107,180
638,28343644,116,144,98,166
647,28343416,109,155,80,148
644,28343397,98,179,73,180
646,28343330,107,161,122,137
631,28343040,102,132,80,155
633,28342976,112,164,128,130
626,28342935,103,124,102,151
641,28342855,95,133,108,163
621,28342707,101,129,92,130
640,28342642,97,132,67,166
636,28342613,97,161,100,141
628,28342597,94,171,112,124
633,28342595,105,175,76,156
644,28342566,122,160,92,167
641,28342548,118,160,79,160
640,28342386,95,127,110,173
650,28342243,118,103,111,147
629,28341839,108,131,83,156
636,28341802,125,146,109,167
637,28341792,106,122,85,175
635,28341774,112,138,78,165
630,28341745,102,153,90,157
629,28341673,103,153,63,158
645,28341663,98,171,136,158
625,28341441,101,140,97,138
633,28341394,97,135,99,140
648,28341300,104,178,103,154
645,28341282,98,168,80,162
633,28341232,103,109,91,129
632,28340925,99,137,94,145
641,28340908,102,120,129,159
639,28340719,94,129,128,166
619,28340571,98,123,111,129
640,28340536,112,166,110,169
641,28340526,108,142,77,168
648,28340489,101,161,115,175
634,28340479,111,171,104,156
642,28340432,112,145,105,172
649,28340397,119,158,128,150
641,28340360,96,169,60,171
650,28340298,117,108,112,137
625,28340246,110,129,85,163
614,28340192,105,131,96,128
637,28340128,104,136,100,151
639,28340104,97,162,129,136
635,28339829,108,139,77,145
630,28339798,111,158,109,132
630,28339724,98,132,101,158
638,28339677,96,124,99,173
636,28339659,95,126,98,157
645,28339642,114,132,139,152
628,28339609,116,145,117,157
637,28339605,105,143,62,161
644,28339249,96,144,130,158
652,28339223,97,181,112,182
646,28339166,95,168,89,164
625,28339014,94,163,118,136
651,28339010,107,177,70,178
637,28338933,120,135,80,182
624,28338854,102,117,112,157
631,28338820,107,133,129,152
619,28338802,99,136,102,151
654,28338680,119,172,128,171
634,28338532,124,171,110,126
626,28338516,99,145,128,124
648,28338468,125,132,108,182
642,28338411,109,127,94,182
621,28338355,95,176,114,126
640,28338296,105,149,117,177
648,28338160,98,148,75,188
626,28338131,98,123,99,162
639,28338083,115,153,73,169
635,28337992,108,132,115,142
648,28337983,113,173,128,153
626,28337902,94,174,66,128
636,28337713,102,134,99,155
628,28337588,95,138,107,156
617,28337554,102,165,87,111
643,28337507,120,132,130,161
648,28337473,109,129,109,137
623,28337359,114,126,111,122
638,28337266,103,162,123,139
630,28337250,113,153,130,116
646,28337219,117,145,119,154
629,28337035,107,135,82,170
618,28336981,96,138,91,128
623,28336976,117,128,76,139
620,28336957,113,136,74,156
652,28336894,94,167,80,185
638,28336818,113,142,96,188
611,28336609,105,139,98,140
638,28336589,96,171,71,143
636,28336519,112,117,85,178
632,28336398,95,146,123,150
652,28336207,108,131,110,132
626,28336185,100,124,99,165
620,28336127,97,108,97,139
635,28336046,107,135,112,154
649,28336045,97,150,89,185
640,28335968,104,157,83,166
650,28335953,113,162,108,154
608,28335887,84,176,111,167
627,28335786,100,174,82,133
635,28335739,101,145,79,139
641,28335722,96,132,85,176
632,28335644,97,127,74,168
634,28335577,98,139,119,151
642,28335323,111,165,74,148
640,28335253,101,136,84,178
636,28335132,97,176,107,156
644,28335085,95,146,112,179
623,28335031,113,143,82,132
620,28335012,99,122,73,157
624,28334937,98,149,87,130
630,28334919,100,131,104,163
638,28334872,116,117,90,173
643,28334872,102,149,68,175
624,28334861,109,132,99,135
616,28334845,112,141,120,124
621,28334842,95,126,82,156
639,28334780,107,133,114,159
653,28334779,118,152,97,181
652,28334569,94,108,82,182
638,28334567,97,127,74,152
631,28334520,106,163,78,140
639,28334473,97,168,76,135
637,28334403,103,115,89,183
632,28334376,104,126,112,156
640,28334329,98,121,114,173
638,28334311,94,128,127,159
613,28333943,96,164,85,108
641,28333852,113,144,86,166
648,28333819,106,167,111,174
624,28333746,112,142,68,157
628,28333671,104,165,96,133
634,28333632,100,112,113,162
636,28333624,101,151,103,149
642,28333606,95,137,86,178
647,28333606,122,165,71,175
635,28333552,97,164,60,146
633,28333529,106,121,78,172
615,28333398,110,131,106,139
643,28333207,99,177,78,153
641,28333137,101,130,87,183
644,28333063,115,134,107,185
645,28332937,110,163,52,189
624,28332915,110,138,99,132
633,28332914,97,170,85,133
641,28332908,107,157,70,141
636,28332803,118,168,83,157
622,28332801,107,147,123,132
628,28332783,104,132,112,165
644,28332756,98,148,76,166
622,28332727,99,142,91,156
637,28332483,104,103,133,129
653,28332454,124,109,99,175
639,28332452,110,136,82,150
636,28332433,109,142,73,163
632,28332405,97,163,103,141
638,28332366,100,133,110,145
640,28332358,95,167,87,138
619,28332206,117,155,107,113
638,28332059,96,169,84,158
625,28332012,109,137,134,134
652,28331985,131,101,105,170
635,28331964,101,133,69,162
633,28331954,113,146,101,156
648,28331872,103,147,128,165
614,28331828,100,186,103,108
628,28331649,114,141,90,141
620,28331633,107,139,115,129
625,28331631,112,136,81,149
636,28331602,115,122,95,144
633,28331584,99,124,81,169
648,28331490,113,170,84,168
640,28331470,94,143,108,179
634,28331414,98,127,90,176
657,28331188,103,110,94,159
632,28331115,105,114,85,183
644,28331092,107,154,93,152
634,28331050,104,152,131,158
634,28330799,97,152,96,138
642,28330793,107,171,84,148
622,28330781,114,124,102,153
622,28330779,109,117,121,137
637,28330699,107,133,135,143
637,28330688,104,175,87,151
645,28330641,130,146,98,177
652,28330606,117,174,133,156
644,28330569,99,164,62,178
640,28330336,96,135,99,158
637,28330318,101,130,76,164
651,28330318,115,102,114,168
638,28330222,109,144,116,148
635,28330114,104,162,66,162
643,28330067,116,148,73,184
624,28330060,98,179,82,123
639,28329943,95,155,96,145
636,28329849,98,132,81,172
638,28329784,107,158,129,153
646,28329737,110,151,128,163
626,28329589,104,148,127,127
632,28329572,112,136,110,168
626,28329515,108,131,105,157
626,28329513,108,119,124,134
634,28329468,107,122,92,171
655,28329432,106,176,108,179
633,28329396,102,131,61,175
649,28329375,108,171,100,177
632,28329265,124,151,84,170
621,28329211,100,148,99,122
633,28328999,100,116,103,176
640,28328964,120,128,135,160
614,28328839,106,144,91,137
626,28328836,105,129,66,140
647,28328801,116,151,74,183
643,28328677,115,171,93,158
643,28328505,95,145,110,171
650,28328471,94,190,132,173
630,28328323,102,162,114,132
638,28328276,95,144,112,149
644,28328259,119,131,109,174
638,28328202,102,142,95,176
617,28328050,97,127,110,140
636,28327999,107,179,80,167
644,28327952,109,145,85,172
625,28327945,106,150,104,127
638,28327893,113,147,75,160
637,28327733,106,139,91,166
646,28327716,110,131,128,180
624,28327379,107,128,124,153
633,28327149,121,156,103,169
634,28327057,99,173,115,141
640,28327019,94,128,136,145
642,28327010,100,182,108,148
621,28326859,102,146,128,107
632,28326717,95,168,107,132
648,28326686,102,162,78,185
616,28326480,102,180,111,110
621,28326477,99,168,84,135
630,28326302,95,142,112,141
638,28326255,104,124,111,151
636,28326066,94,134,107,164
630,28325995,113,172,82,130
627,28325976,116,151,73,150
644,28325930,108,139,81,174
637,28325883,118,170,101,165
659,28325840,110,130,107,175
645,28325836,106,159,89,180
639,28325778,107,146,97,157
646,28325744,106,167,112,158
618,28325628,104,154,86,137
645,28325531,105,174,74,157
636,28325451,97,165,109,131
624,28325434,96,111,113,150
639,28325340,101,171,117,156
647,28325293,112,144,115,164
641,28325081,102,115,88,176
624,28325051,103,128,85,158
642,28324989,124,137,109,156
625,28324957,110,150,97,155
619,28324822,101,142,77,132
631,28324710,97,166,68,156
642,28324682,112,145,84,153
639,28324663,114,147,74,161
641,28324596,103,144,109,152
611,28324582,94,183,124,128
649,28324570,99,164,96,178
651,28324379,105,110,96,135
622,28324362,106,164,90,136
628,28324168,103,138,111,158
636,28324121,111,124,110,174
651,28324027,94,171,108,177
633,28323890,115,129,74,151
631,28323879,111,144,102,135
623,28323863,95,144,110,128
628,28323861,100,147,77,150
645,28323815,101,134,90,186
618,28323703,98,169,98,116
637,28323644,97,146,105,170
646,28323416,104,166,75,155
643,28323397,102,168,74,171
645,28323330,102,179,114,138
630,28323040,98,135,85,151
632,28322976,111,158,131,128
625,28322935,118,136,87,158
640,28322929,113,157,130,141
640,28322855,96,129,110,164
645,28322820,95,129,102,132
620,28322707,104,142,89,134
639,28322642,104,133,73,168
635,28322613,108,171,101,139
627,28322597,106,155,124,127
632,28322595,97,182,84,158
643,28322566,117,144,103,159
640,28322548,104,148,80,164
642,28322495,110,166,59,166
639,28322386,100,132,107,185
626,28322032,95,129,128,151
625,28321950,107,137,85,132
628,28321839,107,140,78,154
635,28321802,122,153,109,168
636,28321792,104,121,80,165
634,28321774,95,124,80,166
629,28321745,116,144,106,158
644,28321663,112,161,131,159
624,28321441,97,141,93,137
632,28321394,100,142,95,142
647,28321300,104,168,105,151
644,28321282,103,158,85,159
635,28321049,103,128,72,172
625,28320990,102,118,103,154
631,28320925,94,135,89,154
638,28320719,117,126,130,165
639,28320536,110,155,113,165
640,28320526,106,132,83,167
647,28320489,105,145,109,182
633,28320479,106,166,104,158
641,28320432,99,145,101,161
641,28320430,117,148,121,145
648,28320397,113,169,140,154
624,28320246,99,140,84,166
613,28320192,98,133,99,129
636,28320128,102,140,99,146
638,28320104,96,171,135,130
634,28319829,113,143,84,144
629,28319798,96,150,107,130
629,28319724,107,139,100,152
637,28319677,99,123,97,176
635,28319659,95,124,91,156
644,28319642,115,140,135,163
627,28319609,115,149,116,155
630,28319258,96,125,123,143
644,28319256,99,150,97,188
643,28319249,98,146,130,149
651,28319223,95,166,116,171
645,28319166,110,162,106,167
627,28319150,106,134,74,169
624,28319014,100,167,111,138
650,28319010,104,176,71,203
636,28318933,96,130,84,177
630,28318820,106,133,129,155
633,28318532,118,177,124,134
647,28318468,116,140,109,179
641,28318411,110,142,99,172
620,28318355,98,161,117,123
639,28318296,105,145,116,168
647,28318160,99,144,84,195
625,28318131,103,140,100,168
638,28318083,94,147,72,167
634,28317992,95,130,112,144
647,28317983,114,157,128,147
633,28317855,102,152,71,141
635,28317713,102,128,100,142
627,28317588,120,118,110,155
642,28317507,97,137,131,163
647,28317473,116,128,109,132
622,28317359,95,130,123,131
637,28317324,95,173,52,175
630,28317312,95,122,109,146
629,28317250,104,172,131,123
645,28317219,99,144,108,160
628,28317035,105,135,85,169
617,28316981,104,129,103,128
622,28316976,105,128,80,141
651,28316894,117,171,84,192
637,28316818,97,139,96,186
637,28316589,95,181,68,149
631,28316398,97,149,124,154
625,28316185,103,116,91,170
626,28316093,105,129,110,139
634,28316046,101,141,107,152
648,28316045,106,144,91,188
639,28315968,119,145,75,176
649,28315953,97,174,109,152
626,28315786,105,173,83,131
640,28315722,95,129,80,191
648,28315665,99,99,94,160
627,28315642,101,121,109,150
633,28315577,97,136,115,140
639,28315253,99,131,81,175
628,28315165,97,154,101,157
635,28315132,102,160,113,155
643,28315085,100,144,118,175
623,28314937,101,153,96,133
629,28314919,108,142,96,170
634,28314919,119,167,73,153
637,28314872,106,124,97,180
642,28314872,97,150,74,171
615,28314845,105,131,108,129
620,28314842,99,129,83,157
638,28314780,98,142,111,144
652,28314779,113,173,94,175
638,28314473,99,162,85,145
652,28314399,95,103,94,163
631,28314376,100,132,114,156
639,28314329,115,114,107,169
637,28314311,96,120,109,153
640,28313852,117,145,89,182
647,28313819,98,164,108,170
623,28313746,113,139,74,156
627,28313671,106,156,101,130
635,28313624,113,150,96,139
646,28313606,120,166,73,176
641,28313606,123,141,87,184
632,28313529,95,136,82,169
614,28313398,98,134,105,130
642,28313207,112,159,81,153
634,28313155,98,144,99,147
640,28313137,122,134,103,187
643,28313063,98,126,117,170
641,28312949,115,153,128,166
632,28312914,104,158,79,137
640,28312908,100,174,70,151
627,28312783,119,125,107,169
643,28312756,99,150,85,169
635,28312736,102,111,107,183
621,28312727,112,132,104,153
652,28312454,104,108,99,174
638,28312452,96,127,82,153
635,28312433,106,138,65,166
631,28312405,94,168,98,138
637,28312366,97,136,113,154
639,28312358,101,159,95,148
618,28312206,103,153,117,115
622,28312176,99,176,73,126
629,28312065,98,149,97,139
637,28312059,97,148,79,147
634,28311964,94,132,72,183
632,28311954,122,144,92,158
624,28311882,96,154,78,151
647,28311872,125,147,130,157
639,28311835,105,158,62,182
627,28311649,111,135,105,139
619,28311633,96,143,112,124
624,28311631,98,138,81,154
638,28311631,94,99,126,153
635,28311602,115,116,96,162
647,28311490,102,156,84,173
639,28311470,104,138,115,181
633,28311414,101,119,98,170
656,28311188,114,128,99,177
631,28311115,98,116,83,170
643,28311092,101,173,101,161
633,28311050,108,163,128,145
633,28310799,99,168,95,136
641,28310793,102,168,81,167
621,28310781,102,118,101,152
621,28310779,120,136,108,133
636,28310688,118,179,98,158
644,28310641,94,155,96,174
651,28310606,113,164,133,149
643,28310569,94,181,62,160
639,28310336,110,135,89,151
636,28310318,99,135,79,163
635,28310230,108,129,130,140
634,28310114,96,172,71,168
623,28310060,95,169,80,129
638,28309943,101,152,94,150
635,28309849,95,138,83,176
637,28309784,101,162,133,156
625,28309766,98,162,104,152
645,28309737,106,164,136,165
625,28309589,98,152,113,131
631,28309572,99,139,108,170
625,28309515,102,133,106,152
625,28309513,106,136,120,137
633,28309468,103,122,95,167
654,28309432,117,166,107,192
648,28309375,99,169,96,172
631,28309265,114,145,84,169
620,28309211,98,150,100,129
640,28309048,110,148,103,177
632,28308999,112,117,104,171
639,28308964,98,132,128,153
646,28308801,111,175,71,182
642,28308677,103,157,91,151
642,28308505,106,145,112,179
649,28308471,97,165,130,172
629,28308323,98,168,116,132
637,28308276,106,158,116,145
643,28308259,109,133,107,180
637,28308202,104,141,104,167
616,28308050,105,134,119,133
642,28308046,97,141,70,192
635,28307999,110,154,83,169
643,28307952,117,166,78,178
624,28307945,110,159,94,122
637,28307893,106,146,85,158
645,28307761,98,108,79,139
636,28307733,105,132,102,178
645,28307716,116,136,128,179
623,28307379,112,128,110,151
631,28307332,98,107,110,170
632,28307149,115,145,99,169
654,28307106,114,103,116,173
633,28307057,106,171,116,138
639,28307019,101,142,130,145
641,28307010,97,176,114,144
640,28306797,100,146,71,158
647,28306686,100,169,79,179
649,28306495,108,128,77,150
615,28306480,98,178,115,109
629,28306302,118,132,121,128
621,28306286,106,130,129,123
635,28306066,100,135,118,163
629,28305995,106,166,83,126
643,28305930,120,134,76,178
636,28305883,108,172,93,164
644,28305836,105,147,96,177
638,28305778,95,149,103,155
635,28305759,97,146,85,168
645,28305744,97,177,109,145
617,28305628,103,146,100,139
644,28305531,95,183,74,159
635,28305451,97,153,110,136
623,28305434,95,137,111,143
638,28305340,119,158,112,148
646,28305293,113,153,111,164
626,28305145,114,146,104,134
640,28305081,112,115,90,184
641,28304989,96,132,114,156
624,28304957,98,145,102,158
633,28304729,99,174,82,128
630,28304710,99,163,71,156
641,28304682,95,144,85,158
638,28304663,95,148,73,179
627,28304605,104,135,102,147
640,28304596,110,153,119,153
648,28304570,114,170,98,180
650,28304379,102,110,105,138
621,28304362,111,165,105,140
627,28304242,105,145,137,127
620,28304201,95,115,106,155
627,28304168,121,132,115,154
635,28304121,95,124,112,180
650,28304027,103,169,116,171
626,28303955,112,132,72,155
630,28303879,107,164,97,129
622,28303863,96,146,107,127
627,28303861,96,147,78,158
644,28303815,116,142,97,204
634,28303652,98,115,117,180
636,28303644,102,146,106,164
645,28303416,96,175,81,161
642,28303397,95,181,73,165
631,28303339,94,143,93,157
644,28303330,99,169,121,146
654,28303113,102,131,92,139
631,28302976,112,163,129,127
624,28302935,101,132,96,155
639,28302929,99,145,128,141
639,28302855,98,139,125,168
619,28302707,104,142,87,129
638,28302642,119,142,71,168
634,28302613,107,166,100,132
626,28302597,98,170,107,126
631,28302595,97,172,84,158
642,28302566,96,149,102,159
639,28302548,98,147,85,180
641,28302495,106,159,60,150
638,28302386,113,134,110,178
634,28302243,99,125,83,164
627,28301839,95,133,83,158
634,28301802,109,147,107,167
635,28301792,110,123,85,173
633,28301774,99,137,77,164
628,28301745,100,152,99,158
627,28301673,98,186,61,157
643,28301663,108,148,129,154
623,28301441,97,137,106,126
631,28301394,98,129,90,137
633,28301370,96,161,133,135
646,28301300,99,164,98,147
643,28301282,97,168,80,164
651,28301069,94,102,86,185
634,28301049,94,130,68,180
624,28300990,111,119,86,157
630,28300925,114,132,104,149
637,28300719,108,128,128,167
617,28300571,109,136,118,124
638,28300536,101,170,112,166
639,28300526,94,132,78,164
646,28300489,100,145,113,172
632,28300479,97,153,100,157
640,28300432,111,150,106,163
647,28300397,103,161,131,154
619,28300280,111,151,108,137
635,28300128,108,135,98,156
633,28299829,100,139,84,151
628,28299724,106,137,96,152
636,28299677,94,123,106,193
634,28299659,108,133,105,147
643,28299642,109,128,128,169
626,28299609,116,150,111,158
642,28299249,97,144,136,156
650,28299223,101,162,107,174
644,28299166,100,177,90,165
629,28299096,105,98,107,129
623,28299014,111,153,113,140
635,28298933,107,131,83,188
629,28298820,101,131,128,155
632,28298532,108,169,116,132
640,28298411,109,141,97,180
638,28298296,110,144,115,171
646,28298160,106,149,75,194
624,28298131,102,118,86,155
646,28297983,107,170,130,143
624,28297902,102,181,68,133
634,28297713,104,138,88,148
626,28297588,98,133,115,158
615,28297554,107,156,101,115
641,28297507,102,126,128,174
621,28297359,95,134,117,133
636,28297266,99,171,109,136
628,28297250,102,160,128,123
644,28297219,124,145,121,155
640,28297038,96,126,128,178
616,28296981,98,141,101,128
650,28296894,122,172,82,187
636,28296818,119,132,91,193
630,28296398,119,159,109,157
629,28296185,94,158,73,153
633,28296046,113,129,113,140
647,28296045,107,149,99,175
638,28295968,100,144,84,171
648,28295953,102,175,109,162
633,28295885,99,103,123,120
638,28295882,103,108,79,155
625,28295786,100,166,84,125
633,28295739,100,155,81,145
639,28295722,114,131,84,178
647,28295665,96,101,104,177
630,28295644,102,125,74,161
626,28295642,104,120,122,152
632,28295577,99,130,114,158
638,28295253,99,123,83,185
634,28295132,104,160,108,157
642,28295085,95,172,117,158
621,28295031,100,137,85,118
622,28294937,95,147,86,127
628,28294919,116,143,93,167
633,28294919,100,167,71,156
641,28294872,98,152,72,175
622,28294861,115,123,104,129
619,28294842,104,123,83,148
637,28294780,94,141,108,151
651,28294779,105,170,91,180
637,28294619,113,127,118,123
636,28294567,105,132,67,147
637,28294473,97,167,77,151
651,28294399,119,103,96,167
630,28294376,113,143,111,149
638,28294329,106,116,115,171
636,28294311,103,136,117,154
639,28293852,113,152,100,174
646,28293819,102,164,115,168
622,28293746,98,140,72,145
626,28293671,107,175,98,133
634,28293624,98,150,96,159
645,28293606,99,170,71,170
640,28293606,109,138,91,177
641,28293207,97,163,79,152
634,28293185,104,174,142,129
639,28293137,104,137,93,183
642,28293063,102,126,116,177
640,28292949,113,147,130,192
622,28292915,97,128,95,133
639,28292908,111,166,74,153
634,28292803,124,148,85,151
626,28292783,126,121,109,169
642,28292756,119,149,82,179
620,28292727,96,138,97,158
651,28292454,106,109,100,162
637,28292452,98,136,77,160
630,28292405,96,152,105,141
636,28292366,96,140,116,146
638,28292358,101,171,93,142
617,28292206,95,187,127,114
628,28292065,98,149,90,141
636,28292059,106,146,82,154
623,28292012,112,137,128,124
633,28291964,109,120,72,167
631,28291954,99,145,91,156
646,28291872,127,145,129,148
612,28291828,97,168,86,107
626,28291649,123,136,101,140
618,28291633,102,139,109,124
623,28291631,103,137,78,155
634,28291602,113,116,106,156
646,28291490,99,169,79,168
638,28291470,98,124,111,174
632,28291414,98,122,92,174
629,28291380,109,145,72,167
642,28291092,113,156,103,147
632,28291050,103,157,128,157
632,28290799,94,167,104,131
640,28290793,104,161,81,141
620,28290781,105,123,101,158
654,28290719,115,103,99,191
635,28290699,110,137,133,139
635,28290688,113,179,99,156
643,28290641,105,147,100,176
650,28290606,99,170,130,162
642,28290569,106,163,62,171
638,28290336,99,132,98,149
635,28290318,107,135,84,171
649,28290318,101,100,117,162
634,28290230,104,134,129,144
633,28290114,114,161,71,161
641,28290067,109,148,74,193
622,28290060,103,156,85,126
637,28289943,107,144,99,146
634,28289849,109,120,81,168
636,28289784,101,189,131,156
624,28289766,99,161,105,150
624,28289589,110,155,109,127
630,28289572,109,137,111,167
624,28289515,105,130,98,155
624,28289513,96,128,113,140
632,28289468,99,120,105,163
639,28289433,96,141,128,145
653,28289432,94,170,107,172
647,28289375,108,156,95,184
619,28289211,97,152,86,126
631,28288999,98,117,100,184
638,28288964,120,130,128,146
645,28288801,98,180,68,176
635,28288798,107,151,57,176
641,28288677,103,181,106,154
641,28288505,97,153,109,187
648,28288471,108,160,128,174
627,28288339,109,125,96,155
628,28288323,107,152,110,134
636,28288276,104,148,109,141
642,28288259,102,126,109,180
636,28288202,101,131,96,165
627,28288110,112,167,69,131
615,28288050,108,132,113,140
641,28288046,120,138,68,183
634,28287999,103,162,80,167
642,28287952,96,151,82,186
623,28287945,99,170,89,123
634,28287808,98,161,46,176
635,28287807,101,149,113,148
635,28287733,103,122,104,176
624,28287568,99,142,112,133
639,28287532,95,158,57,166
622,28287379,112,129,107,142
631,28287149,109,147,92,170
653,28287106,118,108,114,161
625,28287091,123,144,94,141
622,28287072,97,149,84,158
632,28287057,108,169,121,135
638,28287019,97,141,135,135
640,28287010,96,169,114,147
639,28286797,111,151,64,156
646,28286686,96,173,83,186
614,28286480,96,159,115,105
619,28286477,107,158,82,140
628,28286302,98,135,110,132
636,28286255,100,120,117,160
634,28286066,97,128,109,181
628,28285995,98,177,84,121
625,28285976,99,144,73,156
642,28285930,117,132,78,187
635,28285883,99,185,97,167
643,28285836,105,146,98,177
637,28285778,106,150,106,159
642,28285765,99,158,63,180
634,28285759,97,146,84,162
644,28285744,101,173,110,155
616,28285628,108,145,103,140
643,28285531,111,163,71,168
634,28285451,96,156,115,138
622,28285434,96,139,114,148
637,28285340,100,171,107,156
645,28285293,107,160,114,168
625,28285145,102,146,97,125
631,28285128,95,142,105,169
622,28285127,96,144,82,150
639,28285081,101,119,90,189
622,28285051,109,124,79,158
640,28284989,103,129,115,156
623,28284957,103,149,105,146
629,28284710,100,179,73,155
640,28284682,101,149,78,157
637,28284663,108,166,71,175
618,28284652,97,129,90,141
626,28284605,95,129,101,142
639,28284596,103,147,114,143
647,28284570,108,175,101,192
649,28284379,107,109,87,154
620,28284362,95,173,103,139
619,28284201,106,107,99,153
626,28284168,101,142,109,158
626,28284166,100,124,129,140
634,28284121,97,111,120,164
649,28284027,105,170,117,163
631,28283890,101,129,73,160
629,28283879,101,153,93,132
621,28283863,102,150,109,122
626,28283861,107,151,80,157
643,28283815,104,128,94,198
616,28283703,99,148,88,115
633,28283652,96,116,117,165
635,28283644,98,148,106,161
629,28283509,100,131,83,155
644,28283416,115,171,78,155
641,28283397,98,162,74,166
643,28283330,110,149,113,143
630,28282976,95,180,133,129
623,28282935,99,122,103,158
638,28282855,102,127,109,172
643,28282820,96,130,98,134
618,28282707,116,140,87,134
637,28282642,106,143,69,179
633,28282613,111,173,101,140
625,28282597,107,187,107,126
630,28282595,97,176,84,155
641,28282566,96,146,105,157
638,28282548,100,145,85,174
640,28282495,113,185,62,151
637,28282386,116,123,110,163
624,28282032,102,132,128,157
626,28281839,99,142,77,156
633,28281802,122,153,108,170
634,28281792,107,118,84,174
632,28281774,102,135,82,151
627,28281745,111,160,88,158
634,28281710,108,169,131,138
626,28281673,97,175,58,158
642,28281663,100,160,132,151
630,28281394,108,143,100,166
645,28281300,113,163,102,149
642,28281282,99,163,84,165
629,28280925,108,134,94,139
636,28280719,95,139,131,160
637,28280536,105,175,107,162
638,28280526,106,137,83,175
645,28280489,96,144,109,188
631,28280479,110,178,97,154
639,28280432,96,144,95,170
646,28280397,98,157,131,159
638,28280360,103,168,61,171
634,28280128,108,137,105,145
636,28280104,100,169,136,136
647,28279946,104,149,129,166
632,28279829,96,128,84,155
627,28279724,112,132,104,156
635,28279677,123,122,104,167
633,28279659,99,121,106,165
642,28279642,94,141,130,151
625,28279609,102,147,110,155
641,28279249,110,151,132,158
649,28279223,113,162,125,177
643,28279166,103,166,94,166
622,28279014,96,155,122,139
648,28279010,122,180,73,190
629,28278979,118,118,89,163
628,28278820,95,139,129,157
631,28278532,110,191,108,134
645,28278468,96,142,107,174
639,28278411,120,143,89,169
618,28278355,95,177,111,117
637,28278296,94,145,113,159
645,28278160,96,146,76,184
623,28278131,98,120,95,168
632,28277992,100,127,112,147
645,28277983,102,165,133,150
637,28277837,114,131,72,197
645,28277780,107,101,82,172
633,28277713,112,140,87,150
625,28277588,102,124,108,155
614,28277554,95,156,93,116
640,28277507,97,138,131,169
620,28277359,95,127,112,130
635,28277324,103,187,57,169
635,28277266,103,183,119,139
627,28277250,97,172,129,117
643,28277219,105,148,108,160
626,28277035,102,143,82,167
634,28276988,101,123,81,181
615,28276981,96,132,106,125
620,28276976,96,131,83,138
649,28276894,111,158,77,186
629,28276835,100,144,95,147
635,28276818,95,121,94,184
648,28276684,102,106,73,166
629,28276398,99,145,110,158
623,28276185,108,124,96,162
624,28276093,115,128,107,136
638,28276092,120,160,97,163
646,28276045,105,150,87,180
637,28275968,118,145,76,174
647,28275953,104,165,111,170
624,28275786,112,160,83,128
638,28275722,113,137,83,179
646,28275665,100,102,105,165
625,28275642,105,121,116,145
631,28275577,120,134,107,159
626,28275165,100,145,90,156
633,28275132,106,153,107,155
641,28275085,115,155,109,168
621,28274937,106,145,103,131
627,28274919,97,132,92,154
640,28274872,114,156,72,178
621,28274861,94,134,91,139
618,28274842,104,123,80,143
636,28274780,113,126,107,160
650,28274779,104,171,92,179
649,28274569,94,107,78,182
628,28274520,100,173,83,129
636,28274473,99,177,83,151
650,28274399,99,103,106,172
629,28274376,111,143,110,152
637,28274329,98,120,112,180
635,28274311,98,130,114,169
638,28273852,104,145,91,172
645,28273819,102,173,112,181
625,28273671,97,173,96,118
633,28273624,104,144,94,152
644,28273606,104,162,66,169
639,28273606,111,131,101,173
632,28273552,100,177,60,153
640,28273207,99,164,82,159
638,28273137,104,135,95,183
641,28273063,105,140,107,167
621,28272915,115,135,105,128
638,28272908,103,159,72,146
633,28272803,110,165,79,155
625,28272783,96,119,116,167
641,28272756,108,146,75,191
619,28272727,95,125,97,146
650,28272454,96,109,95,180
636,28272452,97,141,77,152
633,28272433,100,141,68,175
629,28272405,105,160,103,141
635,28272366,112,140,119,151
637,28272358,95,184,101,141
616,28272206,108,171,117,115
649,28271985,126,98,104,182
632,28271964,101,127,73,171
630,28271954,105,154,95,156
645,28271872,110,147,141,147
611,28271828,97,161,101,110
625,28271649,94,132,86,136
617,28271633,104,138,112,129
622,28271631,95,127,78,157
633,28271602,99,117,95,152
645,28271490,102,163,83,180
637,28271470,94,129,107,177
631,28271414,111,132,88,164
654,28271188,106,129,106,165
641,28271092,98,168,97,147
631,28270799,97,173,91,132
639,28270793,103,170,80,143
619,28270781,113,124,103,152
634,28270699,101,131,136,146
648,28270698,102,148,109,180
634,28270688,107,188,94,156
642,28270641,103,144,98,173
649,28270606,115,158,133,147
641,28270569,121,158,62,176
637,28270336,103,129,105,151
634,28270318,101,141,84,171
648,28270318,94,98,127,171
632,28270114,113,162,71,170
640,28270067,97,145,71,179
621,28270060,95,177,80,129
636,28269943,117,157,95,144
633,28269849,115,125,78,167
628,28269818,101,144,110,153
635,28269784,99,164,130,152
623,28269766,113,179,95,152
643,28269737,106,149,129,170
623,28269589,97,146,119,133
623,28269515,100,130,106,156
623,28269513,101,139,114,136
631,28269468,97,119,93,165
652,28269432,111,165,107,203
646,28269375,99,161,102,171
629,28269265,110,155,85,168
652,28269052,104,103,113,169
638,28269048,99,155,105,176
630,28268999,95,106,98,174
637,28268964,94,126,128,162
644,28268801,97,175,71,190
640,28268677,101,168,97,140
640,28268505,104,147,111,177
647,28268471,101,165,134,167
627,28268323,116,157,116,130
635,28268276,105,144,116,141
641,28268259,100,128,107,177
635,28268202,111,143,90,169
640,28268046,117,139,74,199
612,28268034,100,122,80,132
633,28267999,101,182,81,169
641,28267952,112,148,85,185
622,28267945,94,174,86,117
635,28267808,108,129,85,132
634,28267733,105,135,95,175
623,28267568,108,142,113,129
621,28267379,107,122,114,157
630,28267149,113,150,106,169
624,28267091,100,145,97,139
631,28267057,101,181,115,140
639,28267010,96,167,108,148
645,28266686,96,157,85,174
632,28266606,118,146,109,157
621,28266495,110,172,105,123
618,28266477,97,176,81,139
627,28266302,101,133,113,133
635,28266255,101,122,110,162
633,28266066,98,125,112,165
624,28265976,101,145,73,155
641,28265930,97,136,82,178
634,28265883,101,167,87,166
656,28265840,103,129,122,159
642,28265836,118,148,99,174
643,28265744,101,157,107,158
615,28265628,114,150,97,140
642,28265531,97,170,66,163
633,28265451,95,170,112,145
621,28265432,103,129,128,132
636,28265340,114,173,114,158
644,28265293,95,164,108,172
621,28265051,96,131,83,147
639,28264989,124,136,117,153
622,28264957,99,145,101,157
652,28264778,102,109,79,170
631,28264729,116,170,84,141
628,28264710,103,162,67,152
639,28264682,115,156,81,158
636,28264663,111,152,72,163
638,28264596,95,146,112,155
646,28264570,104,168,99,180
648,28264379,113,110,103,149
619,28264362,100,185,96,138
625,28264242,106,147,129,131
625,28264168,102,138,111,149
648,28264027,100,170,118,172
628,28263879,117,170,86,132
620,28263863,95,146,116,116
625,28263861,94,160,84,143
642,28263815,94,143,103,186
632,28263652,105,106,116,169
643,28263416,113,164,80,153
640,28263397,108,172,73,167
629,28263339,107,134,101,161
642,28263330,95,164,126,145
629,28262976,113,155,134,132
622,28262935,110,127,95,148
637,28262855,107,130,110,162
636,28262642,102,131,73,168
632,28262613,107,173,96,141
624,28262597,99,166,115,129
629,28262595,102,173,83,157
640,28262566,103,151,103,156
637,28262548,102,146,85,184
639,28262495,112,165,63,162
636,28262386,117,118,107,164
646,28262243,101,103,124,138
625,28262221,99,132,135,133
623,28262032,95,132,128,148
625,28261839,94,134,83,155
632,28261802,103,161,114,169
631,28261774,97,134,77,158
626,28261745,96,146,94,155
641,28261663,99,163,132,151
629,28261394,103,132,99,140
644,28261300,96,163,92,161
641,28261282,100,178,80,167
629,28261232,97,109,105,123
622,28260990,101,119,92,158
635,28260719,108,136,129,164
636,28260536,122,179,109,167
637,28260526,98,139,81,170
644,28260489,99,159,110,182
630,28260479,108,163,101,156
638,28260432,98,148,87,172
638,28260430,97,154,117,149
645,28260397,111,165,132,150
631,28259829,116,143,79,143
626,28259798,126,147,112,133
626,28259724,113,126,94,146
634,28259677,115,122,94,172
632,28259659,100,138,104,145
641,28259642,106,142,131,150
627,28259258,95,123,119,150
640,28259249,123,148,131,157
648,28259223,99,171,107,176
642,28259166,96,164,103,166
650,28259032,117,129,111,136
621,28259014,101,165,125,132
633,28258933,103,132,80,196
627,28258820,104,140,133,147
635,28258773,97,119,128,165
622,28258553,85,129,99,163
630,28258532,95,144,110,141
638,28258411,102,136,95,162
636,28258296,108,145,112,186
636,28258207,115,171,85,170
644,28258160,116,146,83,183
622,28258131,95,136,104,170
644,28257983,95,172,129,145
622,28257902,100,162,69,128
632,28257713,94,139,95,155
624,28257588,110,138,120,147
613,28257554,107,173,89,112
639,28257507,94,127,134,162
644,28257473,97,110,108,135
619,28257359,101,138,120,128
634,28257324,98,168,55,164
634,28257266,100,177,119,141
626,28257250,94,164,129,121
642,28257219,97,155,115,144
625,28257035,104,127,82,170
614,28256981,96,130,97,124
648,28256894,104,169,75,190
634,28256818,98,127,101,182
607,28256609,103,129,102,139
628,28256398,98,149,112,153
622,28256185,110,124,93,168
637,28256092,106,182,99,164
645,28256045,102,147,102,183
644,28255973,105,171,61,177
646,28255953,105,173,123,150
623,28255786,101,161,85,132
637,28255722,99,129,83,184
645,28255665,100,98,91,160
624,28255642,113,123,108,157
630,28255577,101,131,107,153
636,28255253,100,134,82,186
632,28255132,94,150,116,155
640,28255085,117,160,108,180
620,28254937,98,164,96,133
626,28254919,95,139,98,169
631,28254919,104,174,73,154
639,28254872,117,146,71,164
620,28254861,96,124,88,139
617,28254842,96,124,82,149
649,28254779,103,178,89,180
635,28254473,97,169,83,148
628,28254376,110,135,115,158
636,28254329,94,115,114,164
634,28254311,95,125,119,166
628,28254069,106,144,84,157
637,28253852,94,149,100,171
644,28253819,104,155,113,160
637,28253767,98,107,100,154
624,28253671,105,157,102,130
632,28253624,108,145,91,152
643,28253606,107,161,74,180
638,28253606,95,142,101,182
629,28253529,109,141,78,170
639,28253207,106,151,84,151
637,28253137,95,134,95,183
640,28253063,106,139,116,168
619,28253008,95,160,128,126
637,28252908,96,185,68,167
632,28252803,120,168,84,156
640,28252756,106,146,85,173
618,28252727,99,134,100,155
633,28252644,104,134,128,154
649,28252454,97,108,88,173
635,28252452,103,136,81,156
632,28252433,105,137,67,163
628,28252405,98,163,99,141
634,28252366,113,139,110,155
636,28252358,111,164,98,147
615,28252206,96,171,111,112
626,28252065,102,156,104,135
634,28252059,97,151,82,142
629,28251954,127,150,88,148
644,28251872,122,158,129,148
610,28251828,103,186,102,108
624,28251649,107,143,95,136
616,28251633,98,141,110,121
621,28251631,102,138,79,152
644,28251490,106,171,84,163
636,28251470,94,143,108,179
630,28251414,102,130,88,172
627,28251380,107,144,74,162
640,28251092,110,171,90,151
630,28251050,95,144,128,154
630,28250799,94,161,93,138
638,28250793,96,180,85,156
633,28250699,107,140,128,140
647,28250698,105,168,110,185
633,28250688,120,153,104,154
641,28250641,115,154,101,177
648,28250606,118,159,129,144
640,28250569,99,164,59,174
636,28250336,106,135,101,149
633,28250318,103,140,85,167
631,28250114,98,173,71,169
639,28250067,107,148,73,179
635,28249943,112,146,87,153
632,28249849,115,126,85,170
634,28249784,101,179,132,154
622,28249766,99,155,89,152
642,28249737,97,148,128,168
622,28249589,108,145,118,129
628,28249572,113,129,107,169
622,28249515,97,141,102,153
630,28249468,103,120,96,166
651,28249432,100,167,111,182
645,28249375,110,159,103,177
637,28249271,116,125,137,129
628,28249265,97,150,83,159
624,28249222,103,178,114,138
637,28249048,96,146,91,190
636,28248964,98,125,134,160
643,28248801,102,159,74,172
639,28248677,109,164,100,147
639,28248505,119,146,113,187
646,28248471,104,174,130,178
625,28248339,107,123,87,167
626,28248323,98,166,115,134
634,28248276,113,147,124,139
640,28248259,114,141,107,173
634,28248202,99,141,104,165
632,28247999,112,156,84,167
640,28247952,114,152,80,173
621,28247945,95,167,94,122
639,28247790,111,121,111,186
633,28247733,106,130,98,182
642,28247716,108,138,128,175
622,28247568,94,121,109,136
620,28247379,115,131,118,151
629,28247149,108,151,105,167
651,28247106,106,107,121,168
630,28247057,106,162,108,133
636,28247019,96,135,135,155
638,28247010,100,167,112,161
637,28246797,96,147,67,162
644,28246686,104,161,77,182
646,28246495,112,130,80,148
617,28246477,95,160,83,138
634,28246255,95,121,113,160
632,28246066,95,132,110,172
626,28245995,113,157,77,132
623,28245976,100,146,74,154
640,28245930,119,142,77,180
633,28245883,95,182,96,169
641,28245836,108,154,93,186
635,28245778,99,145,90,160
642,28245744,115,169,113,149
614,28245628,101,144,106,138
641,28245531,94,185,73,151
632,28245451,96,170,118,131
635,28245340,110,161,113,154
643,28245293,104,145,116,177
623,28245145,115,144,103,131
637,28245081,101,119,106,178
620,28245051,96,136,83,158
638,28244989,104,129,107,164
621,28244957,103,155,97,145
615,28244822,103,142,85,134
630,28244729,118,163,83,139
627,28244710,98,164,73,156
638,28244682,94,151,82,158
637,28244596,106,144,110,152
645,28244570,99,173,105,180
618,28244362,99,171,94,139
624,28244242,110,160,129,130
617,28244201,111,112,99,147
624,28244168,113,143,113,156
632,28244121,97,119,113,171
647,28244027,113,161,117,171
627,28243879,115,177,96,124
624,28243861,104,150,80,153
641,28243815,106,136,87,188
631,28243652,107,110,110,163
642,28243416,101,156,80,162
639,28243397,113,162,68,160
641,28243330,97,177,121,141
628,28242976,99,151,130,128
621,28242935,94,138,97,148
636,28242855,95,136,116,185
635,28242642,95,143,73,163
631,28242613,128,151,97,132
623,28242597,110,168,110,129
628,28242595,120,163,77,157
639,28242566,109,149,96,162
636,28242548,100,157,85,166
638,28242495,101,172,63,153
635,28242386,100,137,109,175
622,28242032,100,121,131,153
624,28241839,114,131,83,156
631,28241802,110,152,108,166
632,28241792,96,124,81,168
625,28241745,105,144,97,153
640,28241663,97,165,137,146
620,28241441,95,140,88,139
656,28241396,107,126,89,159
643,28241300,103,153,105,158
640,28241282,96,176,85,172
621,28240990,113,118,100,158
627,28240925,102,136,103,138
635,28240536,107,172,110,169
636,28240526,97,133,82,176
643,28240489,102,149,108,185
629,28240479,102,162,94,152
637,28240432,95,149,89,177
644,28240397,110,161,135,157
636,28240360,104,157,62,168
620,28240246,96,131,85,164
632,28240128,108,125,105,153
630,28239829,102,133,85,158
625,28239798,115,172,112,132
625,28239724,107,133,87,157
633,28239677,105,121,93,172
631,28239659,98,129,91,158
640,28239642,106,138,137,164
618,28239305,107,130,111,137
639,28239249,98,155,129,149
647,28239223,97,155,119,171
641,28239166,98,176,102,170
620,28239014,113,157,112,140
646,28239010,105,146,71,179
619,28238854,96,112,110,156
626,28238820,96,142,128,155
649,28238680,114,175,129,170
629,28238532,96,148,117,140
637,28238411,99,138,94,183
635,28238296,105,151,111,165
643,28238160,115,146,85,185
621,28238131,100,140,93,169
630,28237992,94,130,108,147
643,28237983,104,187,128,151
621,28237902,98,175,66,130
631,28237713,109,140,89,148
623,28237664,97,152,126,146
623,28237588,119,133,118,156
634,28237368,98,130,72,180
618,28237359,112,143,109,134
633,28237266,105,191,120,141
625,28237250,94,181,129,120
641,28237219,116,144,122,158
618,28237052,113,144,82,131
624,28237035,109,125,82,166
632,28236978,97,102,97,157
647,28236894,106,164,84,187
633,28236818,110,137,89,181
620,28236685,114,151,77,140
627,28236398,100,146,119,158
630,28236046,98,136,117,148
644,28236045,102,144,86,192
643,28235973,95,166,63,184
635,28235968,106,148,81,174
645,28235953,102,168,115,144
635,28235882,98,106,84,157
622,28235786,106,164,82,131
636,28235722,95,130,80,182
644,28235665,116,102,99,173
629,28235577,107,131,107,150
635,28235253,95,122,79,183
631,28235132,105,169,108,153
639,28235085,100,153,112,167
619,28234937,97,152,99,134
625,28234919,97,132,101,170
630,28234919,111,161,66,157
638,28234872,108,145,73,175
619,28234861,98,142,98,134
611,28234845,103,118,113,123
648,28234779,103,164,98,193
634,28234619,114,110,112,129
626,28234520,108,166,78,139
634,28234473,94,177,75,143
627,28234376,106,137,108,154
635,28234329,100,121,108,177
633,28234311,94,126,123,172
636,28233852,105,152,94,173
643,28233819,101,163,110,176
619,28233746,102,128,66,158
623,28233671,107,169,101,133
631,28233624,94,156,99,135
642,28233606,102,185,72,180
637,28233606,99,140,94,176
628,28233529,97,139,85,170
610,28233398,107,139,92,140
638,28233207,98,152,83,154
630,28233155,96,147,91,147
636,28233137,96,141,95,191
639,28233063,94,142,113,172
619,28232915,97,140,87,133
636,28232908,94,162,70,148
631,28232803,99,166,85,157
617,28232801,98,146,118,134
639,28232756,109,151,85,178
617,28232727,105,129,96,155
640,28232501,107,129,102,150
634,28232452,104,135,82,144
627,28232405,98,164,103,140
633,28232366,101,141,113,144
635,28232358,96,170,106,144
630,28231964,102,127,71,188
628,28231954,119,151,97,154
643,28231872,96,165,129,149
623,28231649,103,131,101,130
615,28231633,99,132,115,124
620,28231631,94,141,81,154
631,28231602,99,121,104,144
643,28231490,102,175,84,182
629,28231414,94,126,93,179
626,28231380,110,148,74,165
652,28231188,113,110,102,166
639,28231092,98,172,91,157
629,28231050,112,155,132,146
629,28230799,100,158,105,147
637,28230793,106,151,82,149
632,28230699,94,142,131,137
632,28230688,109,147,106,156
640,28230641,97,146,95,174
647,28230606,110,170,129,163
639,28230569,103,170,61,168
635,28230336,111,134,91,165
646,28230318,95,93,122,163
632,28230318,106,137,80,170
630,28230114,94,149,72,170
619,28230060,105,170,79,129
634,28229943,102,144,94,146
631,28229849,119,142,85,183
633,28229784,100,168,133,149
621,28229766,95,166,98,151
621,28229589,98,147,125,134
627,28229572,97,131,113,165
621,28229515,98,129,92,156
621,28229513,118,128,119,139
650,28229432,111,169,108,184
644,28229375,99,175,98,172
627,28229265,95,148,83,169
635,28228964,96,133,131,155
642,28228801,99,162,68,176
638,28228677,103,169,106,144
638,28228505,119,144,112,164
645,28228471,107,176,128,170
625,28228323,97,174,119,132
633,28228276,97,151,118,144
639,28228259,101,140,108,182
633,28228202,96,141,96,172
631,28227999,97,158,77,169
639,28227952,102,154,85,183
620,28227945,97,165,89,119
638,28227790,110,138,108,201
632,28227733,106,135,98,174
621,28227568,100,135,114,133
619,28227379,98,137,124,145
627,28227243,106,140,84,168
628,28227149,109,144,99,163
629,28227057,99,175,120,141
635,28227019,113,137,148,152
637,28227010,97,164,127,153
643,28226686,97,176,81,181
616,28226477,94,182,84,137
625,28226302,102,127,125,133
631,28226066,94,129,113,159
625,28225995,98,177,75,131
622,28225976,101,153,74,157
639,28225930,102,141,85,183
632,28225883,104,159,99,169
640,28225836,113,151,98,179
641,28225744,104,171,127,147
642,28225645,103,109,87,157
640,28225531,97,166,71,149
631,28225451,94,166,107,138
619,28225434,105,124,109,152
634,28225340,118,167,109,157
642,28225293,128,145,111,168
622,28225145,107,149,100,132
628,28225128,106,128,106,170
636,28225081,105,123,91,188
619,28225051,103,131,83,153
637,28224989,116,136,120,154
620,28224957,99,154,91,157
629,28224729,108,150,78,140
626,28224710,97,173,73,157
637,28224682,96,148,80,146
636,28224596,117,153,110,146
644,28224570,95,156,89,180
623,28224419,115,171,111,150
646,28224379,114,129,101,139
617,28224362,99,163,97,137
623,28224242,116,146,128,130
623,28224168,98,133,114,155
646,28224027,111,156,120,162
622,28223955,100,130,69,152
626,28223879,122,152,102,137
618,28223863,98,156,113,121
623,28223861,107,152,76,158
640,28223815,105,136,93,183
630,28223652,118,109,109,166
632,28223644,103,145,94,162
641,28223416,110,174,80,155
638,28223397,94,172,71,170
640,28223330,101,168,117,140
627,28222976,99,179,132,118
620,28222935,96,129,95,146
635,28222855,101,134,107,171
615,28222707,99,143,103,132
651,28222662,101,104,90,173
634,28222642,94,136,74,170
630,28222613,118,157,96,136
622,28222597,111,163,115,129
627,28222595,108,153,82,146
638,28222566,96,144,100,163
635,28222548,96,148,81,173
634,28222386,99,127,111,171
623,28221839,96,129,84,158
630,28221802,98,150,108,170
624,28221745,103,154,94,155
631,28221710,104,163,131,140
639,28221663,101,149,129,136
619,28221441,120,132,104,138
655,28221396,116,110,99,192
642,28221300,100,157,101,161
639,28221282,108,168,82,170
620,28220990,104,124,103,157
619,28220918,98,138,63,158
634,28220536,98,157,107,159
635,28220526,110,139,75,172
642,28220489,110,144,109,180
628,28220479,102,169,105,158
636,28220432,94,151,90,177
636,28220430,99,147,119,162
643,28220397,113,164,129,150
631,28220128,117,135,98,152
633,28220104,101,187,132,138
650,28219973,98,108,85,172
643,28219829,104,100,110,155
629,28219829,103,137,78,144
624,28219724,101,140,105,156
632,28219677,95,124,89,168
630,28219659,111,138,103,151
639,28219642,125,138,137,149
622,28219609,101,149,111,158
639,28219256,107,152,87,186
638,28219249,102,152,135,138
646,28219223,100,178,111,185
640,28219166,99,165,98,172
648,28219032,101,126,119,142
619,28219014,99,171,112,139
645,28219010,96,184,73,184
648,28218680,121,152,128,187
628,28218532,113,156,126,134
642,28218468,96,131,107,192
636,28218411,108,132,105,161
642,28218162,102,101,136,148
642,28218160,116,162,84,175
620,28218131,95,129,104,161
642,28217983,112,171,131,149
630,28217713,106,131,87,146
622,28217588,110,119,115,154
632,28217266,99,170,113,132
624,28217250,107,154,128,121
640,28217219,112,147,113,158
623,28217035,96,139,77,159
612,28216981,98,136,89,128
646,28216894,95,189,85,185
632,28216818,96,122,99,194
611,28216666,97,133,111,147
624,28216636,108,167,70,140
626,28216398,108,156,115,157
614,28216127,98,128,103,129
643,28216045,97,149,101,175
634,28215968,97,144,77,174
644,28215953,109,164,110,154
621,28215786,103,168,84,131
635,28215722,112,135,85,182
635,28215712,125,103,91,158
643,28215665,110,101,95,166
622,28215642,101,124,112,157
628,28215577,100,139,118,162
636,28215323,94,167,71,149
634,28215253,104,133,77,196
623,28215165,112,146,91,156
630,28215132,102,160,113,157
638,28215085,102,149,115,174
624,28214919,100,134,94,167
629,28214919,105,178,74,152
637,28214872,99,146,73,182
618,28214861,97,129,93,137
647,28214779,104,158,90,179
633,28214473,95,169,85,144
647,28214399,107,103,95,172
626,28214376,102,135,121,158
634,28214329,118,123,110,170
632,28214311,103,131,117,170
626,28214069,101,160,82,158
635,28213852,97,144,102,193
642,28213819,97,175,118,168
635,28213767,102,104,104,155
621,28213765,96,137,81,141
622,28213671,101,163,99,132
630,28213624,97,144,104,155
641,28213606,99,175,71,167
636,28213606,104,128,101,177
609,28213395,106,138,109,123
635,28213137,102,135,92,184
638,28213063,111,137,115,173
618,28212915,113,140,92,133
635,28212908,95,168,71,158
630,28212803,105,178,85,151
638,28212756,117,145,84,178
616,28212727,97,135,106,155
639,28212501,121,129,103,156
647,28212454,99,104,93,170
633,28212452,113,127,81,152
626,28212405,99,165,105,139
632,28212366,106,143,110,156
634,28212358,101,173,94,140
613,28212206,96,178,108,116
646,28211985,101,101,90,164
627,28211954,117,146,103,158
619,28211882,102,178,77,149
642,28211872,106,144,130,154
634,28211835,99,148,63,183
622,28211649,94,136,99,139
619,28211631,95,135,84,156
642,28211490,103,170,81,187
628,28211414,94,138,102,176
651,28211188,121,110,92,175
638,28211092,108,169,98,158
636,28210793,103,159,76,147
616,28210781,99,124,103,153
631,28210699,95,137,130,138
645,28210698,113,149,109,189
631,28210688,99,186,93,158
639,28210641,113,149,105,177
646,28210606,95,171,129,152
638,28210569,98,179,59,182
634,28210336,96,142,91,154
631,28210318,115,141,81,172
633,28209943,101,150,101,142
630,28209849,107,122,78,179
625,28209818,105,147,110,154
632,28209784,102,166,129,154
626,28209572,94,141,112,166
620,28209515,98,134,104,154
628,28209468,99,123,99,173
635,28209433,113,138,145,150
649,28209432,115,174,116,187
643,28209375,97,177,98,172
641,28208801,102,177,74,177
637,28208677,111,166,96,149
637,28208505,120,155,110,168
644,28208471,99,171,129,160
624,28208323,94,183,110,132
638,28208259,112,132,111,171
632,28208202,94,128,86,166
630,28207999,97,154,76,169
638,28207952,104,147,80,186
619,28207945,96,158,92,129
631,28207733,99,119,89,169
618,28207379,96,126,107,154
617,28207166,110,118,72,153
627,28207149,96,151,88,160
628,28207057,107,173,116,139
634,28207019,95,137,142,151
636,28207010,95,173,111,140
642,28206686,102,158,83,189
629,28206606,110,149,112,156
615,28206477,98,168,84,132
624,28206302,96,138,115,132
632,28206255,101,124,113,163
630,28206066,100,134,110,172
624,28205995,109,166,80,130
638,28205930,110,132,78,172
631,28205883,102,164,103,167
639,28205836,105,158,91,182
638,28205765,94,165,58,184
640,28205744,103,166,107,150
612,28205628,94,148,90,140
639,28205531,100,163,72,175
630,28205451,97,168,107,146
633,28205340,99,162,115,153
641,28205293,105,151,111,177
627,28205128,97,136,91,170
636,28204989,97,140,117,158
619,28204957,103,147,97,150
628,28204729,121,174,75,138
625,28204710,107,161,73,157
636,28204682,102,150,76,158
633,28204663,117,151,74,171
635,28204596,109,144,109,150
643,28204570,94,169,97,187
616,28204362,95,163,102,139
622,28204168,103,141,112,145
645,28204027,116,158,111,181
621,28203955,98,143,72,157
625,28203879,103,174,103,134
617,28203863,96,157,111,125
622,28203861,95,148,81,158
639,28203815,115,142,102,183
631,28203644,94,150,95,176
618,28203487,108,121,132,131
640,28203416,95,181,78,164
637,28203397,95,177,71,182
639,28203330,103,159,111,154
626,28202976,103,167,128,122
619,28202935,105,123,101,155
634,28202855,98,132,115,171
633,28202642,103,128,71,175
629,28202613,119,157,95,141
621,28202597,94,179,116,129
626,28202595,95,180,81,158
637,28202566,117,149,96,160
634,28202548,112,144,85,179
633,28202386,103,141,107,171
622,28201839,105,136,81,142
629,28201802,97,155,107,162
628,28201774,97,128,84,149
623,28201745,103,146,104,155
638,28201663,105,164,134,149
654,28201396,112,110,90,175
641,28201300,107,180,106,151
638,28201282,95,177,80,169
633,28200536,97,183,107,168
634,28200526,103,131,85,170
641,28200489,94,149,110,185
627,28200479,98,163,100,150
635,28200432,106,146,106,173
642,28200397,102,183,134,150
630,28200128,97,141,96,162
643,28199946,96,156,128,175
623,28199724,95,136,99,157
631,28199677,99,124,106,175
629,28199659,109,127,99,158
638,28199642,96,131,128,157
638,28199256,108,144,89,190
637,28199249,95,144,128,146
645,28199223,106,169,111,181
639,28199166,102,167,103,177
618,28199014,106,158,124,139
644,28199010,115,158,69,179
624,28198820,103,141,131,158
647,28198680,113,146,129,165
627,28198532,99,172,120,134
641,28198468,102,139,111,174
635,28198411,106,138,106,173
633,28198296,95,148,109,169
633,28198207,117,171,84,167
641,28198160,95,145,84,197
619,28198131,98,132,102,170
641,28197983,94,156,135,142
629,28197713,110,132,106,157
621,28197664,97,147,112,137
621,28197588,99,131,111,155
616,28197359,105,141,117,133
621,28197281,101,144,83,158
631,28197266,124,158,113,133
623,28197250,97,170,129,129
639,28197219,97,144,118,156
645,28196894,102,191,84,194
618,28196685,108,156,81,140
625,28196398,100,147,117,154
624,28196185,94,149,73,158
620,28196093,95,130,113,141
634,28196092,108,173,102,165
628,28196046,97,129,109,152
642,28196045,98,163,89,186
643,28195953,110,153,121,152
621,28195642,113,123,110,157
622,28195165,106,151,94,158
629,28195132,109,159,114,151
637,28195085,112,147,115,166
623,28194919,99,129,88,169
636,28194872,109,152,65,162
646,28194779,109,174,102,172
632,28194473,101,165,78,149
625,28194376,115,139,108,152
633,28194329,106,124,113,175
631,28194311,98,126,111,155
625,28194069,102,144,80,156
634,28193852,118,154,106,169
641,28193819,112,155,107,165
621,28193671,96,168,93,130
629,28193624,95,150,99,145
640,28193606,101,164,72,167
635,28193606,101,141,95,181
636,28193207,102,157,81,166
634,28193137,106,135,98,182
637,28193063,109,134,113,174
617,28192915,109,140,100,131
634,28192908,98,151,72,158
629,28192803,108,172,81,158
621,28192783,109,139,111,162
637,28192756,111,153,82,180
615,28192727,95,125,106,157
632,28192452,107,135,78,152
625,28192405,110,151,91,141
631,28192366,107,137,116,149
633,28192358,96,173,86,139
612,28192206,96,167,107,112
616,28192176,99,170,64,126
631,28192059,107,146,83,146
645,28191985,119,99,102,165
626,28191954,119,149,106,154
641,28191872,97,145,128,170
618,28191631,106,136,79,158
641,28191490,98,170,83,176
627,28191414,94,124,103,169
650,28191188,111,110,103,185
637,28191092,102,157,91,160
635,28190793,103,177,81,141
615,28190781,96,139,90,149
630,28190688,95,154,103,158
638,28190641,98,149,93,178
645,28190606,95,156,129,158
633,28190336,107,136,97,161
630,28190318,95,133,80,160
628,28190114,98,168,74,157
632,28189943,112,150,104,158
654,28189922,115,131,97,180
629,28189849,95,135,82,167
624,28189818,126,144,115,155
631,28189784,98,164,135,154
625,28189572,94,137,121,166
619,28189515,98,141,96,158
619,28189513,118,129,110,130
648,28189432,96,167,114,187
642,28189375,97,174,103,183
614,28189211,96,149,96,128
626,28188999,101,104,104,163
640,28188801,104,167,74,173
636,28188677,101,190,90,140
643,28188471,100,168,129,171
636,28188419,107,104,107,155
623,28188323,97,175,108,134
637,28188259,105,135,108,178
631,28188202,103,139,90,167
636,28188046,117,139,74,198
629,28187999,107,151,80,167
637,28187952,98,150,77,185
618,28187945,97,161,99,127
636,28187790,100,126,107,177
630,28187733,105,130,96,172
639,28187716,108,142,130,163
617,28187379,112,129,108,155
640,28187153,97,110,119,155
626,28187149,96,146,99,170
648,28187106,102,108,114,169
627,28187057,101,166,107,138
633,28187019,104,136,137,144
635,28187010,105,166,120,145
641,28186686,100,167,82,179
647,28186637,111,100,118,171
628,28186606,94,144,110,143
617,28186495,106,156,103,123
614,28186477,105,167,80,140
623,28186302,124,142,112,140
615,28186286,98,137,128,125
629,28186066,99,124,111,169
623,28185995,117,151,82,141
637,28185930,95,135,78,206
630,28185883,98,164,86,167
652,28185840,96,125,110,166
638,28185836,111,144,103,178
639,28185744,101,170,109,147
638,28185531,103,173,69,154
632,28185340,121,165,112,146
640,28185293,104,148,115,172
620,28185145,105,145,105,131
634,28185081,105,123,89,183
617,28185051,94,131,81,154
635,28184989,109,137,112,151
627,28184729,96,167,83,135
624,28184710,99,173,72,158
635,28184682,100,146,77,145
634,28184596,107,155,107,145
642,28184570,98,170,104,184
615,28184362,103,180,86,139
621,28184168,96,136,112,154
644,28184027,96,151,109,168
624,28183879,99,163,94,130
616,28183863,98,152,108,119
638,28183815,100,131,91,182
636,28183700,99,153,108,182
611,28183605,114,135,101,139
639,28183416,99,165,81,163
636,28183397,98,164,74,189
638,28183330,103,166,112,154
625,28182976,114,157,132,125
618,28182935,102,135,88,153
633,28182929,99,145,132,140
633,28182855,96,141,107,168
632,28182642,96,143,72,182
628,28182613,117,157,90,133
620,28182597,101,163,119,122
625,28182595,123,153,81,157
636,28182566,97,155,104,154
633,28182548,102,148,79,169
632,28182386,109,135,107,178
628,28181802,100,149,113,168
627,28181774,105,129,80,166
622,28181745,97,145,105,156
621,28181673,97,160,63,158
637,28181663,94,170,131,144
640,28181300,101,162,95,162
637,28181282,104,155,80,161
618,28180990,95,121,92,158
632,28180536,116,157,116,170
633,28180526,106,137,82,181
640,28180489,99,157,109,186
626,28180479,95,165,88,153
634,28180432,98,147,105,171
641,28180397,102,155,132,172
631,28180323,121,170,66,168
622,28179798,97,144,126,130
622,28179724,107,136,102,156
628,28179659,106,132,102,159
637,28179642,95,135,130,155
644,28179223,98,163,111,178
638,28179166,95,167,89,169
617,28179014,99,161,115,140
643,28179010,94,182,71,182
646,28178680,108,153,128,172
626,28178532,95,169,118,134
640,28178468,94,129,107,189
634,28178411,104,142,89,185
640,28178160,119,147,82,181
618,28178131,104,135,88,170
640,28177983,102,166,129,151
632,28177827,103,103,85,155
640,28177780,95,95,85,174
650,28177766,101,131,108,154
620,28177588,104,135,115,153
609,28177554,97,181,94,116
630,28177266,112,168,109,138
638,28177219,108,146,116,152
610,28176981,94,136,98,129
629,28176978,102,101,102,156
644,28176894,101,184,85,187
624,28176398,103,146,113,158
642,28176215,121,98,74,185
641,28176045,96,154,98,199
642,28175953,121,172,116,160
657,28175326,123,131,105,173
628,28175132,97,168,117,154
636,28175085,99,150,113,168
622,28174919,100,129,87,164
627,28174919,106,160,69,157
635,28174872,103,146,69,176
645,28174779,100,168,98,181
631,28174619,107,129,113,113
618,28174569,102,173,104,138
623,28174520,103,157,78,128
624,28174376,96,129,119,157
630,28174311,116,132,110,162
624,28174069,120,147,82,152
633,28173852,94,144,99,179
640,28173819,97,168,109,175
633,28173767,110,104,105,158
620,28173671,95,161,99,131
626,28173632,112,121,113,142
628,28173624,101,150,105,140
639,28173606,99,167,70,176
640,28173350,118,131,83,152
633,28173137,99,141,87,193
636,28173063,110,134,112,172
633,28172908,100,174,73,152
628,28172803,100,168,84,154
636,28172756,110,152,78,165
614,28172727,94,130,101,145
637,28172501,95,127,106,154
631,28172452,98,142,75,154
624,28172405,94,174,94,139
630,28172366,95,142,119,162
632,28172358,94,169,93,143
625,28171954,108,144,96,158
640,28171872,108,145,132,165
640,28171490,95,173,82,177
632,28171470,98,123,114,177
626,28171414,97,129,98,166
649,28171188,105,129,102,161
636,28171092,98,171,91,151
626,28170799,94,177,101,136
634,28170793,95,169,83,162
614,28170779,110,114,110,130
629,28170688,100,159,105,156
637,28170641,94,144,102,175
644,28170606,107,175,129,161
636,28170569,105,164,58,188
620,28170455,94,122,76,170
632,28170336,105,139,97,156
629,28170318,96,131,85,167
631,28169943,106,148,102,144
628,28169849,112,120,83,173
623,28169818,99,145,121,155
630,28169784,111,155,131,149
618,28169766,106,172,95,152
638,28169737,101,150,131,174
618,28169589,97,144,107,132
624,28169572,94,126,110,165
618,28169515,96,141,91,153
618,28169513,114,132,111,137
647,28169432,110,175,110,175
641,28169375,98,159,101,159
625,28168999,101,117,98,170
639,28168801,114,162,66,180
635,28168677,100,174,92,157
635,28168505,101,144,110,187
642,28168471,97,169,130,163
622,28168323,98,165,122,131
636,28168259,95,129,107,175
630,28168202,95,139,98,175
628,28167999,104,158,75,163
617,28167945,94,169,89,128
635,28167790,95,134,107,185
629,28167733,109,128,106,173
616,28167379,110,123,116,152
624,28167243,103,134,80,168
625,28167149,101,153,94,170
619,28167091,95,146,101,141
616,28167072,100,148,84,148
626,28167057,110,159,115,133
634,28167010,94,164,119,137
625,28166844,103,172,68,141
640,28166686,103,158,76,188
627,28166606,97,151,111,157
613,28166477,109,158,82,138
628,28166066,101,121,107,178
622,28165995,100,166,82,130
636,28165930,103,138,83,179
629,28165883,100,169,102,169
651,28165840,100,110,120,162
637,28165836,100,145,91,185
638,28165744,95,159,115,149
637,28165531,95,168,74,163
628,28165451,100,161,111,137
631,28165340,123,161,111,152
639,28165293,97,150,111,159
619,28165145,96,154,87,132
634,28164989,94,127,112,156
626,28164729,104,184,84,138
623,28164710,98,168,71,158
631,28164663,109,153,73,167
633,28164596,94,146,116,146
641,28164570,102,171,93,176
614,28164362,105,159,90,138
620,28164168,105,135,108,157
643,28164027,110,167,107,166
623,28163879,97,172,97,127
637,28163815,110,129,95,196
651,28163512,98,110,80,180
638,28163416,97,164,80,153
635,28163397,101,180,70,175
637,28163330,107,176,125,162
647,28163113,98,130,103,154
624,28162976,95,164,128,134
617,28162935,97,131,103,157
632,28162855,114,129,112,171
627,28162613,120,172,97,141
619,28162597,94,173,115,128
624,28162595,108,151,84,157
635,28162566,101,146,98,160
632,28162548,105,159,77,171
631,28162386,94,129,117,183
620,28161839,105,131,84,157
627,28161802,96,145,107,164
621,28161745,94,152,99,158
636,28161663,98,157,128,149
624,28161394,103,140,95,143
639,28161300,98,167,98,157
636,28161282,99,164,85,168
631,28160536,120,147,108,170
632,28160526,110,135,85,182
639,28160489,114,150,114,178
625,28160479,96,171,104,158
633,28160432,105,145,89,161
633,28160430,97,145,112,163
640,28160397,115,155,129,160
628,28160128,94,138,95,166
621,28159724,111,140,104,152
629,28159677,97,119,94,173
627,28159659,94,122,97,159
636,28159642,94,130,128,155
636,28159256,100,147,97,195
643,28159223,100,161,110,176
637,28159166,98,164,98,174
616,28159014,96,154,116,139
642,28159010,104,173,74,187
628,28158933,94,121,79,176
645,28158680,97,173,130,185
625,28158532,108,180,114,134
633,28158411,100,132,103,169
639,28158160,110,144,85,188
617,28158131,101,118,105,168
639,28157983,111,155,128,148
619,28157588,107,129,112,156
608,28157554,99,169,91,113
629,28157266,98,160,108,139
637,28157219,105,144,110,164
628,28156978,98,101,101,155
643,28156894,105,147,80,190
629,28156818,109,133,93,183
643,28156514,99,103,85,167
623,28156398,106,145,109,146
626,28156046,107,129,124,141
640,28156045,108,162,95,182
631,28155968,101,151,85,175
641,28155953,105,167,113,154
617,28155880,94,137,71,128
640,28155665,107,101,87,173
633,28155323,98,170,72,156
627,28155132,110,164,109,155
635,28155085,106,148,108,162
626,28154919,103,154,73,150
621,28154919,102,136,97,168
634,28154872,114,159,65,160
615,28154861,95,126,91,132
644,28154779,100,166,90,186
629,28154567,106,129,74,159
630,28154473,102,149,80,162
623,28154376,106,136,114,155
631,28154329,98,123,110,178
629,28154311,98,121,117,158
623,28154069,107,144,81,154
632,28153852,108,153,93,174
639,28153819,95,169,114,165
619,28153671,100,156,92,131
638,28153606,101,151,74,184
633,28153606,112,136,91,195
634,28153207,94,168,80,157
632,28153137,98,133,97,179
635,28153063,96,133,117,169
627,28152803,103,183,75,148
635,28152756,121,157,77,170
636,28152501,97,110,104,157
644,28152454,106,109,104,182
630,28152452,94,134,79,156
623,28152405,96,164,96,140
629,28152366,112,130,120,143
631,28152358,101,162,96,144
624,28151954,95,164,94,157
611,28151633,101,127,110,127
616,28151631,95,136,80,149
627,28151602,96,124,105,154
639,28151490,105,176,76,171
635,28151092,94,171,99,149
625,28151050,110,145,131,157
633,28150793,107,168,77,154
613,28150779,99,117,113,137
642,28150698,97,145,108,180
628,28150688,97,178,88,155
636,28150641,113,155,91,176
643,28150606,120,146,129,155
635,28150569,95,164,62,191
631,28150336,94,137,91,151
628,28150318,103,134,85,169
627,28150230,111,134,138,143
630,28149943,95,155,105,162
627,28149849,94,134,82,168
629,28149784,100,169,130,149
637,28149737,96,148,129,169
617,28149589,107,147,117,134
617,28149515,96,137,97,158
617,28149513,102,127,117,140
646,28149432,112,165,113,187
640,28149375,99,178,104,186
646,28149052,108,103,107,166
634,28148677,101,165,97,140
634,28148505,98,146,113,168
641,28148471,98,167,132,187
621,28148323,94,159,119,134
629,28148202,98,142,88,165
627,28147999,98,168,85,170
616,28147945,94,162,91,124
634,28147790,104,127,107,195
628,28147733,101,118,104,165
615,28147379,96,130,108,149
638,28147153,121,110,109,157
624,28147149,108,158,97,167
646,28147106,107,107,108,177
625,28147057,103,162,107,136
633,28147010,99,164,107,138
639,28146686,106,169,81,180
645,28146637,108,102,113,180
626,28146606,117,145,126,158
627,28146066,95,134,107,166
635,28145930,109,135,82,187
628,28145883,97,189,87,167
650,28145840,104,125,110,167
636,28145836,97,149,93,182
637,28145744,97,159,109,153
636,28145531,99,162,71,166
627,28145451,96,168,118,130
630,28145340,115,160,119,155
638,28145293,94,150,108,178
618,28145145,119,150,106,133
624,28145128,100,138,98,169
633,28144989,106,136,120,152
625,28144729,108,166,79,137
622,28144710,104,169,73,158
633,28144682,102,144,84,156
632,28144596,103,157,125,149
640,28144570,104,148,99,176
613,28144362,98,182,91,138
619,28144168,102,131,116,153
642,28144027,97,167,117,171
622,28143879,109,145,101,137
619,28143861,109,151,81,156
636,28143815,96,143,93,188
637,28143416,97,171,76,151
634,28143397,97,164,72,161
636,28143330,99,165,118,147
623,28142976,100,161,134,132
616,28142935,97,123,99,147
631,28142855,97,136,120,171
611,28142707,99,137,93,132
647,28142662,118,100,88,174
630,28142642,96,140,74,168
626,28142613,114,170,102,132
618,28142597,96,170,111,125
623,28142595,99,158,83,157
634,28142566,100,144,90,161
631,28142548,94,151,85,169
630,28142386,108,128,112,165
626,28141802,110,148,112,168
620,28141745,100,147,106,158
627,28141710,106,153,133,134
619,28141673,108,158,63,156
638,28141300,97,167,101,149
635,28141282,94,168,82,175
630,28140536,111,163,111,170
631,28140526,111,140,81,171
624,28140479,97,174,95,158
632,28140432,97,144,89,170
632,28140430,95,147,116,161
639,28140397,101,156,128,144
620,28139724,106,137,92,153
628,28139677,94,122,89,177
626,28139659,105,119,96,150
642,28139223,104,181,108,178
636,28139166,95,190,92,175
615,28139014,104,169,112,137
641,28139010,101,166,72,187
643,28138563,104,102,113,153
624,28138532,100,150,108,138
632,28138411,101,143,87,170
630,28138207,94,182,82,169
638,28138160,118,156,85,187
638,28137983,97,175,128,151
638,28137780,104,98,85,165
626,28137713,95,140,93,155
618,28137588,102,125,110,158
627,28137358,96,146,105,170
628,28137266,96,159,117,140
620,28137250,94,166,129,122
636,28137219,111,147,116,146
642,28136896,114,102,138,148
642,28136894,113,181,79,184
628,28136589,95,162,74,140
622,28136398,101,147,118,158
631,28136092,102,156,93,169
639,28136045,102,150,94,173
640,28135953,100,156,123,155
617,28135786,106,146,85,133
655,28135326,103,131,86,175
626,28135132,105,172,110,150
634,28135085,96,144,108,181
625,28134919,120,160,69,148
643,28134779,108,167,104,186
616,28134569,97,181,98,138
628,28134567,98,138,74,154
621,28134520,99,168,81,139
643,28134399,101,103,105,168
622,28134376,105,135,108,157
649,28134152,100,131,72,172
631,28133852,104,147,101,171
638,28133819,96,163,110,173
631,28133767,122,106,106,151
646,28133684,112,110,139,156
618,28133671,96,156,102,134
637,28133606,101,163,74,172
632,28133606,95,129,95,186
633,28133353,99,131,120,127
626,28133185,109,145,128,133
631,28133137,104,129,92,186
634,28133063,113,125,113,174
631,28132908,105,156,74,143
626,28132803,105,182,83,151
634,28132756,105,146,81,163
643,28132454,101,109,101,180
629,28132452,105,130,85,155
622,28132405,96,166,97,141
630,28132358,100,159,98,144
623,28131954,98,164,93,158
638,28131872,117,150,129,147
638,28131490,111,157,78,185
624,28131414,97,126,92,166
647,28131188,101,128,95,160
634,28131092,94,181,89,148
632,28130793,95,167,83,154
627,28130688,102,172,103,158
635,28130641,110,145,88,177
642,28130606,111,173,133,153
630,28130336,110,141,93,161
641,28130318,98,99,118,169
629,28129943,98,147,88,138
626,28129849,113,132,84,168
628,28129784,112,150,129,157
616,28129766,108,159,97,151
616,28129515,109,142,99,155
616,28129513,100,124,112,135
645,28129432,106,164,107,186
639,28129375,99,174,95,178
622,28129265,113,144,84,168
618,28129222,108,183,111,137
630,28128964,106,133,128,170
637,28128801,94,166,71,173
633,28128677,104,155,97,136
633,28128505,99,151,111,173
640,28128471,94,179,128,167
620,28128323,104,165,112,133
628,28128202,94,137,103,170
633,28128046,100,143,74,186
626,28127999,99,170,81,158
615,28127945,95,151,95,127
627,28127733,110,126,101,171
623,28127149,115,157,87,170
645,28127106,96,106,118,175
624,28127057,108,156,119,139
632,28127010,97,166,113,143
638,28126686,104,169,81,178
625,28126606,97,148,108,148
620,28126302,104,143,109,139
626,28126066,102,130,109,159
634,28125930,98,136,77,175
627,28125883,114,160,91,159
649,28125840,102,127,109,174
635,28125836,102,145,96,185
636,28125744,101,169,118,160
635,28125531,102,161,68,143
629,28125340,94,165,107,157
637,28125293,97,157,110,160
632,28124989,111,139,120,173
624,28124729,104,163,84,135
621,28124710,98,162,66,157
632,28124682,108,145,85,158
631,28124596,108,145,119,161
639,28124570,100,162,104,177
612,28124362,95,172,98,140
618,28124168,105,137,107,156
641,28124027,113,165,112,183
621,28123879,102,179,99,132
618,28123861,112,153,82,158
635,28123815,103,134,90,186
625,28123652,99,114,107,177
636,28123416,105,166,79,148
633,28123397,97,163,73,167
635,28123330,94,176,124,135
622,28122976,103,161,136,131
615,28122935,98,118,100,158
630,28122855,97,133,116,179
629,28122642,103,136,65,185
625,28122613,97,165,101,141
617,28122597,95,158,110,129
622,28122595,102,173,77,152
633,28122566,96,154,97,152
629,28122386,95,129,107,167
624,28121774,104,132,75,152
619,28121745,107,153,99,157
634,28121663,98,168,131,139
637,28121300,99,174,97,154
634,28121282,97,168,85,163
629,28120536,95,177,113,167
630,28120526,115,126,81,167
623,28120479,95,171,94,155
631,28120432,98,150,102,171
619,28119724,118,131,106,155
627,28119677,115,123,94,172
634,28119642,104,137,137,174
633,28119249,102,163,132,163
641,28119223,95,161,108,182
635,28119166,94,169,100,161
614,28119014,99,160,110,138
640,28119010,111,163,74,174
643,28118680,106,183,129,168
623,28118532,115,164,109,141
637,28118468,94,135,110,191
631,28118411,106,126,96,159
610,28118258,94,136,109,138
629,28118207,114,166,82,170
637,28118160,108,148,78,196
615,28118131,98,128,104,164
637,28117983,101,165,132,151
638,28117905,101,110,87,167
625,28117713,103,127,106,157
617,28117588,94,131,110,146
606,28117554,97,157,99,115
627,28117266,95,172,111,141
635,28117219,99,145,114,157
641,28116894,95,165,76,188
621,28116398,98,148,109,145
630,28116092,108,165,93,168
638,28116045,108,144,92,198
629,28115968,103,145,79,181
639,28115953,107,175,110,158
623,28115577,96,113,108,164
625,28115132,103,178,107,156
633,28115085,100,146,107,159
619,28114919,99,133,106,170
624,28114919,111,165,71,157
632,28114872,97,160,74,171
642,28114779,96,150,89,184
621,28114376,107,139,113,157
627,28114311,100,137,109,158
640,28114100,95,97,82,161
621,28114069,95,155,77,158
630,28113852,95,146,98,176
637,28113819,101,162,107,162
636,28113606,102,163,73,178
631,28113606,94,133,99,174
625,28113185,103,174,130,130
633,28113063,104,127,111,175
625,28112803,100,172,75,158
633,28112756,118,148,82,181
611,28112727,104,136,97,158
642,28112454,116,108,89,170
629,28112358,96,164,92,141
641,28111985,96,98,103,174
622,28111954,105,148,98,157
637,28111872,96,151,130,158
614,28111631,95,129,83,156
637,28111490,101,155,77,176
623,28111414,100,133,93,174
633,28111092,101,170,106,154
631,28110793,97,168,82,168
626,28110688,102,174,91,158
634,28110641,106,152,89,171
641,28110606,116,169,128,155
629,28110336,111,142,97,157
625,28109849,97,122,78,184
627,28109784,116,181,130,154
615,28109515,113,143,94,153
644,28109432,112,167,111,187
638,28109375,95,165,106,161
636,28108801,102,162,72,181
632,28108677,101,160,100,143
632,28108505,98,145,110,170
639,28108471,99,157,130,161
632,28108419,119,105,114,155
619,28108323,98,161,114,133
633,28108259,101,141,110,187
627,28108202,107,135,97,171
625,28107999,97,158,84,169
614,28107945,94,170,94,128
626,28107733,101,128,102,177
644,28107106,98,108,110,172
623,28107057,96,170,108,132
629,28107019,99,131,137,146
631,28107010,101,163,112,144
622,28106844,104,164,74,139
630,28106797,105,154,73,162
637,28106686,97,154,83,190
624,28106606,115,164,113,152
619,28106302,97,136,127,137
625,28106066,103,140,110,170
619,28105995,98,164,85,129
633,28105930,105,131,84,177
626,28105883,106,156,89,166
648,28105840,118,110,113,168
635,28105744,100,159,113,144
634,28105531,97,167,68,144
628,28105340,113,154,122,158
636,28105293,111,145,107,166
630,28105081,99,122,88,180
631,28104989,112,130,111,149
620,28104710,98,167,71,158
631,28104682,99,147,78,159
630,28104596,100,149,119,147
638,28104570,98,173,95,177
611,28104362,109,161,103,139
617,28104168,95,137,111,155
640,28104027,106,171,111,161
620,28103879,110,161,94,118
634,28103815,100,140,90,186
635,28103416,105,176,83,156
632,28103397,98,152,68,165
634,28103330,100,176,117,158
621,28102976,94,160,128,131
614,28102935,99,130,92,156
629,28102855,104,134,112,171
645,28102662,110,107,97,176
628,28102642,103,134,68,161
624,28102613,103,186,105,128
616,28102597,95,179,114,125
621,28102595,94,153,78,143
632,28102566,99,154,106,156
628,28102386,102,136,110,175
617,28101839,96,136,79,156
618,28101745,97,144,95,149
617,28101673,101,165,63,158
633,28101663,101,167,131,150
636,28101300,104,162,91,154
633,28101282,95,153,80,160
615,28101148,100,153,122,121
628,28100536,100,179,117,168
629,28100526,96,135,85,186
636,28100489,94,145,109,181
622,28100479,113,161,89,157
630,28100432,102,148,101,164
637,28100397,104,172,128,161
635,28100276,99,166,73,190
623,28099829,101,128,79,143
618,28099724,112,139,97,158
624,28099659,94,131,104,165
633,28099642,97,142,128,152
640,28099223,95,165,112,180
634,28099166,97,166,105,164
639,28099010,98,170,69,187
642,28098680,105,166,129,170
622,28098532,101,145,120,134
630,28098411,96,135,103,178
628,28098207,99,181,84,170
636,28098160,110,144,84,191
636,28097983,106,161,129,145
631,28097507,95,142,129,166
625,28097358,127,146,89,170
647,28097315,116,105,116,176
626,28097266,99,172,109,138
618,28097250,96,175,129,126
634,28097219,106,164,115,152
617,28097035,99,139,82,169
625,28096978,103,93,102,158
640,28096894,103,168,85,190
649,28096592,106,110,106,187
620,28096398,103,156,119,155
629,28096092,95,168,91,170
637,28096045,122,146,93,185
638,28095953,96,160,118,153
637,28095665,106,100,101,174
622,28095577,98,130,118,148
628,28095253,103,130,77,180
624,28095132,99,161,112,157
632,28095085,103,144,112,162
623,28094919,100,154,72,148
618,28094919,104,135,89,168
641,28094779,102,158,102,192
632,28094616,106,128,78,155
620,28094376,107,141,117,157
628,28094329,99,124,108,186
626,28094311,106,132,110,159
639,28094100,125,102,77,163
629,28093852,97,144,88,164
636,28093819,95,169,114,174
616,28093671,95,172,99,131
635,28093606,95,177,73,174
624,28093185,95,167,134,127
629,28093137,100,140,90,187
632,28093063,99,141,107,161
624,28092803,105,165,79,156
632,28092756,103,144,77,173
633,28092501,106,130,106,154
627,28092452,98,136,84,160
620,28092405,107,168,90,141
628,28092358,94,167,103,140
621,28091954,104,146,91,156
628,28091919,98,173,140,136
616,28091649,101,134,98,139
636,28091490,99,161,79,159
622,28091414,95,129,102,162
645,28091188,99,130,100,166
632,28091092,100,163,93,150
630,28090793,97,150,75,148
625,28090688,108,168,104,155
633,28090641,102,151,105,169
640,28090606,97,164,133,151
628,28090336,110,138,92,151
626,28089784,94,153,128,157
614,28089515,95,139,103,155
614,28089513,113,125,114,140
643,28089432,108,153,109,187
637,28089375,103,158,97,183
635,28088801,96,167,70,173
631,28088677,104,165,103,140
631,28088505,96,144,115,170
618,28088323,101,170,109,130
624,28087999,110,163,85,170
632,28087952,107,149,83,177
613,28087945,94,177,105,127
625,28087733,101,123,101,173
614,28087568,102,121,115,139
621,28087149,112,150,106,159
643,28087106,98,105,114,168
622,28087057,97,172,110,141
630,28087010,94,148,109,155
636,28086686,97,166,83,188
623,28086606,98,147,110,151
624,28086066,104,136,110,183
632,28085930,102,141,82,186
625,28085883,101,183,104,163
647,28085840,115,129,119,172
634,28085744,105,154,107,148
633,28085531,98,163,74,160
627,28085340,111,165,117,148
635,28085293,116,150,107,174
630,28084989,95,135,124,160
622,28084729,103,165,77,139
637,28084570,94,159,98,179
616,28084168,105,142,116,155
639,28084027,114,153,108,174
619,28083879,95,171,93,132
616,28083861,96,167,80,141
633,28083815,107,136,97,190
634,28083416,107,157,83,153
631,28083397,110,153,68,170
633,28083330,94,176,110,149
613,28082935,99,133,90,158
628,28082855,94,141,107,169
644,28082662,98,108,102,174
627,28082642,99,140,71,171
623,28082613,95,167,103,140
620,28082595,100,174,80,155
631,28082566,96,150,91,148
627,28082386,104,133,118,182
616,28081839,101,141,81,155
623,28081802,102,152,110,170
617,28081745,98,159,104,157
635,28081300,94,169,103,157
632,28081282,94,169,85,164
640,28081069,99,99,106,172
627,28080536,99,160,113,163
628,28080526,103,139,84,174
621,28080479,95,179,102,155
629,28080432,105,145,97,165
617,28079974,109,157,86,152
622,28079829,105,131,85,145
617,28079724,95,141,87,155
625,28079677,107,122,95,185
623,28079659,107,143,102,151
639,28079223,101,163,115,172
633,28079166,96,163,98,159
612,28079014,107,162,113,139
638,28079010,95,172,73,190
640,28078563,97,103,112,151
621,28078532,109,145,116,141
629,28078411,96,139,97,168
635,28077983,94,162,129,148
623,28077713,104,136,96,150
625,28077266,113,159,115,141
633,28077219,100,157,109,160
639,28076894,104,175,81,183
619,28076398,98,155,110,156
628,28076092,111,187,94,168
636,28076045,107,144,96,184
637,28075953,101,150,107,149
628,28075712,96,103,98,158
623,28075132,99,170,114,158
631,28075085,103,147,115,173
622,28074919,96,179,72,153
640,28074779,97,160,91,187
619,28074376,105,138,118,158
635,28073819,96,177,109,170
615,28073671,94,171,97,129
634,28073606,101,173,74,171
630,28073207,102,175,77,143
628,28073137,97,128,97,185
631,28073063,100,125,110,185
623,28072803,108,172,82,154
631,28072756,106,144,83,186
619,28072405,99,180,88,139
625,28072366,100,142,111,144
627,28072358,97,155,105,141
639,28071985,98,102,100,174
622,28071964,97,128,64,185
620,28071954,96,150,95,156
615,28071649,98,138,104,132
635,28071490,108,157,85,187
644,28071188,126,130,86,168
631,28071092,98,162,90,162
629,28070793,97,170,82,144
638,28070698,100,146,115,182
624,28070688,102,171,89,152
632,28070641,94,151,101,173
639,28070606,108,164,130,149
638,28070318,96,101,116,163
625,28069784,105,159,129,152
613,28069766,108,170,101,152
619,28069572,97,139,107,168
613,28069515,100,131,90,158
642,28069432,113,164,117,195
636,28069375,102,154,91,167
619,28069265,116,154,83,166
630,28068677,98,173,103,142
637,28068471,99,167,129,177
630,28068419,97,109,111,148
617,28068323,103,168,108,134
631,28068259,105,139,108,181
625,28068202,96,135,93,173
624,28067733,100,131,97,170
613,28067568,108,134,107,131
634,28067153,114,110,108,155
620,28067149,115,149,98,170
621,28067057,100,163,113,138
629,28067010,97,166,121,145
635,28066686,94,189,82,181
622,28066606,106,154,113,158
617,28066302,95,142,111,138
631,28065930,94,135,78,190
624,28065883,107,179,103,168
632,28065836,102,144,90,183
633,28065744,103,170,126,155
632,28065531,94,166,64,152
626,28065340,96,176,121,156
634,28065293,100,144,116,171
620,28065128,94,138,101,166
629,28064989,104,143,117,151
621,28064729,95,157,85,137
618,28064710,97,167,69,158
636,28064570,97,166,99,176
609,28064362,94,161,90,139
615,28064168,98,139,111,158
638,28064027,104,168,109,172
618,28063879,104,150,90,139
632,28063815,104,135,93,184
633,28063416,96,173,85,150
630,28063397,101,165,74,173
632,28063330,106,162,108,143
619,28062976,106,168,133,123
643,28062662,99,109,99,161
622,28062613,99,169,93,141
614,28062597,95,157,110,122
619,28062595,110,160,79,158
626,28062386,104,129,112,170
634,28061300,98,168,102,146
631,28061282,94,164,79,183
626,28060536,114,155,108,167
627,28060526,110,135,83,177
620,28060479,96,174,94,155
628,28060432,103,152,99,172
625,28060323,109,158,70,168
636,28060298,99,109,118,150
616,28059724,96,141,103,154
638,28059223,98,170,107,180
632,28059166,98,163,105,174
637,28059010,95,151,72,184
627,28058700,98,131,105,118
640,28058680,96,165,130,183
620,28058532,95,166,114,134
628,28058411,102,125,96,174
626,28058207,101,159,82,154
634,28057983,100,171,132,153
624,28057266,100,175,110,141
632,28057219,100,151,119,149
638,28056894,98,163,79,192
618,28056398,114,144,115,158
627,28056092,106,158,99,165
635,28056045,108,149,87,180
636,28055953,98,159,117,152
626,28055882,102,106,82,152
635,28055665,102,101,94,168
622,28055132,102,167,119,154
630,28055085,97,154,110,172
621,28054919,98,166,73,158
639,28054779,109,163,88,184
617,28054520,103,160,85,139
618,28054376,96,134,110,149
627,28053852,108,155,101,172
634,28053819,102,166,113,167
614,28053671,95,163,99,133
633,28053606,105,157,69,175
630,28053063,99,135,113,171
622,28052803,96,170,85,147
630,28052756,101,146,83,171
639,28052454,100,101,103,165
619,28051954,107,155,92,156
626,28051919,100,173,130,139
614,28051649,98,133,105,136
634,28051490,97,151,82,175
643,28051188,107,130,97,174
628,28050793,98,163,75,135
629,28050745,113,166,110,163
623,28050688,113,160,103,157
631,28050641,94,151,98,183
638,28050606,103,157,129,162
630,28050569,101,167,58,175
626,28050336,98,130,100,163
637,28050318,96,97,112,178
622,28049849,94,119,84,177
624,28049784,97,164,129,156
612,28049513,96,124,111,136
641,28049432,99,169,116,183
635,28049375,103,167,94,174
618,28049265,104,152,80,169
633,28048801,94,163,72,184
629,28048677,96,168,104,138
629,28048505,99,144,113,184
636,28048471,100,171,131,165
616,28048323,101,168,126,133
622,28047999,105,161,85,169
606,28047761,102,153,88,115
623,28047733,94,129,91,182
610,28047379,107,126,108,154
618,28047243,114,133,84,166
633,28047153,109,130,113,156
641,28047106,100,108,113,164
620,28047057,97,168,108,129
628,28047010,99,172,111,164
619,28046844,103,168,74,141
634,28046686,96,173,79,183
621,28046606,98,145,111,154
616,28045995,97,162,85,131
623,28045883,101,160,92,163
645,28045840,95,110,114,178
632,28045744,106,159,114,151
631,28045531,96,185,74,147
625,28045340,95,164,114,148
633,28045293,99,145,117,175
628,28044989,106,133,121,155
617,28044710,95,163,66,151
635,28044570,96,180,93,174
608,28044362,107,167,104,139
614,28044168,98,127,112,154
637,28044027,97,152,108,176
632,28043416,107,168,81,157
629,28043397,96,164,71,159
631,28043330,94,167,121,146
618,28042976,95,181,134,129
626,28042855,94,132,111,165
625,28042642,106,141,71,182
621,28042613,111,176,98,141
618,28042595,94,170,83,157
629,28042566,110,154,102,151
625,28042386,100,135,118,180
615,28041745,95,150,104,149
646,28041396,104,130,102,177
633,28041300,106,156,105,146
630,28041282,94,169,77,175
625,28040536,98,174,107,162
626,28040526,97,140,79,185
619,28040479,98,169,99,154
627,28040432,97,158,101,170
627,28039993,101,182,131,149
615,28039724,105,129,95,158
623,28039677,98,123,99,163
621,28039659,95,132,92,151
637,28039223,107,167,107,183
631,28039166,107,152,100,171
610,28039014,96,171,107,132
636,28039010,95,181,72,175
639,28038680,108,159,128,181
619,28038532,99,173,123,131
633,28038468,100,135,116,182
627,28038411,103,134,99,166
633,28037983,106,165,129,146
633,28037780,95,102,83,171
622,28037358,98,144,94,159
623,28037266,95,160,115,134
631,28037219,104,147,126,159
637,28036894,109,159,81,183
617,28036398,101,147,107,146
648,28036049,96,110,107,169
634,28036045,103,150,94,196
635,28035953,96,175,118,171
626,28035712,98,103,105,156
621,28035132,96,156,114,156
629,28035085,108,146,109,166
620,28034919,108,160,71,157
609,28034861,97,129,87,137
638,28034779,102,167,94,173
617,28034376,95,141,108,157
625,28034329,97,111,112,182
644,28034152,103,131,68,166
617,28034069,99,155,84,153
626,28033852,96,145,98,183
633,28033819,103,163,112,177
613,28033671,102,149,104,131
632,28033606,102,170,74,174
600,28033398,97,143,93,136
641,28033303,113,129,80,173
629,28033063,107,127,107,163
621,28032803,100,168,85,148
629,28032756,110,150,84,171
607,28032727,108,136,102,155
630,28032501,94,128,100,155
623,28032366,96,137,118,149
625,28032358,95,149,95,140
618,28031954,98,145,99,158
633,28031490,97,161,78,179
627,28030793,99,173,79,150
622,28030688,106,179,95,157
630,28030641,99,147,105,178
637,28030606,95,177,130,159
625,28030336,106,132,101,160
646,28029922,96,131,102,174
623,28029784,101,154,130,157
611,28029515,98,134,99,156
640,28029432,100,186,108,179
634,28029375,112,162,92,176
628,28028677,94,165,94,144
623,28028202,97,140,96,182
621,28027999,100,161,79,169
629,28027952,103,144,79,179
622,28027733,95,139,106,171
627,28027010,97,160,119,159
633,28026686,108,168,80,190
620,28026606,102,153,115,153
622,28025883,94,182,88,165
631,28025744,95,162,113,159
630,28025531,101,160,74,173
624,28025340,100,176,109,154
632,28025293,107,150,112,167
627,28024989,96,128,111,154
616,28024710,98,160,72,157
634,28024570,96,157,91,176
607,28024362,102,162,96,140
613,28024168,99,134,115,157
636,28024027,95,158,109,169
616,28023879,99,163,96,134
630,28023815,96,128,96,186
631,28023416,94,182,84,160
630,28023330,94,168,107,156
610,28022935,117,120,90,155
620,28022613,114,157,88,138
617,28022595,102,161,84,158
624,28022386,105,132,108,171
620,28021802,101,149,107,160
609,28021441,105,142,91,140
632,28021300,97,165,105,159
629,28021282,99,164,80,166
624,28020536,99,173,109,170
618,28020479,95,171,100,147
626,28020432,100,144,105,174
614,28019724,101,135,90,157
622,28019677,95,122,105,179
629,28019642,97,138,134,161
636,28019223,100,164,115,180
630,28019166,95,160,104,174
635,28019010,100,168,67,193
625,28018700,101,131,106,125
618,28018532,100,180,115,128
626,28018411,104,129,100,171
612,28017588,116,119,108,157
622,28017266,97,161,122,133
630,28017219,97,144,112,157
636,28016894,96,159,85,183
609,28016685,104,160,85,140
645,28016592,97,130,92,181
616,28016398,97,146,115,158
633,28016045,97,150,93,173
634,28015953,102,173,112,146
620,28015132,100,148,108,155
614,28014919,94,140,103,169
637,28014779,99,178,91,174
639,28014588,99,104,104,161
616,28014376,96,138,108,155
632,28013819,96,159,116,178
631,28013606,100,178,74,181
626,28013606,95,129,104,182
628,28013063,95,139,116,178
620,28012803,99,159,75,158
628,28012756,95,145,81,180
617,28011954,95,144,100,158
624,28011919,107,160,131,140
632,28011872,108,148,131,148
632,28011490,96,165,78,165
627,28010745,99,176,112,167
621,28010688,103,157,88,151
629,28010641,105,149,97,171
636,28010606,103,167,128,156
627,28010365,96,103,120,150
624,28010336,94,130,95,164
623,28009943,96,159,97,150
610,28009515,106,139,104,158
639,28009432,99,173,107,183
633,28009375,110,168,106,175
627,28008677,98,157,97,144
634,28008471,99,170,130,168
622,28008276,98,147,116,143
620,28007999,101,176,83,168
632,28006686,94,164,83,174
638,28006637,94,99,107,181
614,28005995,104,151,84,131
621,28005883,105,159,87,163
643,28005840,112,129,118,169
629,28005836,105,153,88,178
630,28005744,97,166,111,150
623,28005340,95,168,113,143
631,28005293,107,152,108,172
626,28004989,102,138,119,160
618,28004729,100,156,79,134
647,28004574,120,131,108,168
633,28004570,95,168,86,181
606,28004362,96,168,102,140
635,28004027,94,177,107,174
634,28003910,107,103,104,140
630,28003416,95,170,80,160
629,28003330,97,167,119,150
640,28002662,104,106,103,174
619,28002613,101,161,105,141
616,28002595,101,161,80,152
623,28002386,105,131,110,177
613,28001745,96,155,88,158
631,28001300,99,167,90,156
623,28000536,94,162,116,157
624,28000526,105,132,80,177
617,28000479,102,172,88,158
613,27999724,96,138,99,157
635,27999223,95,169,110,178
629,27999166,99,169,106,166
608,27999014,94,172,108,140
634,27999010,94,173,70,191
617,27998532,98,162,121,134
631,27998468,96,142,111,177
625,27998411,94,133,89,181
642,27997315,97,109,121,173
621,27997266,100,152,112,137
629,27997219,96,144,114,165
635,27996894,94,171,75,184
615,27996398,101,149,110,149
624,27996092,102,173,92,170
633,27995953,116,162,110,170
619,27995132,107,169,107,145
636,27994779,98,170,92,174
609,27994569,104,168,105,140
615,27994376,101,132,121,158
621,27994311,97,128,121,154
631,27993819,94,170,108,168
630,27993606,94,175,71,192
619,27993185,96,181,136,134
627,27993063,103,140,113,175
638,27992834,116,103,82,171
619,27992803,99,181,81,149
627,27992756,105,173,85,174
616,27991954,97,144,98,157
623,27991919,99,154,128,132
631,27991490,101,169,76,171
623,27991470,97,121,107,172
640,27991188,99,125,105,169
625,27990793,99,165,85,151
620,27990688,114,162,98,151
628,27990641,94,151,102,175
635,27990606,97,174,139,146
632,27989375,94,175,94,174
624,27989271,94,127,144,119
626,27988677,99,153,87,140
619,27987999,94,179,85,169
616,27987149,99,153,87,166
638,27987106,114,106,113,164
631,27986686,96,175,85,182
637,27986637,118,99,108,179
620,27985883,97,178,95,168
628,27985836,104,162,103,183
622,27985340,103,176,108,156
630,27985293,95,148,118,172
616,27985128,115,138,99,167
625,27984989,99,138,109,161
632,27984570,100,179,102,180
611,27984168,96,135,117,155
634,27984027,99,167,113,174
642,27983512,101,130,84,190
628,27983330,96,156,121,148
639,27982662,98,109,100,162
618,27982613,96,173,89,140
615,27982595,97,169,81,156
643,27981396,121,130,87,177
630,27981300,95,175,96,163
635,27981069,110,101,94,181
614,27980925,96,126,104,146
622,27980536,99,153,117,169
616,27980479,98,166,105,158
647,27980130,110,131,91,179
612,27979724,97,137,101,151
634,27979223,97,180,112,176
628,27979166,94,160,90,168
633,27979010,95,170,64,191
636,27978680,107,178,128,186
616,27978532,97,166,109,132
624,27978411,99,137,102,171
610,27977588,97,134,117,149
638,27977389,112,100,87,185
641,27977315,96,109,109,175
620,27977266,94,174,108,140
628,27977219,109,148,127,165
634,27976894,98,181,84,185
614,27976398,101,148,109,157
623,27976092,101,182,91,167
632,27975953,94,172,126,161
618,27975132,96,156,111,157
606,27974937,103,155,106,121
612,27974919,98,137,89,165
635,27974779,105,160,99,189
614,27974376,96,134,111,156
630,27973819,95,171,107,164
610,27973671,97,172,98,126
629,27973606,100,171,74,191
618,27973185,101,157,132,134
626,27973063,113,142,113,174
618,27972803,107,154,82,156
626,27972756,97,152,81,173
630,27971490,109,150,76,182
638,27970719,103,103,101,178
619,27970688,107,192,104,152
627,27970641,101,148,92,177
634,27970606,95,154,128,155
622,27970336,103,130,99,153
631,27969375,97,167,97,176
610,27969222,99,172,109,138
625,27968677,96,174,91,154
619,27967733,101,140,103,178
630,27966686,99,162,84,174
617,27966606,95,155,109,152
621,27965340,107,154,112,155
629,27965293,108,150,108,178
615,27965128,114,141,105,164
631,27964570,94,167,102,186
633,27964027,96,179,113,180
613,27963879,113,152,89,134
627,27963815,95,141,86,181
627,27963330,100,176,118,151
617,27962613,103,167,94,141
614,27962595,96,164,77,150
629,27961300,95,165,92,155
626,27961282,94,169,83,171
621,27960536,99,163,111,164
615,27960479,98,165,91,153
611,27959724,99,133,98,157
626,27959642,111,138,129,153
633,27959223,100,173,107,174
627,27959166,100,163,104,167
615,27958532,102,147,109,140
618,27957358,94,155,98,160
619,27957266,102,170,115,137
627,27957219,100,145,111,151
633,27956894,97,177,85,179
622,27956092,104,157,94,167
631,27955953,97,172,111,145
617,27955132,95,165,112,156
634,27954779,103,156,98,182
613,27954376,115,134,109,158
629,27953819,96,168,110,167
628,27953606,100,171,70,162
617,27953185,100,157,132,134
625,27953063,101,138,108,165
617,27952803,94,167,85,155
626,27952501,102,110,88,150
644,27952056,98,131,105,153
633,27951985,102,102,88,170
614,27951954,104,156,105,154
629,27951490,94,163,79,178
624,27950745,94,162,108,158
618,27950688,101,168,99,158
626,27950641,99,146,92,177
607,27949766,96,157,102,150
613,27949572,99,135,107,166
630,27949375,96,169,88,168
619,27948202,94,125,104,161
618,27947733,97,137,101,165
635,27946637,95,101,109,175
616,27946606,101,147,112,158
618,27945883,100,181,99,167
620,27945340,110,164,112,158
628,27945293,106,153,114,175
615,27944729,108,167,82,141
632,27944027,94,170,113,165
626,27943330,99,172,127,141
637,27942662,99,108,92,181
616,27942613,94,167,100,136
624,27942566,94,146,98,157
628,27941300,112,159,104,161
614,27940479,98,152,86,149
632,27939223,98,146,112,174
626,27939166,95,161,92,165
614,27938532,105,161,111,126
622,27938411,95,137,89,185
618,27937266,102,171,108,140
621,27936092,104,172,97,165
643,27936049,96,110,109,181
630,27935953,95,171,113,160
616,27935132,98,164,111,158
624,27935085,94,147,113,172
633,27934779,97,181,97,184
628,27933819,95,154,114,172
627,27933606,97,162,68,170
624,27933063,111,141,108,177
616,27932803,95,164,84,142
628,27931490,94,169,85,182
617,27930688,97,177,97,154
632,27930606,95,165,132,160
635,27929432,103,148,110,178
629,27929375,101,165,97,173
617,27927733,95,131,87,181
628,27926686,94,155,84,179
615,27926606,104,146,111,158
619,27925340,96,159,122,149
627,27925293,98,145,115,177
631,27924027,96,167,107,168
625,27923330,98,164,113,138
636,27922662,110,105,95,176
615,27922613,105,162,88,136
643,27922246,117,131,82,172
640,27921396,100,110,105,174
627,27921300,96,167,93,157
633,27920540,99,131,128,154
619,27920536,101,165,107,163
613,27920479,96,160,89,152
609,27919724,111,143,96,157
623,27919249,98,152,131,150
631,27919223,101,155,110,174
625,27919166,94,167,97,171
621,27918411,94,140,99,172
617,27917266,102,176,124,140
625,27917219,106,151,119,155
631,27916894,100,180,84,176
620,27916092,95,164,99,164
642,27916049,106,110,108,174
629,27915953,100,151,125,170
615,27915132,94,154,111,158
632,27914779,95,180,98,191
627,27913819,100,162,120,162
638,27913322,97,110,106,157
635,27913303,99,110,77,162
620,27913137,99,131,93,196
615,27912803,103,164,77,142
612,27911954,99,166,102,157
627,27911490,96,163,80,174
616,27910688,104,161,104,158
624,27910641,106,147,94,173
631,27910606,95,163,134,147
634,27909432,101,159,108,194
628,27909375,94,174,104,179
615,27907999,94,174,84,161
638,27905840,119,110,108,169
618,27905340,94,162,107,157
626,27905293,105,144,111,176
634,27904778,107,109,78,159
607,27904168,97,129,126,148
630,27904027,99,173,107,185
638,27903512,94,125,82,164
625,27903416,96,163,75,162
611,27902595,94,186,85,152
626,27901300,94,161,100,159
612,27900479,94,159,90,156
632,27898680,101,173,128,173
612,27898532,95,161,110,134
620,27898411,107,135,94,174
616,27897266,96,178,115,141
619,27896092,109,163,106,170
628,27895953,94,168,112,161
614,27895132,102,162,112,158
631,27894779,98,169,92,177
633,27894588,101,104,100,153
626,27893819,94,156,107,164
625,27893606,99,162,74,181
622,27893063,99,128,111,167
630,27891985,98,99,87,180
618,27891919,95,173,129,139
626,27891872,104,154,128,151
626,27891490,95,163,76,179
615,27890688,105,160,102,154
623,27890641,102,145,100,177
630,27890606,96,165,130,153
618,27890336,94,140,99,142
627,27889375,97,165,93,187
615,27887733,97,132,101,167
615,27885883,100,165,95,170
617,27885340,104,174,115,158
625,27885293,102,156,108,172
641,27884574,112,131,116,177
627,27884570,94,184,100,176
629,27884027,96,172,109,175
613,27882613,104,152,99,141
625,27881300,101,165,102,173
642,27880130,107,131,91,163
623,27879166,96,164,99,162
619,27878411,94,138,87,177
615,27877266,103,170,112,139
629,27876894,100,177,82,190
618,27876092,101,164,86,169
627,27875953,101,174,122,156
613,27875132,94,168,119,158
630,27874779,96,178,97,184
625,27873819,97,158,110,175
613,27872803,99,177,79,149
625,27871490,95,161,76,181
626,27871235,103,131,94,156
614,27870688,102,163,89,158
622,27870641,100,149,86,181
629,27870606,98,156,129,157
632,27869432,96,164,112,185
626,27869375,94,163,105,180
616,27865340,98,173,115,141
628,27864027,98,179,110,179
622,27863330,97,153,120,148
612,27862613,99,161,94,141
637,27861396,105,110,96,174
624,27861300,100,160,95,154
610,27860479,95,157,87,145
628,27859223,95,156,107,173
618,27858411,104,141,98,181
614,27857266,95,188,115,131
628,27856894,96,164,84,192
639,27856049,95,127,109,172
612,27855132,99,170,107,157
629,27854779,104,162,92,186
624,27853819,97,164,111,171
620,27853063,97,134,108,185
612,27852803,97,184,84,158
621,27852501,99,110,95,149
609,27851954,94,170,94,146
624,27851490,97,158,83,173
625,27851235,95,131,96,155
613,27850688,95,182,97,155
625,27849375,98,154,98,178
615,27845340,94,176,116,151
623,27845293,94,149,110,176
627,27844027,101,157,111,182
621,27843330,97,149,113,152
638,27836049,111,110,109,179
625,27835953,96,160,107,156
619,27835085,98,149,118,166
610,27834919,102,164,68,144
623,27831490,98,160,82,174
612,27830688,104,171,106,154
624,27829375,98,164,105,181
614,27825340,94,150,112,155
622,27825293,96,145,115,168
626,27824027,99,174,113,170
622,27821300,96,167,90,168
629,27820699,95,128,102,153
614,27820536,95,167,110,168
615,27816092,107,169,95,166
624,27815953,94,170,127,155
610,27815132,97,159,113,154
627,27814779,104,157,92,191
622,27813819,94,160,117,174
611,27810688,96,154,106,156
626,27810606,99,164,138,159
623,27809375,102,153,90,170
638,27806800,120,130,96,180
613,27805340,97,167,107,155
625,27804027,96,155,108,163
634,27801396,96,130,96,181
614,27796092,96,167,96,166
623,27795484,101,131,83,140
632,27793322,107,130,98,153
610,27790688,101,159,100,156
618,27790641,96,153,97,178
625,27790606,97,169,132,156
622,27789375,102,161,93,167
624,27784027,95,169,112,171
610,27777266,101,167,116,139
625,27774779,95,163,92,195
620,27771872,95,144,128,147
620,27771490,95,166,81,170
609,27770688,106,164,102,157
624,27770606,97,166,129,161
621,27769375,96,156,101,176
611,27765340,101,150,108,152
623,27764027,94,173,115,179
632,27761396,106,124,87,176
608,27750688,102,154,95,148
620,27749375,98,153,104,172
610,27745340,99,168,112,142
622,27744027,95,156,122,184
609,27725340,102,174,108,155
621,27724027,95,156,108,176
621,27710606,96,161,136,161
618,27709375,95,158,96,178
608,27705340,94,180,121,155
620,27704027,95,165,109,175
605,27690688,97,162,91,158
617,27689375,97,161,105,179
626,27641396,95,127,98,173
624,27623512,100,129,85,171
