total_t,total_$,tw0,tw1,tw3,tw4
597,28892352,104,155,95,161
593,29847978,85,160,103,167
643,29893618,117,141,109,128
636,30311141,114,123,118,138
620,29352352,101,151,116,146
595,29724212,89,157,109,157
629,30014045,101,132,115,143
633,29612352,97,173,101,123
601,29288334,94,138,118,169
615,30124212,90,164,91,156
606,30425904,90,133,88,167
594,30185904,74,141,78,159
593,28812352,99,161,84,161
599,28932352,103,165,107,162
595,28852352,118,172,95,165
647,30374045,138,130,85,120
595,29168334,102,141,103,179
599,29248334,122,144,95,159
620,30224212,92,171,92,139
589,30001459,91,119,110,163
594,30343000,93,123,90,183
626,29472352,113,156,106,152
637,30008334,121,143,105,135
591,28772352,107,163,98,166
627,29808334,110,133,79,139
605,29368334,131,137,84,165
603,29012352,115,151,110,172
600,28952352,100,173,106,168
598,28912352,108,153,88,164
604,29032352,101,159,95,174
577,28808334,94,140,97,170
630,29552352,98,186,97,132
627,30364212,87,164,90,129
594,28832352,97,163,110,182
597,28973618,120,144,97,177
618,29312352,101,164,114,147
626,29742986,100,157,128,124
629,29532352,126,166,106,141
594,29704212,77,183,97,177
614,29232352,107,169,87,138
586,30025904,84,134,99,168
603,29651141,126,132,89,160
617,30164212,83,173,103,139
633,30484212,85,164,96,146
606,29072352,94,163,99,157
612,30064212,91,159,92,165
587,28692352,97,172,84,180
590,29940193,88,139,98,182
632,30074045,112,121,87,120
594,30020193,90,141,91,188
590,28752352,105,174,114,165
619,30204212,93,167,100,145
619,29332352,99,173,99,140
599,29804212,90,156,103,160
594,29314045,101,130,99,158
594,30101459,79,115,117,167
596,29744212,86,153,91,158
643,30684212,93,169,84,117
606,29665793,127,151,128,162
613,29212352,107,149,111,156
587,30045904,93,124,94,176
586,28672352,96,163,84,180
600,29268334,102,132,99,174
631,29572352,97,169,98,125
593,29684212,78,158,118,159
596,28872352,104,161,116,179
636,29672352,113,172,96,115
597,29764212,91,157,100,164
629,30885904,83,121,113,128
616,30460193,91,127,99,132
625,29768334,107,137,104,137
608,29938864,92,170,130,153
581,28888334,102,151,93,183
631,30444212,89,165,106,118
602,29864212,90,196,112,177
628,30865904,89,125,114,119
602,28992352,111,163,106,169
608,30300193,84,155,84,144
616,29754045,111,124,82,146
611,30360193,92,125,121,154
571,29244212,90,174,100,163
632,29908334,114,128,104,134
617,29931141,114,129,101,161
631,30760193,93,147,96,125
634,29902986,97,152,137,131
627,29492352,115,164,115,144
583,29965904,81,136,103,164
595,29678864,90,176,135,161
590,29391141,96,123,103,177
630,30424212,81,168,119,121
605,29052352,107,161,96,157
588,29900193,93,144,115,166
592,29108334,102,135,110,168
592,29274045,103,123,122,163
608,29112352,118,171,91,167
632,29592352,106,164,96,140
585,30005904,80,135,87,160
625,30324212,88,181,119,132
633,30965904,91,129,95,123
637,29692352,119,172,103,141
638,29712352,109,155,99,134
595,30572839,69,178,89,160
589,28732352,96,161,87,184
643,29812352,119,157,87,121
626,30344212,84,179,84,143
616,30144212,78,155,103,128
626,29788334,100,143,87,142
624,29432352,100,169,93,138
604,29348334,96,145,97,155
616,29272352,116,163,103,143
583,28612352,97,173,106,158
607,29092352,117,163,85,155
612,29192352,98,180,105,159
575,30172839,66,159,87,171
637,29728271,105,141,132,119
609,29448334,111,136,108,151
589,30085904,88,130,112,178
634,30504212,93,174,88,135
582,29945904,85,124,96,165
638,30584212,86,162,103,128
608,29428334,99,146,115,165
630,29868334,94,141,88,131
597,29208334,95,146,114,173
635,29968334,95,145,104,126
636,30154045,95,126,104,122
635,30524212,82,162,94,132
623,30284212,93,179,89,144
623,29412352,100,161,107,143
618,29628334,118,147,99,150
588,29584212,89,173,104,179
584,29820193,83,150,105,182
573,29284212,92,169,94,183
636,30544212,86,167,97,137
605,29534045,114,126,103,162
603,29884212,92,162,84,162
635,29652352,122,159,107,137
625,29452352,104,185,99,128
624,30071141,106,129,102,147
606,29388334,104,141,109,163
588,29351141,95,124,102,178
623,29728334,99,139,118,135
609,29132352,109,187,116,172
639,30920193,91,134,121,138
591,29088334,109,131,88,180
616,29588334,120,137,116,166
599,29414045,95,131,111,168
580,29424212,84,158,93,175
584,29504212,84,168,99,196
624,29748334,135,131,101,158
592,29355311,125,108,87,171
625,29934045,98,139,106,132
609,29614045,137,128,105,162
603,29452425,112,135,86,104
589,29371141,116,130,94,190
611,30764266,82,115,91,131
590,29624212,89,163,102,162
628,30384212,86,162,104,136
593,29294045,115,127,96,168
593,29209600,101,123,108,167
602,29631141,106,119,93,173
634,30820193,90,139,74,147
586,28988334,98,126,93,194
630,30034045,122,136,103,143
631,29888334,129,131,118,136
628,29512352,103,168,107,129
628,29994045,94,123,113,137
590,29068334,94,138,89,172
588,28712352,94,169,106,180
598,29228334,98,125,105,164
615,29568334,114,130,91,155
609,30004212,92,169,100,133
589,29604212,88,177,107,196
589,29920193,91,140,76,166
582,29464212,88,170,83,186
629,29848334,103,140,123,149
601,28927005,98,182,128,162
633,30251141,118,129,89,119
610,29152352,106,171,98,150
586,29544212,87,157,108,173
596,29354045,129,134,86,172
597,29718864,92,172,133,161
634,30114045,105,131,99,118
601,30160193,88,131,109,190
601,29844212,92,153,89,155
598,29632407,113,117,89,166
591,29960193,85,127,95,177
627,30131141,115,133,92,153
577,29364212,81,160,101,172
598,29394045,102,123,116,173
587,29880193,90,140,92,185
635,30134045,124,126,96,134
597,29531141,108,124,111,172
607,29964212,92,168,105,157
592,29189600,96,121,110,158
601,28972352,120,162,102,176
639,29732352,97,173,90,115
596,29188334,118,141,100,168
640,29752352,97,166,115,135
614,29313618,104,138,70,138
611,29654045,116,129,94,181
640,30068334,109,159,110,132
598,30100193,85,140,92,154
615,29252352,106,164,101,149
641,30411141,117,128,99,122
594,29148334,111,134,94,168
634,29632352,94,163,119,130
598,29784212,90,158,91,163
622,30264212,82,169,93,138
599,30120193,81,140,106,191
599,30285904,89,137,99,161
622,29708334,108,136,125,128
619,30843000,78,127,97,111
607,29574045,119,118,114,182
607,29047005,113,168,127,178
605,29924212,85,158,107,163
600,30140193,92,139,101,154
629,30404212,91,152,93,136
593,29128334,108,138,75,181
582,29780193,91,146,90,177
600,29824212,82,150,105,153
617,30480193,78,147,119,137
613,29694045,95,141,94,161
599,29096118,94,156,112,162
607,29408334,114,135,104,164
582,30103000,92,126,116,169
631,30211141,119,142,85,133
632,30780193,89,137,100,138
625,30805904,87,129,105,138
602,29308334,96,147,108,151
578,29700193,76,157,84,174
598,29551141,137,131,117,177
592,28792352,105,163,109,176
583,28928334,94,131,102,189
617,30803000,77,120,115,137
653,30012352,104,191,95,123
576,29344212,85,172,89,177
622,29392352,100,168,116,139
621,29372352,99,181,112,147
580,28552352,105,172,103,181
591,29254045,96,141,98,174
624,29914045,106,119,86,134
639,30214045,106,127,101,122
582,28908334,102,127,115,174
625,29407005,113,171,132,130
633,29928334,94,139,82,130
618,30500193,91,140,101,140
592,29664212,79,178,95,166
629,30171141,104,129,122,146
608,30623000,84,135,90,155
612,29508334,113,137,88,161
598,30423000,93,137,94,161
621,29854045,106,148,96,134
600,29434045,104,131,107,167
622,29874045,118,124,85,142
622,30580193,80,147,114,125
636,30860193,85,142,98,136
614,30585904,81,123,100,133
618,30184212,89,155,95,130
597,30080193,85,130,94,169
639,30048334,107,142,82,115
596,30383000,85,121,85,163
595,30287170,93,117,112,174
593,30000193,87,149,93,173
621,30883000,80,134,103,138
624,30304212,91,169,102,138
603,29328334,128,139,111,162
604,29514045,102,131,122,166
617,29608334,108,139,95,125
579,28532352,95,168,94,174
611,30044212,77,157,91,144
594,29471141,105,126,108,176
613,29528334,118,147,106,149
611,29172352,119,168,98,177
591,29644212,81,157,117,165
601,29454045,114,137,98,172
590,29234045,113,144,77,184
640,30234045,127,139,90,130
626,30614846,77,144,128,135
642,30108334,101,141,99,121
605,29691141,133,125,99,164
637,30564212,91,171,100,131
586,30264266,91,113,94,170
628,29828334,113,134,116,144
592,29980193,87,161,99,166
588,30065904,88,138,100,164
585,29524212,92,161,108,164
641,29772352,122,166,87,139
623,30600193,87,138,123,136
608,29594045,101,130,102,158
589,29048334,109,144,82,174
604,29904212,86,156,101,151
605,29449600,102,121,74,154
594,28996118,111,157,98,165
600,29591141,102,128,87,163
587,29564212,90,166,106,151
631,30925904,91,122,95,120
646,29872352,114,155,100,133
585,30688820,67,139,94,166
595,30888820,71,133,100,169
631,29969600,123,123,116,129
604,29671141,123,130,96,163
607,29731141,100,128,104,160
595,29334045,121,125,106,175
625,30963000,92,129,105,144
610,29468334,110,136,83,153
596,30060193,90,135,95,162
609,29771141,99,130,109,146
603,30365904,88,123,112,153
653,30494045,136,133,120,131
587,29174045,111,122,92,180
587,30412839,70,170,99,151
595,30040193,85,133,105,176
588,29194045,115,127,88,171
623,30051141,122,126,104,169
609,29087005,114,146,127,163
618,29794045,101,127,90,144
629,30720193,85,158,93,142
581,30292839,64,169,118,174
601,29206444,102,168,90,108
631,30054045,122,132,90,141
583,29484212,90,159,104,176
614,29548334,132,148,96,168
593,30532839,69,185,87,155
634,29948334,118,135,118,138
602,29474045,119,121,83,164
641,30644212,92,168,117,124
607,29655311,124,113,90,174
606,29944212,90,158,103,145
582,30312839,68,169,113,179
635,29607005,117,166,130,151
627,29889600,124,124,103,144
616,29708698,119,134,130,147
640,30940193,85,149,116,123
623,29894045,94,132,102,140
569,28332352,102,171,85,184
637,30331141,101,130,95,136
627,30680193,80,136,92,126
609,30440557,86,131,132,147
591,28853618,102,144,95,172
611,29488334,116,148,120,162
573,31892964,55,159,103,164
597,29374045,114,132,105,167
605,30240193,85,141,93,147
595,30444266,83,112,76,185
597,30245904,83,120,111,177
619,31534532,71,130,112,126
598,30265904,87,127,106,157
617,29774045,102,135,100,142
639,31085904,92,128,118,112
619,29729600,116,121,91,164
595,29491141,108,122,86,170
617,29373618,100,139,113,148
647,30208334,129,141,107,133
641,30088334,120,155,100,119
608,31471627,64,128,111,142
642,30431141,134,132,97,113
632,30464212,90,169,95,135
584,28632352,105,159,103,165
592,30303000,79,129,108,169
606,29711141,111,144,110,148
597,31251627,72,130,81,150
636,29988334,117,130,92,138
602,29818864,90,172,128,158
585,29840193,83,125,111,175
592,28873618,104,145,106,174
634,29796118,96,149,108,127
645,29852352,112,169,106,124
647,29892352,113,166,109,127
650,29952352,105,172,124,123
610,29634045,118,118,89,167
637,30880193,91,152,97,131
619,30158864,90,163,127,137
637,29647005,109,162,136,133
635,30840193,90,149,94,130
642,29792352,117,177,119,117
638,30194045,114,130,89,118
613,30084212,85,163,125,140
612,29831141,112,133,97,154
580,28868334,101,145,110,169
567,30012839,72,170,111,174
581,29444212,89,184,112,163
621,30244212,88,172,101,142
584,29114045,108,134,96,187
638,30305793,114,131,128,128
594,29658864,86,178,127,157
592,30145904,89,124,95,164
619,30520193,81,135,82,137
578,29384212,86,150,100,174
613,30038864,91,162,139,141
638,30351141,120,124,89,133
629,30252407,121,108,105,139
630,30740193,91,163,122,132
625,29497700,94,164,63,139
610,29791141,126,118,110,160
638,30028334,96,137,100,132
609,29529600,119,119,121,168
627,29762986,96,139,130,143
630,30191141,100,134,77,120
639,30604212,93,177,98,124
632,29547005,102,172,127,121
640,29707005,113,170,134,132
586,30708820,67,148,108,184
584,28948334,103,149,99,185
615,29891141,108,126,105,144
585,29134045,109,135,75,179
585,28968334,102,137,111,175
593,31171627,72,124,118,157
604,30220193,91,138,107,178
640,30391141,113,136,103,124
622,30827170,91,117,96,143
625,30594846,89,143,131,130
593,30165904,80,138,108,139
620,30540193,92,145,121,130
589,29214045,112,135,102,169
629,30674846,86,143,134,151
580,29905904,87,138,105,170
598,29309600,100,121,79,171
601,29611141,117,125,122,159
637,30412407,96,111,113,120
621,30198864,84,168,141,133
625,30640193,80,139,90,133
603,29494045,128,136,101,169
626,31508820,67,135,112,124
585,30372839,72,165,104,175
585,29291141,98,144,87,153
601,30483000,89,129,123,162
582,28592352,104,156,92,180
577,29131141,100,132,108,159
616,29227005,105,172,134,147
579,28848334,97,135,105,182
625,30760557,74,137,133,118
611,29811141,112,125,110,154
644,29832352,111,161,102,127
574,28914045,96,120,103,191
610,30024212,86,166,109,160
592,28956118,96,151,110,176
590,30263000,88,123,88,173
606,29508698,110,132,131,163
596,29511141,96,131,90,165
583,29800193,88,134,91,160
640,30624212,90,165,102,133
602,30180193,87,142,84,182
617,29292352,101,168,97,126
606,29554045,110,130,97,175
630,29507005,109,189,134,140
579,29404212,83,180,107,172
635,30687978,93,146,123,139
599,29571141,125,120,87,184
614,29187005,125,157,130,162
615,29649600,106,121,104,139
620,29668334,95,143,116,139
620,29991141,109,124,106,129
592,30512839,68,171,86,174
575,28452352,97,159,82,162
621,29688334,111,138,108,145
580,29034045,105,127,93,160
627,30318864,93,176,127,129
590,31192893,72,116,123,159
627,31084266,76,114,109,124
618,29951141,100,128,98,146
592,29431141,112,126,99,182
608,29984212,77,164,105,173
569,29204212,89,167,96,176
579,29720193,89,134,93,185
609,29366444,115,169,113,104
610,29978864,86,179,132,141
624,29868698,98,130,129,124
605,29133618,101,144,78,157
631,31292839,72,191,77,131
623,30923000,91,130,105,132
640,31105904,87,131,78,124
609,30485904,84,129,115,147
610,32238007,58,133,94,135
630,31063000,89,125,104,133
633,30094045,115,130,95,143
577,29680193,88,131,109,175
603,30732839,63,166,114,135
633,30800193,84,128,94,118
624,30943000,82,120,115,141
635,29733618,109,144,80,123
601,31008820,70,146,108,160
596,29269600,100,122,104,167
576,30192839,72,173,81,176
606,29635311,106,117,73,161
639,30371141,130,126,117,131
628,30700193,85,140,109,136
627,29974045,95,125,105,142
632,29989600,97,124,98,116
621,29808698,119,132,135,155
615,30763000,90,128,99,137
593,30081459,93,122,97,171
603,30200193,84,127,106,163
569,28814045,110,126,99,187
580,30063000,92,120,100,179
608,29751141,106,129,98,146
586,29860193,87,149,92,173
585,28652352,98,175,77,176
612,30703000,87,122,96,154
623,29367005,101,166,128,138
587,29331141,114,129,105,171
602,30345904,90,127,89,168
593,29451141,96,140,112,167
619,29648334,114,132,116,166
629,31043000,92,118,95,135
614,30104212,84,152,115,144
603,30523000,92,129,84,165
570,29224212,79,166,104,156
648,30228334,129,145,110,123
628,29593618,98,135,116,144
621,30560193,92,140,95,146
628,30151141,117,128,117,135
635,31005904,91,134,123,130
577,28492352,104,151,106,167
634,30458864,91,162,132,126
618,29267005,102,158,128,135
627,29447005,103,166,129,136
600,30305904,88,124,83,167
593,28893618,94,140,105,163
645,30168334,102,129,89,141
597,29927978,88,153,99,157
573,29600193,85,149,95,181
637,30174045,122,139,113,134
628,29782986,124,145,127,142
598,31516314,59,164,113,119
592,30061459,90,122,105,176
603,29409600,107,123,102,179
622,30345478,93,136,111,140
585,28733618,98,143,98,164
591,30125904,92,135,110,179
591,29335311,101,113,88,176
624,30152407,95,114,95,141
641,31125904,92,138,99,129
616,29992407,104,114,113,146
627,30845904,92,122,98,137
616,29542986,104,144,127,148
613,29376118,122,149,100,160
600,29033618,104,143,83,166
601,30325904,91,134,106,148
624,29829600,107,124,72,143
605,30405904,86,135,101,161
632,30545478,80,145,111,138
602,29256313,110,94,105,158
641,30254045,94,132,90,126
656,30711141,111,143,100,119
587,29412407,122,117,81,176
601,29053618,102,145,91,168
588,29028334,96,139,104,179
604,31150086,71,122,99,125
620,29834045,98,128,112,137
590,29315311,100,113,96,186
588,30223000,85,154,91,170
620,30494846,91,140,130,136
591,30283000,89,126,95,191
626,30111141,101,124,99,137
645,30334045,110,141,117,130
604,29429600,116,119,106,165
620,30863000,92,127,100,140
586,30392839,72,165,104,165
602,29389600,126,121,103,173
613,30723000,89,134,102,152
594,30552839,68,174,117,164
619,29971141,133,132,83,162
630,29988698,115,136,132,132
620,30705904,93,124,93,128
623,30681459,92,114,109,130
621,30725904,84,131,88,126
606,30260193,90,144,92,165
572,29264212,87,167,79,165
642,30274045,108,130,95,124
651,30136118,134,153,102,127
587,29008334,99,149,87,183
615,29734045,103,135,107,139
635,30291141,107,123,106,137
641,30960193,93,134,87,129
630,30272407,96,111,98,137
574,29620193,91,138,100,176
613,29851141,107,131,101,153
618,29709600,100,123,90,130
593,30323000,80,125,109,160
582,30628820,67,143,86,176
598,29505793,118,121,129,159
590,30105904,86,134,99,163
581,28572352,98,161,100,168
595,30363000,87,130,113,169
610,30340193,81,145,95,146
637,30518864,89,173,131,113
601,30114846,89,139,129,168
626,29954045,124,139,97,135
632,30945904,85,124,98,137
638,30900193,92,132,90,127
596,29036118,102,153,94,173
607,30280193,76,139,102,142
574,29304212,86,167,115,172
628,29676118,108,139,104,147
580,29740193,74,126,100,168
611,29253618,106,145,118,166
621,29327005,94,167,128,136
634,30940557,74,123,129,119
628,29948698,99,120,127,129
644,30148334,110,132,101,133
591,29411141,99,129,116,164
626,30660193,88,152,106,136
591,30492839,72,175,111,166
626,30192407,108,117,109,144
596,30184284,92,136,88,104
631,31083000,93,119,120,131
652,30308334,131,145,108,135
642,29956118,105,151,80,129
596,30225904,92,122,119,172
632,30231141,120,134,88,123
591,30041459,87,124,94,179
634,30985904,83,135,94,120
586,29154045,95,125,95,176
642,29837700,105,170,59,126
648,29912352,107,183,109,114
636,30069600,111,122,97,123
606,30214846,88,152,127,145
595,29572407,118,112,107,163
606,29469600,109,112,104,148
593,30848820,69,136,114,168
633,29567005,101,151,133,124
633,30332407,113,111,86,131
589,30452839,67,166,104,162
594,29229600,100,122,105,148
612,29674045,112,124,100,146
591,30808820,67,152,98,157
605,31088820,70,151,99,154
585,30163000,91,137,101,167
634,30667978,82,157,105,130
588,30914532,70,128,111,181
581,29054045,97,132,90,175
626,30825904,93,134,101,137
591,28936118,113,152,107,177
619,29814045,109,133,91,132
626,29869600,95,124,88,142
590,29858303,91,174,107,108
582,29074045,95,119,86,165
595,30205904,84,131,89,170
576,28472352,95,182,113,177
579,30734532,67,135,93,156
652,29992352,124,165,89,139
612,30912839,71,174,76,141
641,30169600,117,115,116,133
626,30983000,92,120,86,139
601,30007978,90,149,97,175
602,29073618,109,139,104,176
631,30525478,86,144,114,125
643,31000193,89,128,98,131
634,30271141,104,128,97,135
586,30874532,65,149,98,174
588,28876118,100,145,112,171
579,30043000,85,127,87,179
598,30632839,72,171,107,139
630,30115311,117,117,102,122
583,29251141,117,134,83,170
636,30265793,102,142,128,128
649,29932352,117,157,88,145
615,30078864,80,181,131,146
616,30625904,87,130,112,127
620,29397700,100,172,62,144
631,30398864,92,171,139,128
570,30072839,67,173,108,159
620,30944266,91,117,112,138
624,30620193,74,127,117,135
629,29613618,116,142,91,147
632,29862986,94,145,134,135
626,30907170,89,116,89,136
586,30183000,85,124,102,174
612,30380193,92,138,96,170
597,29612407,105,104,91,164
627,31003000,76,119,108,135
607,31128820,67,140,115,143
568,29184212,92,162,98,190
624,30785904,82,129,124,142
601,29580658,121,105,63,162
628,29467005,100,161,127,123
630,29822986,131,135,128,139
581,29925904,90,120,80,186
578,28512352,95,177,84,176
636,29627005,103,164,132,143
598,29475311,111,113,107,165
589,28777700,100,165,59,168
624,29702986,111,138,137,128
599,30443000,91,126,94,161
597,30403000,90,130,97,166
579,29801459,79,124,110,173
620,31554532,70,137,108,139
609,30320193,91,131,93,153
599,29495311,100,117,79,163
574,30152839,70,164,83,176
617,31494532,72,139,91,143
591,29492407,118,116,86,175
643,30128334,123,136,105,147
569,30691627,62,129,111,189
627,31212839,70,167,85,136
601,29324252,115,122,127,158
584,30067170,82,117,109,175
623,31448820,71,140,108,122
602,30584266,82,114,93,164
581,28969600,112,123,105,173
598,28993618,101,139,86,168
605,29615311,121,113,94,164
626,29413506,103,109,104,144
582,30394105,72,145,108,170
633,30754846,90,128,128,139
604,30385904,82,141,117,146
623,30765904,85,124,109,141
588,29981459,86,118,93,184
646,30188334,111,142,100,110
636,31025904,86,132,110,126
615,30972839,71,179,107,133
622,31112839,69,168,105,131
607,30603000,84,122,83,155
579,29171141,108,132,102,168
642,30062986,117,132,130,129
565,28252352,97,156,73,170
642,30664212,86,180,107,128
634,31143000,90,136,103,140
603,29575311,108,115,102,168
615,31454532,70,134,102,134
573,28728334,104,126,94,174
643,30294045,135,136,114,136
601,29408698,94,149,128,163
625,29533618,95,144,87,134
644,29787005,122,169,130,138
649,30414045,113,134,117,130
597,29056118,111,164,93,178
600,30463000,91,134,108,166
571,29560193,73,137,102,176
581,29760193,78,147,93,165
604,29196118,99,148,114,167
592,29512407,102,116,105,185
633,30009600,111,118,95,142
602,29555311,106,117,99,168
631,29842986,117,151,128,135
626,30298864,91,184,131,145
635,29922986,103,133,133,125
579,30252839,72,169,106,159
630,31272839,70,173,106,126
622,30218864,86,156,135,147
579,29014045,97,156,101,162
588,30748820,66,140,105,165
573,28412352,99,162,110,167
600,30544266,83,111,125,168
626,29517700,107,168,59,137
638,29667005,106,158,136,138
583,29094045,104,127,94,168
601,29369600,109,123,119,161
634,29587005,111,152,128,138
601,29692407,103,117,99,171
618,30620557,85,125,129,136
607,30445904,78,132,95,157
602,30503000,92,122,91,170
614,30743000,75,125,118,133
577,30003000,91,126,102,175
612,29755311,105,117,100,153
617,30118864,91,161,127,131
596,29907978,89,164,104,149
649,30329600,130,124,76,126
622,29347005,110,159,128,140
606,30153325,91,152,60,167
633,31332839,69,160,108,135
598,30181459,88,121,121,170
595,29249600,107,123,97,164
600,29778864,87,183,129,170
587,29255311,107,117,82,159
615,29207005,97,181,127,160
581,29607978,88,147,100,180
581,29135311,95,107,107,183
628,31023000,86,124,114,135
602,30261459,90,124,112,165
634,30029600,113,122,86,131
604,28987005,102,176,127,169
630,30378864,77,176,129,134
637,31045904,93,120,120,132
644,30102986,130,157,129,129
613,29167005,98,173,129,149
607,30812839,71,164,92,145
622,30031141,94,134,108,139
645,30491141,130,135,103,125
596,29825478,92,142,115,164
613,30400193,88,139,94,138
589,28813618,99,143,108,170
584,29985904,90,129,119,169
640,30149600,97,123,112,128
589,29452407,100,117,97,155
594,28787005,97,161,130,165
644,30704212,86,180,105,119
597,30484266,89,115,102,151
611,29892407,110,116,106,169
578,29865904,83,130,103,173
629,30095311,115,116,99,133
628,29909600,127,124,104,133
628,30465478,93,145,91,110
609,29402986,108,142,127,150
643,29848271,101,144,127,129
614,30374846,92,132,132,147
619,29895311,119,115,101,140
624,31746280,66,123,127,126
590,28986444,97,186,101,106
635,30478864,87,167,134,132
592,30994532,72,132,110,144
615,30440193,84,139,113,155
645,30724212,87,173,112,134
592,29398738,83,109,93,176
630,30905904,87,140,89,126
586,29311141,115,138,106,188
610,30505904,85,131,110,147
623,31132839,69,172,85,138
592,30828820,67,139,101,175
610,29233618,103,142,87,141
576,30508820,70,148,102,176
629,29802986,134,134,127,141
625,30015311,109,115,105,111
629,31124266,92,117,107,130
612,30545904,90,123,111,163
597,29289600,105,121,88,164
621,29453618,97,145,101,139
592,29618864,84,170,127,170
611,29778738,80,105,101,120
643,30451141,111,123,111,132
575,28768334,108,151,99,177
625,29849600,100,114,94,134
601,30564266,82,115,90,170
644,29913618,106,143,95,131
609,30643000,88,135,119,145
619,30601459,89,121,97,135
610,30421459,88,117,107,162
603,29448698,109,121,127,174
608,29067005,103,156,136,158
601,29535311,107,112,98,163
632,31103000,93,120,96,136
631,29527005,109,168,131,133
574,28432352,99,147,100,188
610,30744266,88,116,109,157
590,30021459,88,120,100,183
578,30548820,68,155,96,176
641,29936118,103,155,110,132
621,30011141,97,131,118,142
641,31283000,91,129,109,126
647,30764212,88,182,104,120
613,29330771,94,139,131,137
592,29827978,85,151,91,173
614,30420193,93,144,111,154
629,29929600,122,119,84,144
629,29487005,95,179,133,128
619,30685904,88,120,112,135
635,31163000,77,130,102,127
596,30141459,82,123,104,174
575,29324212,76,169,107,178
655,30052352,129,148,101,134
581,30083000,86,127,111,176
613,30565904,89,132,83,154
636,30625478,92,142,93,130
584,29271141,97,128,106,172
636,30498864,86,163,133,127
640,31263000,92,128,121,125
648,30394045,101,133,85,133
642,30980193,89,143,106,144
576,29660193,77,140,108,171
610,29745793,101,121,135,146
583,30123000,88,130,99,180
587,31051627,64,121,106,175
565,29605904,85,126,87,188
603,28967005,104,168,132,155
608,30465904,80,124,112,150
614,30185478,83,143,101,131
616,29911141,100,126,87,151
577,28889600,101,123,86,184
582,30184266,80,117,92,170
575,29640193,85,131,94,158
596,30592839,71,168,108,164
583,30332839,67,170,108,158
622,30745904,91,130,91,152
598,30347170,76,116,110,173
620,29749600,107,123,89,148
597,31094532,71,128,85,159
600,30672839,70,169,108,155
603,30047978,86,147,92,164
621,31092839,70,167,113,118
585,29921459,90,123,97,172
564,29104212,89,165,86,197
600,30387170,87,108,117,150
615,30100279,89,103,116,150
650,30434045,126,122,108,129
607,29812407,104,115,96,163
586,29069600,111,124,92,169
605,29007005,105,175,127,156
584,29195311,104,112,107,184
639,29687005,121,180,129,138
599,29222756,88,128,88,168
570,29863000,77,128,74,180
628,30338864,74,159,130,115
614,29714045,112,141,100,156
587,30284266,92,110,100,167
614,29871141,120,130,104,160
602,29156118,124,178,108,166
595,29016118,100,147,94,163
589,30243000,90,136,98,174
589,28896118,103,162,99,172
615,30605904,93,127,97,149
628,31548820,67,143,106,136
598,29076118,106,137,111,163
631,31608820,71,142,93,130
612,29147005,113,178,130,140
611,29569600,98,121,94,149
606,29512425,102,144,118,106
599,29329600,99,116,109,160
617,29247005,105,170,129,148
627,29844252,128,124,127,145
587,28856118,105,155,91,172
585,29092425,111,138,79,105
596,28953618,114,143,114,172
584,30352839,68,164,119,156
643,30209600,112,124,95,134
594,28913618,101,145,104,177
633,30438864,92,159,142,136
648,30784212,93,175,105,121
626,29553618,104,145,110,130
571,28372352,98,152,100,195
636,30235311,102,116,94,134
615,30205478,75,145,108,134
632,29673618,114,145,98,139
650,30268334,121,140,89,129
602,28947005,97,160,127,163
579,31452296,61,136,103,170
580,29191141,101,131,83,155
624,29513618,108,145,80,148
588,30147170,89,113,107,163
627,30634846,90,139,129,129
583,30814532,69,129,102,175
597,30327170,80,107,102,163
596,30908820,72,140,104,142
602,30712839,69,162,109,133
646,30744212,85,183,119,133
618,30032407,111,107,104,156
579,29885904,82,135,78,175
596,31231627,72,136,85,166
614,29952407,115,116,99,159
596,29592407,101,112,103,163
585,29049600,98,119,117,162
602,31596314,56,163,99,132
617,30012407,104,109,113,132
627,30055311,124,117,96,152
586,28613506,102,105,97,171
623,30132407,99,114,104,151
597,28847005,101,168,129,149
596,30464266,91,115,92,167
622,29955311,118,115,101,120
606,29153618,127,141,76,172
625,30091141,94,129,115,156
607,29489600,114,120,112,142
604,30340557,73,132,127,146
590,30472839,70,157,99,169
632,30312407,116,114,101,120
604,29858864,87,162,132,143
600,29672407,109,105,98,154
600,29349600,128,117,93,179
589,29129600,110,123,88,187
637,31203000,88,125,118,137
584,29225793,101,121,128,170
625,30278864,86,160,130,134
590,29578864,80,169,129,167
621,30092407,108,110,100,129
593,30247170,90,111,98,175
597,29332425,108,137,101,108
590,30788820,72,156,107,171
590,29149600,95,123,104,165
603,29093618,106,145,110,166
620,30621459,91,120,95,126
609,29958864,79,173,133,163
629,29696118,108,160,99,124
588,30432839,72,161,115,173
593,29375311,119,115,98,180
626,29427005,110,177,127,137
600,30221459,91,120,108,167
566,29144212,84,166,94,171
588,29747978,76,152,97,179
568,30032839,68,173,114,177
626,31192839,68,164,87,134
603,29732407,108,110,71,168
637,30089600,112,115,82,142
638,30275311,106,111,98,121
620,30660557,89,127,128,140
633,30881459,92,123,85,121
629,29968698,94,131,129,134
615,29416118,117,147,82,159
634,30352407,103,116,98,126
627,29573618,102,145,101,117
608,29832407,116,113,103,162
644,30785478,88,145,112,127
651,29972352,103,168,112,126
630,29633618,105,142,107,118
591,30080557,73,141,128,166
644,31020193,89,140,90,125
598,31271627,72,128,101,172
594,30267170,86,113,113,171
570,28352352,96,149,82,192
624,31152839,72,161,117,138
596,30180557,79,120,127,183
618,31514532,71,128,115,114
600,29987978,84,158,95,171
574,29943000,85,134,106,187
623,30238864,88,181,136,121
568,29823000,82,135,90,179
600,29515311,99,111,97,157
597,29498136,104,135,125,107
587,30203000,79,144,95,175
576,28954045,95,136,96,165
642,30189600,112,124,102,147
600,28907005,102,174,130,163
608,29193618,111,145,78,168
650,30591141,125,131,97,135
618,31032839,70,165,97,119
606,30583000,93,131,91,148
615,29845793,102,128,128,157
595,28897700,96,169,61,187
584,30668820,64,132,106,168
597,30612839,72,161,105,161
571,30092839,68,177,86,177
585,31653562,59,117,98,166
595,29122986,100,144,127,167
588,29109600,95,118,98,168
641,29727005,100,165,128,133
589,29295311,120,114,99,184
570,29540193,84,140,93,181
602,29945478,91,140,109,147
589,29767978,91,140,103,173
638,29793618,115,145,66,130
644,31185904,86,131,106,119
636,31183000,90,129,89,130
601,29155047,107,103,110,167
624,30258864,87,173,128,129
644,30471141,98,125,81,135
649,30248334,121,143,90,140
591,29169600,98,115,113,180
622,29662986,118,142,127,151
619,29287005,120,158,129,157
587,28647005,107,160,128,167
578,29429559,75,167,60,168
583,29009600,112,121,95,173
620,30305478,80,138,117,143
617,29689600,120,124,118,166
593,28767005,94,157,130,166
591,30974532,69,129,90,156
630,30145793,113,124,130,126
582,28637700,100,177,59,173
611,29127005,114,161,134,168
613,29609600,99,124,100,137
622,29473618,95,141,105,121
573,30530086,70,124,94,158
630,30821459,87,121,114,137
607,30527170,93,112,120,171
648,30551141,121,134,104,133
611,30525904,82,131,104,143
634,30225793,100,121,128,130
578,29151141,102,140,100,174
606,29236118,98,139,98,175
619,29496118,109,152,111,156
635,30088698,100,130,127,132
585,30770086,67,124,101,166
592,29745478,87,145,110,159
637,29962986,117,136,128,131
622,29828698,102,143,138,133
599,29013618,99,144,113,176
622,30534846,88,128,127,133
605,29178966,117,143,57,162
578,28994045,106,128,108,175
573,30448820,65,132,109,177
579,32012964,54,162,86,172
601,29880130,90,145,131,155
596,30307170,91,115,96,171
594,29761545,86,94,85,165
645,30415311,109,107,112,124
633,29882986,105,147,130,117
565,29972839,68,164,102,180
595,28933618,104,145,99,161
578,30232839,71,169,102,178
588,29275311,98,106,87,171
572,31478007,61,130,101,178
586,29392407,99,117,103,171
629,30358864,90,164,127,135
588,28757700,117,177,60,188
635,30049600,99,123,103,129
651,30844212,93,161,96,126
599,29758864,82,168,131,141
597,29845478,90,142,91,171
638,31223000,87,131,126,138
633,31123000,90,130,101,129
625,29616118,122,153,116,133
621,30641459,89,124,104,147
622,31428820,72,155,109,141
612,31506280,69,132,128,137
580,30272839,72,175,102,162
597,29455311,123,117,106,168
628,30232407,103,115,103,143
639,30685478,93,144,100,122
582,30794532,65,130,83,183
606,29792407,120,116,97,160
614,30952839,65,171,106,137
638,30538864,90,158,132,125
639,30325793,105,134,127,131
610,30872839,71,180,105,136
600,30988820,70,136,102,151
598,30948820,72,154,81,173
575,29805904,86,131,96,174
617,30645904,76,130,83,133
622,30112407,95,107,103,144
631,30135311,107,111,103,137
578,30023000,88,131,95,175
596,29312425,117,136,111,106
595,29415311,114,116,81,168
606,29027005,97,177,128,177
619,30052407,112,114,93,153
582,29627978,88,161,78,143
577,28974045,100,135,93,174
603,29176118,109,163,106,152
622,29789600,109,120,104,159
593,31813562,59,124,91,156
620,29307005,106,169,135,133
628,31104266,89,116,112,122
591,29036313,106,101,105,190
591,29598864,86,163,127,167
590,29472407,102,107,87,165
590,28833618,96,143,102,170
594,29867978,90,153,100,167
577,30851627,64,127,98,151
604,29595311,104,115,77,167
594,30868820,71,133,110,159
593,30404266,90,117,98,174
639,30002986,103,144,129,130
625,31127492,70,175,131,125
636,30707978,83,156,93,121
645,30016118,114,149,95,132
600,29116118,99,159,102,161
578,28593618,112,138,90,181
610,29715311,114,113,101,144
627,29928698,107,130,130,134
616,30098864,91,171,130,146
622,30427978,88,142,91,144
579,30891627,66,128,101,183
622,30857653,93,132,129,139
611,30683000,80,128,93,126
604,30752839,72,173,79,164
639,30129600,106,123,90,119
624,29387005,107,166,128,139
587,29089600,95,123,73,174
576,29825904,77,128,91,166
602,29428698,116,123,127,154
648,30309600,108,120,91,120
619,29413618,96,145,95,129
643,30532407,110,114,105,115
616,30992839,72,165,121,132
637,29773618,109,139,107,129
571,28688334,94,137,94,168
623,29682986,113,131,128,138
589,29338738,92,108,94,176
576,28788334,118,136,102,179
584,30143000,91,132,97,182
602,29712407,103,117,114,163
612,29273618,106,145,99,152
625,31172839,72,192,104,133
589,30768820,69,147,94,156
620,31388820,71,144,109,123
618,30665904,92,136,109,130
578,28828334,94,159,111,161
585,29964284,78,144,108,105
609,30852839,69,153,94,144
631,31164266,87,115,101,133
656,30388334,119,143,101,127
580,28633618,102,142,96,179
614,30058864,93,162,135,119
594,29102986,94,138,129,162
618,30823000,90,121,91,149
633,31047170,93,109,111,127
586,29625478,90,145,122,169
585,28861490,93,131,88,168
644,30314045,124,136,109,128
590,31111627,71,126,96,170
605,29322986,114,142,127,158
592,31151627,71,124,109,161
602,31028820,70,139,99,146
601,30241459,89,124,81,169
618,29582986,97,147,138,145
592,30384266,79,114,91,163
583,30204266,82,114,85,180
636,29753618,97,141,92,132
635,30372407,101,115,123,112
621,30680557,86,123,131,135
599,30652839,72,175,106,187
644,30507059,111,107,136,129
627,31167492,71,179,127,131
588,29432407,101,117,117,173
581,31176314,57,174,111,171
622,30700557,93,129,130,145
627,30085793,110,119,130,149
584,28677700,94,158,59,172
599,29202986,107,125,128,167
618,29748698,119,123,127,141
644,29996118,111,153,87,121
595,29805478,88,145,111,174
619,31052839,68,156,84,127
638,30432407,101,115,115,121
599,30038303,90,169,98,104
613,29482986,99,138,133,157
595,29086444,98,175,110,106
598,30224284,88,147,124,108
633,31077653,83,130,130,129
613,30932839,68,166,112,148
598,28867005,102,167,127,175
598,30018303,75,159,119,106
593,29765478,85,144,97,159
613,29293618,111,145,90,151
609,29213618,120,141,109,151
607,30684266,93,117,91,176
621,30514846,88,131,127,128
646,29827005,103,173,139,127
613,31248820,71,145,99,139
593,29584449,82,99,93,152
607,29173618,98,133,107,157
629,31734532,72,129,96,132
617,31012839,72,151,110,132
585,29372407,111,117,84,183
598,29865478,80,143,94,172
639,30558864,80,168,131,117
603,29246444,109,160,91,105
633,31204266,89,110,101,125
604,30543000,81,129,96,158
632,30155311,104,110,111,138
639,29813618,120,144,81,141
609,30401459,90,122,96,156
572,29745904,75,130,93,195
646,30354045,108,135,86,121
628,30781459,91,122,101,122
633,31414105,71,141,112,125
637,29317525,113,127,115,130
623,29493618,94,138,89,139
610,30105478,93,145,112,149
604,31391627,72,125,125,156
621,29642986,95,141,133,143
597,29126444,106,171,111,101
604,29113618,104,137,100,169
606,30664266,85,115,96,163
629,30485478,86,135,119,137
594,29438738,82,107,99,189
573,30132839,67,161,94,167
596,28827005,108,179,134,166
625,31488820,72,154,117,131
603,30604266,87,116,94,175
628,30820557,90,126,128,123
633,30175311,111,106,79,138
636,30197472,91,110,115,129
572,28874045,108,129,82,163
565,30288820,71,147,82,184
599,29652407,100,112,94,162
590,28916118,101,138,94,173
570,29705904,74,138,100,174
592,29026444,114,171,125,107
639,30640130,90,144,127,118
604,28973506,117,107,120,160
591,29914846,90,151,132,161
616,30783000,88,123,93,123
616,30707170,86,111,122,152
630,31017653,93,119,129,130
608,30832839,71,152,119,127
568,30514532,66,138,97,173
573,29765904,80,147,112,166
615,29972407,130,110,100,152
608,32592964,54,157,95,134
641,30208698,115,128,129,131
586,29941459,84,123,100,169
604,30301459,82,117,106,156
584,28796118,116,163,94,182
603,30447170,89,113,100,158
605,30727492,72,169,129,145
575,30044266,90,116,105,174
622,30661459,86,123,93,126
631,29653618,110,143,115,140
601,30692839,71,167,96,160
614,31268820,71,148,102,140
638,31065904,86,140,92,118
588,28793618,114,144,115,170
638,30148698,122,121,127,126
632,30028698,103,125,132,124
614,29502986,95,146,129,154
608,29675311,98,117,96,153
591,30574105,72,145,68,177
591,29689559,84,167,57,167
611,30892839,71,158,76,131
656,30072352,124,165,102,137
572,29580193,80,131,106,181
597,30161459,90,123,89,162
583,28776118,111,152,91,173
609,29852407,112,116,93,177
632,30861459,85,113,125,127
650,30222986,126,146,127,119
595,29615232,101,133,115,106
596,29106444,100,174,115,105
605,30563000,92,120,103,158
623,29809600,104,124,109,134
632,30418864,83,165,131,134
622,30984266,85,114,105,146
594,29096313,119,100,116,170
622,29985793,99,118,127,150
645,30288698,118,136,140,136
635,29688271,104,145,140,136
620,29516118,108,152,73,126
635,31372839,69,174,74,119
582,29231141,97,126,89,172
600,31154532,70,133,116,163
572,28708334,117,137,86,198
608,29509600,98,123,96,162
622,29909964,99,116,130,140
569,30052839,70,181,96,178
614,30907492,70,165,132,139
608,30704266,82,113,102,151
612,29912407,108,114,97,152
613,29775311,106,114,106,146
601,29242986,97,149,132,165
606,29898864,82,182,134,149
601,29798864,88,170,130,151
643,30847978,83,161,108,116
640,30787978,93,154,112,117
633,29776118,104,145,107,132
626,30425478,93,145,107,144
587,29727978,85,134,111,175
589,28996313,104,97,89,168
587,30728820,72,147,94,145
638,30109600,109,123,90,137
614,29795311,95,105,124,147
643,31165904,86,133,116,125
594,29066444,111,181,109,107
607,29256118,106,159,110,165
608,29157700,131,166,63,169
618,31348820,69,130,89,140
577,29845904,89,130,88,177
586,28836118,105,149,90,196
610,29549600,128,122,103,149
638,29982986,111,131,135,132
626,29636118,107,154,107,127
594,30424266,90,108,85,168
642,29873618,101,144,115,129
601,29735232,95,132,96,108
646,31060193,91,152,81,131
611,29998864,90,166,129,155
620,29622986,94,135,132,134
604,29752407,124,117,100,178
623,29848698,105,132,144,142
625,31044266,88,117,104,119
625,29722986,105,145,134,133
630,29949600,104,119,98,123
607,29362986,114,138,131,162
629,30967170,84,115,96,139
615,29333618,114,138,94,171
610,29107005,108,169,131,149
606,30341459,93,122,104,160
610,29386444,118,171,114,108
592,29277772,95,140,61,106
610,28696259,96,131,104,156
584,29029600,108,121,93,173
584,30834532,70,141,100,172
612,32112296,61,141,94,159
628,30947170,89,117,100,132
573,30771627,67,129,94,172
605,30087978,86,152,120,151
589,29558864,90,169,129,166
608,31148820,67,139,86,143
615,30687170,79,115,114,164
603,31214532,70,132,93,138
635,29697700,95,160,62,141
624,30740557,83,120,134,135
560,29024212,80,181,95,188
591,28817700,100,158,63,169
648,30182986,120,131,127,128
585,29758303,92,172,71,104
599,30367170,93,117,89,169
639,31243000,81,131,120,124
601,29136118,117,155,114,161
580,31156314,59,171,92,161
565,29521459,84,124,101,167
582,30951627,72,133,95,172
608,29148271,105,145,129,165
627,30761459,89,123,104,131
600,29222986,116,148,127,160
584,30224266,85,117,98,177
597,30034846,78,142,131,137
597,28999218,98,96,107,162
605,30321459,93,114,111,148
627,30445478,77,145,111,133
595,28807005,108,167,128,160
640,29916118,104,151,86,125
593,29999569,73,134,95,108
591,30364266,83,117,95,168
608,29382986,112,148,133,143
612,30018864,89,183,129,151
628,31714532,71,119,106,135
635,30215311,103,113,97,126
580,29505478,89,142,91,161
635,30921459,93,120,106,134
591,29725478,85,145,100,168
617,29855311,101,117,91,128
598,29182986,104,137,129,166
632,30734846,92,166,127,139
605,30772839,72,177,107,163
641,29713506,122,105,109,126
633,30565478,88,145,105,138
609,29568698,128,134,128,153
624,30467978,73,150,98,123
606,30792839,70,164,82,146
620,30178864,85,167,127,148
617,30757653,90,133,127,161
605,29772407,99,116,107,166
570,32471752,55,128,92,156
625,29716313,103,100,102,141
575,29721459,91,122,109,173
599,30074846,89,136,130,138
597,29998303,74,158,76,107
585,32132964,53,170,93,159
593,28976118,109,155,114,153
630,30587978,89,164,79,129
594,29395311,111,113,116,165
621,30407978,85,157,89,143
576,30674532,62,138,115,175
584,30750086,72,121,89,159
582,28673618,110,143,115,172
584,29352407,105,112,107,161
600,29469964,113,114,134,160
601,31174532,68,137,97,144
626,31674532,68,134,92,141
618,30581459,78,122,98,121
612,29426444,119,172,101,104
587,30127170,90,116,100,170
621,29965793,105,118,129,129
651,30454045,115,140,107,120
632,30627978,78,162,108,137
599,30409996,80,120,94,105
648,29867005,125,157,129,129
637,29956313,109,101,91,143
575,30488820,62,137,116,165
631,30008698,107,131,129,137
593,29532407,119,109,108,183
607,30127978,93,155,79,141
608,29346444,115,167,99,107
572,30112839,65,167,117,183
642,29747005,105,169,135,123
626,29908698,99,126,128,121
625,30405478,77,142,84,134
609,29296118,132,151,88,175
620,29788698,111,135,128,138
572,28392352,94,169,103,187
585,28816118,112,146,108,172
635,31854532,70,128,110,128
623,31004266,84,115,100,142
603,29838864,89,170,127,165
610,29872407,117,116,117,156
644,30552407,102,108,88,134
620,29433618,97,139,116,128
633,29693618,99,143,119,124
624,29596118,100,155,102,139
610,30663000,84,129,109,165
628,29864252,97,120,129,149
645,30249600,137,120,101,135
652,30631141,111,127,114,123
596,29435311,113,115,93,192
633,29356129,102,127,95,122
633,29730771,105,162,131,120
590,30518186,71,179,62,165
572,30594532,72,124,108,174
597,30928820,71,140,124,152
563,29084212,87,151,84,179
604,29043222,108,109,87,159
598,30504266,93,113,88,182
626,30065793,105,124,138,120
606,29835232,116,131,75,106
577,29761459,84,123,95,173
616,29436118,114,151,105,149
630,30694846,85,142,130,122
588,28667005,105,169,127,173
581,29211141,104,137,95,175
600,29905478,87,140,97,161
598,29348698,123,119,127,169
569,29520193,81,137,89,179
638,30747978,90,150,92,123
609,30274846,88,148,128,129
591,31212893,69,115,88,157
615,31288820,62,136,96,142
591,29006444,111,160,105,101
630,31144266,78,115,118,135
606,30107978,89,155,107,165
581,30774532,67,122,120,170
622,31276605,71,155,99,128
635,31087170,88,110,104,126
625,29888698,114,124,131,142
647,30056118,103,153,97,135
570,30711627,65,130,112,167
587,29645478,89,145,81,167
586,29112425,96,131,98,103
615,29688698,117,128,128,141
622,30903000,83,120,108,135
633,31648820,72,133,88,133
600,30094846,91,135,128,151
559,29004212,82,158,88,190
556,32424823,51,174,105,182
617,30245478,78,136,107,128
611,29765793,99,121,127,161
588,30304266,90,104,97,172
624,30385478,78,143,94,128
600,29186444,106,177,124,104
602,29262986,109,138,131,162
628,31232839,72,164,101,128
649,30013618,122,144,90,131
594,29552407,100,116,102,160
577,31412296,57,165,98,172
649,30571141,94,130,99,132
614,29396118,117,178,115,179
599,29967978,92,161,90,163
569,29685904,84,119,89,182
625,31811627,69,138,83,141
586,28753618,96,145,102,174
631,30292407,102,112,94,132
635,29816118,122,134,105,138
590,30187170,76,112,86,173
625,29077525,97,129,98,122
595,31054532,67,131,102,175
589,29685478,93,133,81,185
599,31536314,60,164,106,146
624,30574846,90,132,134,130
626,30507978,75,168,115,132
645,29807005,111,166,129,129
611,30847492,68,155,135,134
631,31007170,88,113,122,140
614,30540557,83,133,130,149
641,29853618,120,145,86,127
589,30534105,72,142,99,171
574,29038738,88,103,89,166
589,28941490,93,131,93,176
570,30388820,69,142,105,176
627,30800557,83,133,127,127
592,30100557,80,129,131,137
616,29353618,108,145,89,136
641,31080557,84,133,131,137
577,29445478,75,144,96,168
589,30288347,89,138,60,177
614,30667170,93,111,118,142
616,31876314,59,175,115,127
607,30361459,85,124,110,164
605,30158303,89,163,117,108
590,30064284,88,138,101,101
594,30140557,91,118,127,154
592,29398136,100,120,107,107
631,31037653,93,124,137,133
618,30347978,92,153,119,147
627,29433506,94,109,86,135
597,29413691,96,120,101,102
574,28793681,99,126,60,175
646,31383000,92,135,104,132
593,29638864,73,170,127,160
588,28653506,103,109,115,165
629,30997653,85,128,131,121
627,30881823,91,108,127,123
619,29602986,107,141,127,140
603,30281459,79,124,97,165
585,30087170,78,114,101,166
620,29915311,95,117,108,140
646,30511141,122,137,96,113
593,29046444,100,178,112,100
642,31303000,88,134,109,135
587,28773618,106,138,104,175
610,30827492,69,175,128,138
587,29961459,79,118,90,172
592,29934846,87,141,130,179
590,29705478,86,139,85,162
595,29445793,108,119,130,160
628,30075311,112,116,109,127
597,29664449,79,102,87,168
608,30029559,87,157,62,154
580,30588820,70,127,96,160
584,29585478,81,136,97,163
643,29767005,100,164,133,129
582,29312407,118,114,96,188
567,29645904,84,131,97,184
654,30514045,119,134,99,126
615,29297700,114,151,58,143
641,30365793,132,133,131,118
623,29975311,133,117,93,160
585,28593506,94,105,99,196
651,30288334,98,158,101,113
594,30144284,87,138,115,108
597,28937700,107,175,62,171
629,30840557,80,131,130,133
599,31134532,71,136,108,169
634,29713618,97,144,105,130
638,29876118,134,157,84,148
582,29521545,81,97,104,178
603,30401823,86,113,128,157
610,32026948,58,153,128,132
610,29316118,122,156,86,165
570,29387978,93,142,96,173
602,30427170,78,110,78,163
621,29769600,116,116,92,139
620,31072839,66,155,90,133
609,30085478,89,136,117,158
580,28949600,97,118,78,186
586,28627005,104,161,128,168
629,30125793,112,138,137,130
644,30229600,104,124,117,122
601,30449996,86,125,113,108
615,29522986,106,151,129,144
636,30108698,96,133,128,145
608,30420557,86,146,128,141
616,29669600,104,124,106,142
608,29276118,97,152,88,148
630,29597700,101,172,60,129
574,28748334,98,138,94,172
605,30644266,89,115,93,156
577,30212839,69,170,76,154
629,31334105,72,137,117,124
612,29553681,103,146,62,153
617,30600557,80,127,132,132
613,29932407,113,109,95,148
621,30280130,86,145,127,131
604,29139218,102,97,89,152
635,30013681,94,137,61,127
576,29111141,97,143,83,178
629,30440130,80,143,130,143
611,29336118,121,158,114,164
644,30974846,87,142,127,125
636,30980557,91,131,128,138
596,29698864,93,175,129,160
601,30407170,92,115,115,172
613,30247978,90,150,96,149
600,31872296,61,151,91,124
634,30068698,98,129,127,135
632,31184266,91,114,102,112
621,31731627,70,121,102,141
602,29226444,119,155,98,104
591,29062756,81,129,116,166
573,28809600,102,122,104,177
593,31014532,72,143,104,158
618,29875311,113,116,120,138
609,29695311,95,117,97,164
598,29146444,103,167,118,108
584,29667978,88,154,99,167
637,29856118,119,155,97,136
632,29637700,102,152,60,130
641,30042986,99,151,129,119
577,31096314,58,151,93,159
637,30285793,103,124,127,133
623,30447978,92,154,104,138
647,30531141,111,121,97,131
631,29608271,95,139,129,127
576,29983000,93,130,94,180
581,28736118,108,153,111,181
603,28953506,105,109,101,173
639,29896118,110,163,113,125
614,29173506,110,107,102,144
611,30314846,91,147,128,160
598,31114532,67,144,105,162
599,30201459,83,120,108,158
620,30387978,86,148,115,145
618,30138864,88,171,129,144
585,29581545,75,101,100,178
579,30124266,90,116,103,162
590,29188698,94,143,130,167
639,29777700,105,167,60,124
611,31208820,71,135,100,126
616,31474532,70,134,88,145
627,30527978,84,155,122,139
619,29768698,112,134,134,147
563,29400193,89,131,107,178
604,30624266,88,112,117,156
571,30655798,64,117,87,181
595,29288698,103,135,127,165
593,29339392,114,141,56,186
637,30128698,97,141,128,130
640,29296259,103,131,91,146
612,29628698,122,123,130,140
589,28687005,104,147,129,174
638,31432839,72,164,109,138
620,30787170,84,117,87,142
589,30044284,87,135,104,105
579,29095311,105,112,104,180
594,29974846,78,140,129,156
604,29468698,100,138,134,166
585,29215311,94,114,105,160
596,29142986,122,146,131,165
592,29232425,103,142,111,107
647,31403000,92,122,115,121
616,30225478,88,144,105,150
602,29307710,118,144,94,102
584,32112964,54,177,100,159
589,29649559,83,164,59,163
632,29756118,105,148,75,130
571,29011141,94,130,85,172
589,30167170,85,117,85,166
600,29388698,97,127,130,156
605,29216118,100,156,116,155
587,30894532,68,121,98,175
611,30207978,86,147,99,141
654,30032352,108,162,108,133
576,29907170,91,107,96,164
584,32428945,53,138,117,154
595,29994846,93,162,131,155
640,30022986,116,145,128,138
589,28276259,107,131,77,171
624,30701459,81,121,115,137
642,30355311,104,116,101,129
574,29785904,92,128,93,178
613,31652893,71,117,107,138
638,30981459,87,123,114,130
596,30014846,81,147,131,165
635,30605478,93,143,102,140
616,30414846,87,135,132,147
631,30089964,120,115,131,132
623,30636112,92,121,129,151
631,30880557,90,124,130,131
636,29942986,116,144,129,126
623,31614532,70,132,114,138
572,30996314,59,176,109,167
582,28989600,111,122,97,183
610,29422986,119,135,127,166
632,32032893,68,111,99,117
601,31331627,71,137,112,162
627,29656118,116,160,92,143
605,29286444,107,164,112,107
653,30651141,122,132,121,122
570,28668334,99,146,97,182
645,31040193,88,144,111,124
614,30267978,87,153,94,145
649,30804212,93,168,96,131
583,28693618,115,144,98,164
591,30207170,91,117,98,148
600,30058303,89,155,90,108
618,29476118,100,149,92,124
621,31408820,69,145,122,129
631,29736118,103,150,78,128
634,30195311,108,116,90,124
580,30911627,68,127,94,179
578,28909600,99,120,107,180
590,30954532,69,128,111,175
618,30454846,85,144,134,154
633,29657700,111,169,60,137
605,30005478,87,145,109,153
577,30167492,68,163,129,156
630,29716118,105,157,100,133
640,29833618,100,140,86,127
599,29885478,88,145,109,168
599,28887005,110,175,128,161
603,29941545,91,98,111,167
620,29561490,90,131,93,128
593,29503183,90,103,107,175
578,31598007,60,125,97,180
595,28793506,125,103,87,175
611,30607170,88,116,120,123
626,30780557,93,137,128,132
569,28648334,108,137,87,180
636,30392407,104,114,99,135
613,31414532,71,124,94,138
583,29881459,82,123,102,177
629,30567978,87,154,88,142
630,29577952,106,103,119,149
641,30598864,89,177,132,131
612,29462986,98,134,130,152
611,29735311,98,115,75,140
627,29352240,95,110,117,134
607,31294532,69,125,76,134
580,30835798,67,117,112,146
570,28991141,107,129,92,175
605,28993506,102,108,84,172
598,29947978,90,145,79,169
582,30027170,92,115,97,171
610,29093506,113,104,107,134
643,30638864,93,161,129,126
602,30134846,93,129,128,155
573,29365478,85,143,105,171
612,29133506,126,101,107,137
595,30121459,93,114,106,175
640,30578864,86,166,129,146
617,31328820,71,127,76,141
620,29388271,103,144,133,156
575,28934045,99,149,102,169
580,31638007,61,122,116,152
637,30255311,103,116,83,122
601,29565793,106,118,129,164
596,28883222,104,108,125,161
569,30936314,60,172,93,185
621,29536118,107,151,110,157
615,30394846,86,149,128,151
588,29305793,95,123,127,165
642,30385793,120,127,130,137
581,30007170,79,109,102,173
628,30105793,100,139,129,142
582,31512296,60,134,106,169
591,31131627,71,125,104,167
623,30365478,90,142,94,136
624,30867170,84,114,93,128
599,29459392,108,122,63,163
596,31074532,72,140,84,160
579,29567978,87,145,75,170
583,29565478,82,144,91,169
567,29164212,91,173,99,177
568,30595798,64,112,91,182
590,29787978,92,158,84,160
572,30428820,71,143,87,170
604,29472425,102,146,103,97
639,30452407,118,117,108,115
568,29500193,85,138,102,176
635,30245793,108,131,127,131
584,31236314,61,160,101,171
582,29861459,86,122,110,178
598,28957700,102,158,54,173
585,29687978,91,159,84,179
611,29442986,115,135,130,171
575,29963000,88,123,95,172
636,29297525,111,129,94,130
585,28828933,109,101,115,167
581,29841459,82,122,75,184
622,29428271,101,140,127,130
632,31312839,69,182,96,128
624,31024266,91,113,95,144
630,31911627,68,128,83,132
594,29785478,87,144,113,172
574,29071141,118,122,87,174
620,31711627,71,123,84,148
615,30521459,84,120,98,137
634,30774846,91,148,136,125
655,30368334,130,133,103,121
631,30841459,82,122,82,121
605,29878864,89,175,130,156
604,31068820,72,145,88,139
600,29392425,100,155,98,101
606,30507170,79,117,99,161
627,30167059,98,109,127,131
619,30924266,75,117,100,146
586,30107170,89,114,105,173
599,30524266,80,116,101,152
573,30614532,72,121,106,172
599,28977700,106,164,63,167
604,29302986,101,130,131,174
612,29785793,105,134,139,139
623,30005793,108,125,127,143
639,29768271,101,145,135,128
632,31027170,87,105,99,141
579,28696118,99,150,90,193
570,30554532,69,128,106,179
617,30561459,82,123,97,136
639,30168698,112,127,129,109
606,29306444,111,189,109,100
621,30807170,77,112,107,136
629,30801459,88,124,95,127
640,30345793,113,127,140,149
638,31147170,82,116,89,122
603,29965478,77,143,104,165
599,29372425,111,160,110,106
592,30676605,64,153,87,165
607,30767492,68,170,129,136
606,31992296,59,137,101,143
619,31368820,68,135,118,137
596,30674105,71,145,111,171
623,30645540,90,151,61,157
637,30834846,86,142,133,126
625,30172407,98,110,103,131
586,28717700,97,161,62,196
600,29669885,112,124,134,108
604,30467170,80,117,112,166
577,30528820,72,135,92,179
650,30824212,92,151,102,129
613,31571627,69,127,120,149
592,29385793,96,124,131,166
631,31774532,71,135,106,143
618,29393618,99,140,99,132
635,30794846,87,152,139,124
601,30078303,81,185,108,105
618,30747170,93,116,93,139
624,31791627,69,131,114,153
620,30072407,129,108,114,167
617,30727170,81,115,107,115
612,30334846,90,141,128,152
623,29576118,102,155,99,137
596,29978303,85,174,123,108
623,30554846,87,162,132,137
585,30244266,77,115,112,164
630,30505478,88,142,112,125
634,31067170,85,114,122,133
585,29245793,97,132,131,168
594,30297653,83,128,130,169
581,29292407,96,111,73,178
629,31252839,70,175,95,138
605,31254532,64,132,113,146
619,30474846,84,144,131,133
623,31087492,72,166,127,147
586,28906444,98,167,108,102
601,29412425,100,141,102,105
573,28894045,97,142,101,189
598,29182362,115,152,133,99
600,28997700,100,152,59,169
601,30437653,77,132,128,151
563,28528334,96,141,88,185
631,29617700,108,165,61,124
580,30436605,72,159,111,174
571,29725904,92,124,106,184
593,28753506,97,102,114,163
627,30212407,100,115,91,121
625,30381545,81,100,100,140
577,28573618,98,145,87,177
565,29124212,79,163,80,177
602,30469996,93,136,108,107
608,29705793,95,122,135,144
651,30611141,137,129,84,127
643,30082986,95,132,129,120
628,30547978,89,140,74,136
637,31127170,88,114,95,125
591,28397525,105,124,95,183
624,31468820,68,131,75,139
605,29097700,108,156,62,168
647,29847005,116,171,127,138
585,30854532,69,130,76,167
607,29137700,94,153,55,149
626,30741459,93,124,110,125
612,31632893,71,112,113,146
622,30781823,81,117,129,144
573,31332296,56,144,107,166
588,29665478,86,144,119,161
598,29738864,85,170,132,164
571,30408820,71,141,91,181
604,30067978,86,150,100,172
599,29166444,107,169,110,108
639,30295311,126,117,126,121
585,31011627,72,119,102,182
628,29548271,102,145,130,139
618,29905793,114,136,136,151
597,29809559,92,167,62,171
636,29790771,111,149,127,135
564,29952839,71,156,89,182
583,29924284,88,125,97,104
606,31274532,64,135,126,131
577,30694532,71,125,111,177
642,31145904,91,130,114,145
559,30736314,60,171,100,163
588,29818303,88,184,83,102
560,30270086,71,124,92,190
575,30654532,70,139,94,172
602,29037700,113,160,52,165
585,29605478,84,145,108,163
640,30188698,126,125,131,125
576,28636118,99,151,95,173
646,30269600,113,123,79,124
604,29795232,113,120,85,101
584,29901459,88,121,86,159
606,29789885,129,125,133,106
571,31292296,60,134,121,156
577,30376605,68,148,99,154
647,30162986,106,138,128,126
571,30574532,69,128,101,167
606,29342986,102,129,131,165
591,30084284,88,142,103,101
634,31991627,68,131,80,123
610,29504252,94,115,129,160
581,30608820,70,154,110,159
597,30200557,76,132,131,167
604,30174846,84,136,133,146
638,30665478,90,144,103,133
619,31450086,67,122,97,133
622,31594532,64,139,109,129
600,29558136,99,132,104,107
567,28292352,96,170,107,173
594,29425793,104,134,128,168
616,31308820,72,140,105,140
626,30035311,112,111,109,140
582,31196314,61,166,99,165
631,30714846,91,135,135,133
651,31325904,93,138,105,126
578,29947170,91,115,96,182
616,31631627,68,130,110,142
628,30654846,90,138,129,148
592,28733506,108,103,111,180
610,30187978,88,147,100,151
598,28772240,94,110,94,157
579,30568820,71,137,88,162
611,30441459,79,123,105,152
617,29728698,111,119,136,144
645,30122986,127,142,128,121
622,29556118,97,157,116,142
627,29537700,96,162,60,157
582,29418864,84,174,128,172
624,30897653,89,134,133,145
639,30767978,88,150,97,140
605,30487170,89,116,88,167
629,31568820,71,137,93,139
614,29668698,101,129,135,146
638,31020557,84,133,127,121
630,30860557,81,127,133,129
605,29488698,111,123,130,153
611,29608698,113,125,128,167
633,30520130,79,140,129,126
590,28496129,121,127,119,179
615,29815311,96,114,90,154
648,31100193,91,140,83,135
576,29507978,78,157,124,171
600,30264284,78,134,100,97
629,31207492,71,167,128,129
605,29413681,126,149,60,168
597,29328698,105,119,128,156
583,30648820,67,148,111,164
603,29605793,113,118,127,166
599,31291627,70,128,109,155
595,29887978,88,146,107,168
599,29368698,103,138,127,153
627,30927170,88,112,89,147
627,30957653,87,127,127,144
590,28797700,95,173,60,162
612,29356118,120,153,117,156
606,31676314,57,175,116,136
604,29985478,92,142,100,167
633,30920557,89,122,127,121
611,30480557,91,142,138,161
586,29235311,119,105,97,177
584,29940557,90,131,127,167
596,29789559,93,152,62,151
576,30590086,71,121,92,157
616,29633681,100,147,63,158
579,31300080,61,156,82,176
607,29918864,92,163,129,146
652,30474045,111,120,95,139
630,29177525,122,128,98,128
588,31071627,64,134,100,183
625,30045793,114,124,127,126
628,29256129,106,127,126,127
630,30951252,88,125,61,122
594,29438136,112,135,98,107
609,29168271,107,143,128,157
625,30487978,88,152,101,128
609,30724266,90,117,97,144
597,29162986,98,142,128,173
612,30461459,88,118,112,138
621,29636313,103,95,101,138
590,28707005,101,183,128,164
591,29807978,84,167,108,167
614,29825793,100,126,129,139
560,31072296,61,129,87,193
562,29064212,73,164,100,187
571,29641459,90,122,97,189
610,30460557,85,127,129,134
642,30618864,92,159,128,130
609,31736314,57,163,116,140
646,30435311,120,116,111,121
613,29500681,105,100,131,155
598,30099569,90,153,123,104
571,29964266,82,112,97,174
592,28747005,99,170,127,172
616,30864266,92,117,82,139
575,31056314,59,173,105,176
602,30098303,82,170,111,104
647,31080193,87,137,106,120
617,31896314,57,169,94,141
587,28737700,97,168,63,152
642,30398738,93,109,93,119
583,30730086,64,121,100,168
640,30315311,110,108,105,121
653,30328334,126,132,97,134
633,30647978,86,157,71,133
614,30824266,93,117,103,147
625,30721459,92,124,96,133
574,32228945,52,133,100,161
606,30025478,92,143,106,156
593,29575232,121,128,103,107
617,30327978,82,158,103,150
584,28713618,95,143,91,164
623,30320130,85,140,146,128
578,28676118,98,157,100,183
600,30634860,61,128,132,155
596,30271252,82,131,62,149
605,29077952,123,103,76,151
605,29645793,101,129,128,170
604,31472893,68,116,114,135
568,28312352,94,165,106,185
606,30537653,86,125,131,161
568,30348820,66,152,109,168
612,29632425,130,137,115,108
594,31191627,71,129,118,148
634,31352839,71,176,121,131
630,31754532,70,129,120,134
646,30036118,123,139,110,137
574,30468820,70,134,106,172
568,29665904,86,127,83,177
584,28492240,99,110,84,171
627,31528820,72,145,101,110
614,30149559,88,176,60,157
602,30300557,89,129,131,156
610,30587170,81,117,98,145
565,29440193,74,138,88,172
598,29352425,116,138,106,101
632,30185793,116,129,129,130
612,30145478,77,142,99,148
635,30960557,80,130,129,137
619,31691627,68,119,97,143
599,30968820,70,135,112,152
599,30734105,72,144,102,161
627,29528271,133,143,129,154
557,31012296,59,133,99,155
647,30485793,111,146,134,126
626,31831627,68,132,103,122
636,29717700,104,175,62,123
593,30124284,84,143,105,107
643,29976118,122,154,80,129
605,29159218,104,101,110,156
567,30494532,62,132,93,178
577,30610086,68,124,107,173
629,29639218,109,101,77,136
624,29957472,88,110,91,139
591,31376314,61,174,116,159
567,28608334,96,147,90,173
621,29935311,107,117,112,138
582,29590825,89,143,61,180
582,30710086,69,124,101,180
596,28917700,96,158,57,159
641,30492407,107,115,116,134
581,29525478,91,142,85,167
623,29272240,100,110,96,137
613,29648698,100,126,128,143
580,29987170,87,107,115,170
593,30614105,71,145,111,165
617,30434846,88,142,141,143
613,30481459,84,112,114,146
612,30784266,81,115,106,150
572,31312296,59,146,117,169
566,30876314,59,160,110,190
598,28537525,108,126,90,163
601,30284284,91,134,91,108
621,30325478,90,142,117,142
617,29456118,121,149,101,165
601,29925478,87,145,101,177
610,32072296,61,130,103,145
624,29057525,96,129,89,148
621,28997525,139,126,97,148
609,29725793,111,131,128,160
642,30934846,92,134,127,126
624,30025793,113,123,128,142
640,29870771,120,164,132,137
603,29282986,117,144,132,153
605,29492425,106,148,115,106
644,30658864,90,175,127,138
600,30176112,90,124,128,162
580,31472296,61,140,91,177
608,29548698,100,145,128,162
591,29365793,101,123,128,169
582,29032425,106,125,113,107
569,29843000,92,127,76,172
610,29783106,90,108,132,159
628,30429559,93,153,57,137
605,30517653,89,126,133,161
608,30065478,92,135,108,161
602,29432425,112,132,86,107
645,30213681,102,145,49,124
612,32435103,61,120,94,136
591,29133681,100,134,61,178
649,30652407,112,116,106,114
624,31107492,70,177,128,131
634,29668271,102,137,129,140
588,31026280,66,127,127,156
566,29783000,92,130,97,190
609,30597653,88,121,132,163
646,31014846,87,136,127,121
643,31323000,86,129,79,131
585,31256314,58,166,106,171
624,29995311,104,112,102,127
593,29001096,100,181,127,107
606,30178303,86,187,105,97
564,30836314,56,165,106,167
627,29756313,110,102,121,144
643,30375311,123,114,104,148
558,29832839,66,154,104,172
637,30645478,92,138,111,135
600,30260557,89,138,128,177
650,31305904,91,133,110,132
616,29317700,117,172,59,160
616,31510450,71,116,129,137
592,28837700,95,167,63,170
632,29944252,132,124,128,126
605,30360557,74,133,133,139
589,30934532,72,121,95,162
550,31748945,52,152,87,192
618,29664252,99,120,131,139
576,28869600,95,123,93,194
656,30469600,134,124,100,131
583,30895798,72,111,106,171
608,30254846,87,155,131,138
566,29625904,86,125,105,190
633,30048698,104,128,127,129
588,28982986,95,142,128,161
576,30831627,72,132,104,171
593,31126280,64,123,130,164
590,29022986,104,138,127,182
621,31574532,70,130,96,129
603,29057700,105,164,62,153
579,28613618,99,139,104,180
598,29095047,100,103,103,154
597,29253681,113,140,61,166
638,29337525,107,130,109,127
645,30445793,115,127,127,132
592,29062986,97,131,130,159
603,30118303,92,165,117,93
585,28607005,113,163,129,171
627,30098738,83,101,81,140
588,30271262,84,116,102,108
636,30814846,87,136,144,133
583,30047170,86,117,103,176
575,28849600,107,124,91,193
602,29598136,109,126,88,100
632,29452240,102,110,110,121
603,29364252,111,111,129,159
589,30723473,70,145,129,141
601,29889559,90,178,56,171
607,29855232,104,124,103,106
577,30932893,64,110,100,179
575,28533618,100,145,100,177
589,28697874,99,108,130,173
640,30472407,95,116,88,139
590,29600279,83,103,99,167
563,29932839,69,164,99,171
582,29698303,92,172,123,108
571,29883000,77,121,103,174
590,29192425,96,156,90,105
601,30280557,88,140,127,151
613,29502756,80,124,101,136
636,31107170,83,117,86,125
638,30854846,91,136,127,145
577,29527978,92,149,74,178
631,29836313,117,101,98,140
642,30228698,114,129,128,138
615,31856314,61,174,117,137
609,30049559,86,166,63,167
593,30803473,69,138,130,136
608,31230086,68,121,122,134
638,30620130,91,143,130,127
573,28493618,98,145,95,187
555,29321459,86,123,97,186
635,29835047,101,103,105,135
635,31117653,89,139,133,132
639,31040557,77,125,131,128
577,29927170,85,115,90,183
592,29555232,115,118,108,101
634,30901459,84,124,100,144
594,29021096,103,170,137,98
592,29709559,89,172,56,169
630,30987170,86,115,104,136
611,29361096,120,171,128,103
598,30054846,85,139,129,153
580,29694846,87,147,127,170
603,30154846,83,134,127,154
608,31716314,61,173,91,134
655,30534045,115,126,96,119
616,30541459,93,120,92,130
623,30720557,86,136,129,151
586,29707978,83,146,107,178
561,29044212,81,185,98,183
637,29703222,112,103,111,128
592,30227170,87,113,97,173
619,30797653,81,130,133,136
575,32248945,53,156,90,169
569,29285478,79,145,83,175
580,29272407,98,108,106,180
562,30228820,70,136,101,175
586,29984284,85,143,101,102
562,29912839,62,171,97,178
583,31216314,61,168,99,160
609,31334532,70,136,96,139
611,31776314,59,169,84,139
636,30941459,93,112,98,129
642,30827978,81,143,79,136
592,29898303,84,174,97,108
585,29478864,85,159,128,172
595,29769559,77,166,62,166
581,30690086,69,123,88,164
569,28971141,96,133,109,198
602,30794105,69,145,102,138
587,29916112,87,122,130,161
623,30096488,110,125,63,155
641,30335311,126,113,100,117
596,32352964,53,157,117,130
581,30128347,82,131,60,186
580,29115311,100,115,101,160
621,31138186,68,159,59,122
632,31951627,72,138,106,135
617,30209559,80,189,62,155
586,31031627,72,119,90,168
623,31771627,66,118,102,125
605,31411627,69,130,95,134
611,30125478,88,144,123,153
599,30240557,89,128,130,158
576,28553618,101,145,101,179
625,29488271,103,144,131,137
585,29258738,77,106,92,168
601,29333681,101,144,57,167
624,31634532,67,150,103,139
613,30804266,78,106,105,144
619,30367978,75,150,112,153
594,31436314,56,168,96,149
579,28929600,100,120,87,182
571,28854045,102,129,105,178
619,29925793,97,122,128,131
647,30455311,133,117,85,140
599,29293681,106,133,63,164
614,29629600,126,118,77,158
567,32088945,55,133,104,173
589,33084823,49,157,106,136
590,29681545,92,102,100,167
631,30344449,88,101,101,135
604,30497653,88,131,128,154
593,29082986,95,141,131,169
572,29661459,92,117,103,184
589,31091627,71,121,104,182
602,31194532,72,126,109,161
628,31187492,69,178,135,119
613,30611252,79,118,58,153
564,29585904,83,131,95,172
587,31296314,60,168,105,155
641,30725478,89,144,82,118
619,31936314,60,167,94,145
612,31228820,70,138,112,152
572,29903000,82,122,108,178
578,31432296,59,138,100,160
581,29820737,62,109,107,160
606,30380557,78,128,133,157
596,29478136,115,121,105,105
644,30395311,127,116,106,122
592,28652240,100,110,88,169
647,30328698,112,134,128,131
576,30064266,77,114,81,174
649,29887005,110,159,136,128
595,31135798,72,104,87,172
585,29424449,93,102,107,161
607,33444823,51,179,104,134
599,29266029,104,99,108,172
640,31217653,86,119,127,123
595,31211627,69,129,109,162
603,31371627,72,126,83,162
637,31000557,84,127,131,130
588,30347091,82,124,82,101
603,29529964,120,114,127,164
594,31034532,70,136,98,157
585,31092893,67,113,93,156
618,31916314,58,172,70,127
564,29743000,90,122,96,176
617,29562986,116,137,127,148
634,30585478,90,142,105,128
560,29340193,92,132,85,182
604,29077700,95,171,61,164
631,30165793,106,141,129,141
572,30751627,67,126,88,183
608,30147978,80,153,98,158
622,30938919,93,113,135,134
644,31343000,88,140,101,128
580,29587978,86,155,98,168
629,30059392,110,144,63,140
575,29091141,96,135,103,156
566,28272352,94,172,105,193
573,31016314,61,173,103,182
561,29892839,72,178,98,183
574,31036314,57,163,105,164
581,30931627,67,134,95,166
636,29836118,117,162,106,133
599,30244284,90,135,122,98
623,29773681,102,150,62,147
651,30692407,130,112,122,137
580,30754532,71,122,87,165
632,31794532,69,133,112,117
588,29484449,91,96,71,180
593,30969184,68,133,128,154
606,29989559,82,174,53,163
574,28829600,100,119,70,190
588,29148698,111,134,127,172
581,30164266,85,116,94,175
603,30320557,91,137,136,169
592,31075798,69,108,117,149
603,29929559,91,170,62,160
612,29589600,112,124,100,145
607,30009559,89,177,63,159
590,29515232,119,130,105,106
578,29781459,75,122,78,171
625,32056314,60,166,94,126
581,28653618,110,142,74,169
642,29336259,107,131,98,125
621,30964266,81,115,101,131
598,30220557,92,131,127,159
643,30164252,114,123,127,130
612,30191260,78,100,88,150
609,29177700,112,163,61,164
615,30560557,86,125,133,148
612,31551627,66,125,114,130
601,29578136,98,131,124,106
586,31276314,61,174,95,164
592,29564449,93,100,92,173
610,29588698,115,127,129,163
654,30348334,116,149,85,123
601,29489964,102,113,127,158
600,29141096,112,149,127,106
600,29545793,108,132,132,166
605,30194846,91,144,135,155
583,29718303,92,163,88,106
618,30265478,85,139,95,135
630,30227059,115,116,131,141
609,29484252,124,123,132,161
591,28727005,95,170,130,171
648,29993618,122,145,117,137
612,30867492,72,176,128,135
614,29277700,113,170,61,190
586,30071252,84,125,63,163
602,29598738,88,105,126,165
626,31590086,72,120,87,138
582,28756118,111,155,102,180
583,29175311,105,117,102,161
609,29493681,130,132,58,156
594,29938303,85,184,102,108
578,29618303,79,174,120,108
571,32724823,50,176,105,178
632,29533506,97,109,97,128
573,30004266,93,116,76,184
623,30877653,84,126,135,132
574,30024266,75,117,101,184
598,31069184,72,125,130,169
583,29332407,94,115,106,173
608,30381459,93,118,115,163
588,28976313,100,97,71,157
589,30324266,84,117,102,174
601,29017700,103,164,61,148
600,28988271,96,144,130,168
610,29335047,101,103,88,156
628,29537952,113,103,104,140
590,30344266,87,114,67,176
604,30138303,88,166,104,104
637,31412839,72,166,108,135
568,29347978,73,152,105,175
627,30019392,112,122,62,137
586,31673562,59,121,101,167
646,31225904,89,124,118,141
588,29538864,83,171,131,179
621,31047492,72,174,127,121
622,31630450,69,115,133,135
571,31458007,57,134,93,174
610,30294846,91,165,128,156
611,29778136,120,133,79,105
568,32664823,50,162,106,171
636,29637874,103,100,130,126
619,31489184,62,135,129,131
617,29653681,121,131,45,155
568,29904266,83,112,86,175
638,29830771,126,139,132,124
579,30650086,71,124,98,179
618,30777653,81,137,136,127
650,30349600,111,122,77,131
616,29308271,111,138,127,166
591,29214947,114,118,61,169
604,29393681,127,126,61,175
607,29685793,101,142,127,149
625,29381956,117,110,110,133
654,30671141,119,131,98,123
589,30197653,82,138,129,159
598,30796605,70,147,103,150
593,29173681,114,141,63,171
629,31891627,67,134,87,129
554,29385904,77,120,87,187
587,31132893,69,107,106,168
599,30567091,85,121,110,105
586,29589559,87,173,62,171
613,30165478,80,145,74,147
642,29417525,99,130,87,128
604,29266444,104,159,98,100
628,31952893,71,112,97,131
639,31001459,93,115,118,120
570,30956314,57,169,102,172
620,29704252,99,123,132,159
618,29253506,94,103,99,142
584,29738303,82,160,113,106
590,28296259,124,131,100,172
593,31252893,72,113,99,161
614,31591627,71,130,97,150
641,30124252,116,115,128,127
652,30712407,109,117,118,124
609,31168820,63,151,116,141
646,30698864,84,153,129,126
623,29448271,104,141,127,147
630,31588820,67,138,91,125
601,29497472,85,110,98,160
587,28926444,104,154,100,108
598,30389996,91,132,97,101
577,30775798,72,109,108,162
593,31416314,60,160,106,154
651,30408698,108,127,128,122
621,31363473,62,145,133,127
656,30554045,107,140,109,128
608,31314532,71,131,118,139
613,30677653,93,130,131,135
609,30167978,92,147,97,163
566,29460193,75,135,108,179
568,29418303,74,172,104,104
633,30205793,114,137,133,128
606,29424252,119,120,127,164
578,29465478,73,145,109,161
646,30592407,125,107,93,126
640,31344266,85,113,96,119
616,30307978,76,175,118,123
612,31394532,68,127,86,131
616,28897525,104,126,102,149
636,29708271,113,141,127,131
607,30894105,72,142,119,142
598,29518136,99,127,89,106
626,31064266,85,112,104,131
625,30887170,78,116,103,128
599,28943222,107,109,121,156
591,29378738,89,109,96,183
591,29208698,99,127,134,167
600,30627492,70,166,131,161
609,31491627,65,129,111,134
586,31592296,60,145,115,160
573,29923000,77,134,102,165
563,32880805,51,138,110,179
605,31170086,64,122,102,140
593,30045540,85,144,60,171
637,30961459,93,120,101,136
608,29552425,103,160,100,102
639,30874846,93,141,127,136
644,29868271,113,145,131,129
612,30657653,77,118,128,143
617,32212296,61,141,87,146
628,30502630,84,161,129,130
571,30976314,58,177,100,162
591,29878303,89,179,99,108
632,31138919,83,114,139,130
610,29669964,122,117,128,166
591,31692296,61,133,109,160
643,30248698,118,143,131,137
601,31412893,68,116,96,156
579,30416605,68,160,85,172
611,29197952,114,103,103,149
613,29805793,113,149,133,169
582,29155311,104,112,96,185
591,28713506,96,107,115,175
576,31076314,59,173,108,168
594,29359392,107,119,61,175
651,30369600,146,120,79,130
612,29310771,110,153,130,153
597,28833506,104,106,101,163
576,29425478,89,138,111,167
649,30202986,102,132,130,131
583,31855103,58,132,102,171
652,31180193,92,127,87,127
597,29498738,76,106,96,166
633,31814532,72,122,93,123
605,28677525,94,123,92,158
640,30894846,91,138,129,127
593,28857700,101,177,63,163
597,30527091,78,146,97,107
655,29993506,116,108,108,119
634,31097653,92,135,129,117
607,30638919,86,113,128,146
632,30109964,99,117,130,135
608,29629964,111,114,129,147
630,29493506,103,108,102,128
604,29625793,96,120,128,152
613,29887059,110,111,131,158
593,29405793,96,134,136,166
596,29308698,100,129,134,169
567,29480193,76,154,103,179
596,29465793,100,147,128,163
628,30187059,121,107,127,141
609,30238303,86,160,101,104
575,30811627,69,121,84,180
617,31651627,71,138,124,125
632,30900557,82,131,127,129
648,30632407,111,115,93,123
634,31834532,72,119,100,139
619,30640557,82,124,129,133
627,31851627,72,134,93,132
581,32368945,55,163,101,168
564,30268820,67,138,93,169
602,30667492,70,175,127,157
594,30992912,71,135,88,108
619,30285478,86,144,114,128
580,29469559,93,167,60,174
602,30027978,93,155,90,163
622,30067059,97,116,128,129
617,30884266,84,112,104,160
596,28813506,122,105,95,160
579,31136314,61,173,117,156
580,29821459,93,124,92,185
640,30705478,91,140,124,126
634,29750771,113,160,133,119
597,30204284,89,145,105,104
619,30767170,85,114,100,147
583,28657700,113,171,59,179
580,30144266,79,115,109,179
611,31056605,64,156,99,133
615,30717653,92,132,127,138
602,29028271,101,142,127,168
653,30575311,116,111,108,130
592,30910086,72,124,105,162
620,29945793,104,129,131,135
628,29372240,105,110,111,130
590,29894846,93,130,135,168
612,29709964,118,117,128,163
601,29236313,98,100,109,165
613,30520557,74,141,135,157
633,29237525,100,129,105,133
587,30494105,70,145,85,184
637,30053681,104,146,62,125
623,30087059,99,116,129,132
597,29081096,95,169,129,100
623,31296605,67,153,113,123
593,29954846,78,144,127,181
614,30501459,76,124,116,157
652,30262986,121,135,129,139
637,30600130,87,142,129,131
636,31874532,72,145,104,138
608,30547170,86,114,108,154
588,29854846,89,128,127,177
646,29990771,127,157,130,109
604,29940130,90,143,128,154
607,29698136,114,129,90,107
565,28568334,97,133,102,192
593,28995047,111,103,95,173
597,28517525,108,129,120,171
644,30268698,132,132,128,128
637,29436129,108,129,93,135
584,29159392,96,123,62,166
642,30512407,115,109,111,125
594,31115798,70,112,105,162
598,29019218,117,98,108,156
614,31672893,72,111,100,134
585,28759218,100,101,99,185
569,30368820,70,134,96,168
603,31048820,66,133,91,159
604,29707059,109,107,127,167
578,30714532,72,131,109,166
622,29333506,118,108,108,154
567,29245478,85,143,114,178
597,28752240,114,110,107,171
612,30581823,92,116,128,145
589,29172425,98,137,91,105
567,29803000,82,130,90,182
581,32052964,55,170,102,176
607,29532425,94,148,97,100
616,29835311,96,117,114,145
612,30416112,93,123,133,148
590,29113681,104,132,62,170
595,30160557,88,125,130,161
646,29953618,122,144,103,135
591,28981490,89,131,102,179
608,29219218,105,99,98,155
629,29473506,96,102,73,137
586,30790086,72,115,85,179
562,29380193,73,128,88,170
631,30796112,91,123,134,132
595,28396259,107,131,120,183
645,31205904,88,131,97,131
583,32092964,54,162,103,168
574,31352296,59,138,116,164
586,29108698,102,132,129,158
610,31756314,56,177,102,128
617,30967492,71,175,140,134
640,29797700,111,160,59,128
629,29577700,114,156,63,131
646,29908271,109,145,130,127
612,30627170,77,115,105,145
613,32455103,56,122,125,138
650,30070771,120,144,133,131
580,28716118,94,155,101,180
594,29516488,99,125,63,171
608,32032296,58,145,103,132
566,29992839,70,179,92,171
578,31116314,58,164,115,172
617,29526444,108,175,102,107
589,29838303,80,161,96,104
571,33526987,46,159,94,159
646,30142986,94,139,138,141
583,29754846,84,138,129,177
613,32298007,56,135,95,131
630,30069964,100,115,132,132
620,31956314,61,163,114,132
612,32988945,55,140,92,131
631,31931627,72,122,74,124
584,30991627,70,119,90,169
579,29967170,79,113,103,175
647,31245904,88,136,91,137
594,29740130,83,137,127,160
611,30718919,90,108,129,147
633,31001823,83,116,130,133
636,30199392,97,139,63,129
574,30634532,67,127,94,176
595,30085540,88,133,61,162
575,30735798,72,115,112,157
598,29675232,112,126,120,107
591,28961096,97,183,134,105
607,30045478,87,140,114,161
638,30064252,117,119,134,143
603,30236112,87,124,127,165
564,31475103,59,133,98,174
615,29288271,108,145,131,146
638,30073681,95,143,62,135
578,29338864,73,179,129,170
636,31392839,72,160,95,128
637,30727978,93,154,114,128
597,30567492,71,161,129,164
593,29918303,87,159,86,106
633,29876313,111,98,92,128
575,31372296,61,148,100,155
628,30118738,85,108,104,126
607,29128271,114,145,127,142
590,31838007,60,125,116,143
571,32334657,54,139,98,170
587,28717952,105,103,110,169
602,31351627,72,123,85,163
561,32291752,55,127,103,175
589,31172893,68,116,113,170
574,29701459,93,121,106,165
584,31875103,60,139,98,155
626,29590771,106,148,136,137
588,28946444,101,163,96,107
610,31354532,68,118,116,154
628,29557700,96,172,63,142
567,30176605,65,149,100,163
592,30427091,83,126,87,108
596,29801545,83,99,114,170
638,30387059,110,115,130,130
610,31188820,67,140,97,134
631,30607978,77,161,89,128
622,31996314,61,155,89,138
568,28628334,102,131,116,174
621,32292296,60,137,98,126
622,31194105,67,142,122,119
597,29655232,102,119,107,105
639,31324266,91,106,109,130
616,31390086,68,113,90,130
641,31041459,90,121,87,122
604,29592789,106,125,128,107
621,29417700,105,170,63,143
595,30806930,70,160,85,108
615,30287978,84,166,112,149
612,30227978,74,149,93,145
585,29794846,93,142,131,164
582,31678007,61,133,98,149
632,31628820,66,153,104,133
581,28617700,94,177,60,182
594,30098937,86,138,130,107
574,29385478,81,145,95,183
645,30572407,103,117,94,130
577,29725540,86,144,61,183
613,30354846,85,141,134,151
636,31137653,89,126,133,126
599,29697754,119,116,61,165
641,29316259,98,131,107,135
621,30596112,92,124,135,136
607,29528698,117,130,135,147
559,29852839,71,152,91,188
595,29292425,100,132,104,107
577,30084266,85,115,108,175
637,30609559,89,169,60,140
568,28794045,99,135,99,199
625,30841823,87,106,128,137
615,30169559,89,159,62,141
576,29192407,109,117,86,173
611,30974105,69,145,101,133
616,29865793,98,125,134,143
591,29042986,107,138,128,163
609,29649964,120,113,131,156
606,29678738,85,109,100,163
589,31336314,61,166,122,157
611,31374532,67,118,90,159
648,30264252,122,124,135,119
646,30308698,131,130,127,133
609,30567170,88,117,109,159
645,30805478,90,143,103,127
634,30622630,93,159,134,129
583,31052893,67,114,111,163
615,30927492,72,184,127,142
595,30164284,88,137,111,103
634,30549559,86,168,61,130
590,28859218,100,100,100,170
648,31265904,93,129,105,123
608,30658919,79,116,127,133
597,29075047,114,103,95,170
626,29824252,115,122,130,137
606,30631262,91,115,119,102
591,29212425,109,130,94,108
635,29770771,96,142,133,124
576,30755798,67,115,83,160
591,30656605,69,154,93,155
593,30120557,82,132,133,158
625,30127059,125,113,142,140
594,31918007,61,140,97,157
567,31212296,58,137,91,185
596,30756605,72,153,112,161
641,29808271,122,145,132,138
649,31074846,91,146,134,130
627,31694532,72,140,101,123
599,30397653,86,133,127,152
609,28676259,121,131,112,158
572,29031141,100,127,82,187
632,31476605,72,156,103,141
607,30234846,87,137,140,144
587,28962986,112,137,128,160
607,29453681,134,147,59,161
618,30904266,91,109,116,142
624,29468271,111,144,127,144
614,31434532,72,128,103,124
615,31243473,72,129,128,126
585,31738007,59,126,92,178
587,29518864,86,165,128,173
620,29459218,104,98,112,138
600,29715232,113,137,109,107
637,30682630,93,144,127,123
589,29325793,98,128,131,168
613,29446444,124,176,89,106
597,29419392,121,137,52,155
645,30678864,89,163,130,122
585,29258136,97,130,121,108
576,30274105,64,141,84,192
609,32375103,61,118,83,135
567,30896314,61,164,100,177
594,28877700,99,171,62,171
618,30536112,89,113,129,132
609,30678919,92,107,132,138
568,28951141,94,126,93,193
647,30289600,119,122,121,121
615,29486444,113,186,107,108
569,29367978,89,172,86,179
621,31976314,61,176,121,134
566,31358007,60,135,111,167
568,30916314,61,168,114,159
589,28915047,101,103,113,173
589,30040557,88,143,129,170
613,29257700,97,173,63,143
623,29764252,111,123,130,160
581,29398864,74,168,130,155
598,28456259,100,131,96,175
637,31894532,71,129,96,132
614,29907059,108,116,129,147
606,31108820,69,141,92,144
588,30177653,74,129,128,165
557,28964212,79,164,84,180
623,31569184,72,124,137,132
600,30429996,84,131,105,98
574,31518007,58,130,110,169
617,30681823,93,112,133,141
602,29509964,111,108,128,169
606,29387710,111,153,89,104
596,28979218,102,101,105,158
616,30737653,78,122,127,132
596,30547492,72,173,127,159
595,30487091,86,122,85,108
583,29048698,99,132,129,166
604,30265540,82,135,63,157
630,30469559,92,181,61,146
593,28356259,94,131,81,166
593,29252425,124,132,121,107
649,30096118,108,153,98,125
584,30434105,65,142,92,173
605,28596259,102,131,100,160
622,29753681,116,136,63,129
643,30405793,108,133,136,120
594,30634105,71,141,105,148
579,30815798,71,115,96,184
598,29273681,115,148,60,178
609,31415798,70,117,87,131
590,28377525,99,129,96,175
597,30125540,79,152,51,160
587,29219392,98,134,63,154
613,30647170,86,115,101,146
578,28537952,94,103,111,179
600,29242756,87,128,112,166
586,28855047,110,103,105,179
626,31544739,72,120,131,135
566,31515103,60,132,96,169
584,30915798,68,114,93,171
607,31451627,69,123,122,142
649,31240557,92,118,133,125
625,31654532,72,128,105,125
599,29616488,113,134,51,167
590,28693506,103,100,103,165
638,31101823,92,104,133,118
604,30256112,87,124,127,158
593,29248698,102,137,132,156
600,31070086,67,118,78,152
587,29217472,91,110,86,184
557,30294532,70,131,82,175
598,29972956,89,161,135,101
606,29336313,116,97,116,167
609,33484823,51,168,115,130
584,29865540,85,148,62,170
605,30608347,90,119,63,169
651,30053618,106,145,104,127
615,31611627,65,122,90,131
575,31932964,53,171,110,167
569,30534532,71,128,93,161
597,29622829,92,108,89,107
593,29337472,86,110,114,176
602,32472964,55,171,83,140
580,31795103,58,125,118,167
610,29197700,99,149,63,145
606,29179218,117,99,87,156
596,31476314,57,182,74,159
642,30056313,94,101,90,126
576,31715103,60,125,106,173
572,29984266,90,105,113,166
641,30807978,88,168,91,111
573,29051141,110,124,94,180
594,29193681,101,132,63,168
635,31244266,92,112,91,128
594,28773506,94,105,93,179
607,29326444,114,160,109,107
575,29172407,101,117,101,186
575,28497700,94,163,63,185
583,29529559,86,151,56,174
652,30073618,114,133,93,124
584,31552296,61,137,83,158
574,29867170,82,117,90,187
583,29139392,119,124,58,181
616,32192296,61,142,82,127
615,32732964,53,150,91,126
575,30008347,92,148,59,174
614,29593681,107,148,62,135
598,29119415,109,103,128,171
648,30475311,111,114,111,149
623,30847170,82,114,104,142
615,29936488,109,122,62,155
624,30107059,125,111,137,150
625,29570771,119,145,129,135
596,29224252,114,123,134,167
599,30923473,67,128,132,158
617,29885793,131,127,130,158
602,29585793,103,128,128,167
634,29573506,118,108,110,136
596,29233681,106,154,63,158
605,30364284,91,140,105,102
610,29188271,105,145,136,150
585,31976369,61,109,105,168
644,30193681,129,131,62,134
637,30925540,91,141,57,123
617,29410771,118,143,127,172
592,30338919,87,113,130,165
594,30065540,85,138,51,167
613,30887492,68,178,128,135
623,29929964,100,114,128,123
569,31812964,54,165,93,161
631,30247059,101,104,127,137
590,29436488,107,143,57,165
572,28789600,98,124,95,190
559,30168820,63,138,83,172
648,29957700,97,173,63,146
624,29477700,107,174,57,143
583,29647978,91,156,93,166
582,29545478,93,144,103,175
637,31284266,78,115,115,131
595,31456314,61,170,99,151
631,29513506,116,106,113,130
578,30104266,91,108,110,182
588,29560279,91,103,86,179
585,29569559,82,172,62,174
578,30871627,72,130,101,154
599,31852296,58,159,83,137
621,31490086,72,120,104,144
617,29898738,87,108,90,145
571,29289559,91,154,62,170
645,29933618,109,136,106,122
628,29619218,118,100,107,128
579,29252407,110,117,89,176
596,30826930,71,177,106,108
560,30188820,68,140,90,195
610,29513681,99,140,61,154
560,29872839,66,185,96,173
615,30844266,88,113,80,139
627,30409559,91,155,63,143
578,28453506,112,104,88,186
595,29213681,98,144,57,167
582,29364449,80,101,100,179
606,32552964,52,172,94,133
588,31316314,58,153,88,139
611,30728347,91,131,57,147
629,29650771,96,149,140,136
636,31264266,81,117,99,126
641,30914846,89,136,130,129
583,30287492,72,183,127,172
627,30716112,91,124,130,142
599,29538738,83,104,95,162
599,28873506,104,105,96,183
592,30025540,82,135,63,180
605,29569964,99,110,129,164
597,30883473,72,154,139,163
625,29813681,97,125,59,152
582,29509559,84,178,58,189
655,30691141,123,127,111,130
577,33483612,51,134,112,166
611,31531627,72,127,107,159
618,32232296,57,140,120,132
614,29672425,105,151,103,104
603,29221490,93,131,95,164
602,29387078,105,150,128,106
594,28457525,104,130,96,179
628,31314105,71,144,101,118
607,29301490,73,131,115,150
634,29993681,111,135,61,133
628,30977653,87,132,128,129
549,30536314,59,171,98,188
590,29086029,112,102,107,160
595,29958303,87,159,79,102
574,30791627,69,125,105,173
595,29912956,76,166,138,103
571,30731627,68,131,101,176
650,29907005,101,159,135,130
624,30821823,87,116,136,142
592,29483183,82,103,102,160
620,30585540,90,147,59,140
623,28956259,103,131,89,148
648,30829559,85,156,63,123
583,30077653,92,129,129,160
592,31396314,61,153,99,159
599,29538136,112,134,83,107
653,30838864,92,165,129,142
648,30348698,125,118,129,138
629,29392240,124,110,99,129
601,28832240,121,110,81,168
597,29417472,92,110,89,178
640,31021459,83,123,100,133
632,29775047,118,103,120,144
556,29792839,67,154,78,172
626,30401545,88,97,98,136
601,29962630,81,149,132,150
636,29613506,109,106,125,127
583,28876313,97,99,97,190
590,30554105,69,140,105,172
581,28197525,117,124,96,172
587,30367492,67,158,129,150
609,29073506,129,109,79,169
595,29379392,99,132,61,161
602,30216112,74,120,128,158
624,29722756,91,130,111,132
570,29621459,74,120,84,181
610,29924449,92,101,93,139
644,29857952,117,103,99,131
575,28616118,104,162,95,178
638,29976313,111,99,95,131
640,31060557,92,135,127,121
576,31558007,58,127,114,170
597,29101490,91,131,97,154
575,29487978,87,155,104,158
597,29487187,93,110,114,163
604,29559392,100,135,61,161
581,30374105,62,144,97,159
598,29829559,84,165,61,158
622,29682756,87,129,71,149
589,29022756,91,126,107,170
567,28774045,96,135,109,189
589,30850086,72,119,85,159
574,29258864,81,168,127,165
590,30060557,90,123,127,161
599,29695232,99,139,85,107
581,28842986,97,132,127,173
613,31203473,71,133,128,165
596,29397472,93,110,96,180
574,29538303,75,160,92,108
566,31192296,59,134,103,177
568,28476118,109,156,93,181
633,29648271,109,143,136,132
583,31532296,59,143,100,153
604,29296313,114,94,85,163
625,30917653,79,124,128,127
565,29823544,68,94,93,179
564,28548334,107,152,73,188
639,30407059,99,109,129,135
630,30785540,75,147,63,133
592,30104284,92,146,108,103
633,31011252,90,126,63,142
563,29723000,80,129,103,178
626,30147059,94,116,128,146
630,29913681,97,139,59,126
594,30309996,89,119,97,108
596,28732240,115,110,90,159
601,28983222,103,105,103,161
637,30044252,124,115,129,127
639,31167170,91,116,110,144
603,28637525,114,124,107,168
626,30078738,87,103,114,142
609,32052296,60,148,110,143
594,30019569,82,145,111,107
598,29007667,109,103,99,164
653,30093618,119,142,98,122
651,29927005,138,177,135,152
650,30388698,104,123,130,126
603,29276313,112,100,115,164
589,28673506,103,108,89,174
598,31030086,72,123,108,159
580,28597700,98,168,63,185
574,29467978,77,150,102,185
564,31318007,60,133,110,174
554,29752839,63,157,112,178
635,30642630,82,140,127,116
624,32036314,61,164,85,134
622,31510086,71,119,88,146
629,31523473,68,131,127,122
646,30465793,104,128,131,131
598,30587492,72,171,129,162
606,32158007,60,142,103,143
586,29778303,84,156,116,107
587,30000557,84,134,127,166
606,29117700,98,162,63,168
641,30447059,109,111,127,133
592,29476488,104,142,61,177
650,30545793,112,121,129,123
638,31177653,88,129,128,144
631,29781490,89,131,85,121
603,30477653,89,126,127,150
617,29898136,119,136,103,107
577,31578007,59,137,89,169
608,30218303,91,167,109,106
591,29124252,94,123,127,159
639,30338738,91,107,106,123
620,31027492,70,178,128,126
564,29420193,73,154,86,189
595,30317653,83,133,129,164
610,29836488,122,121,62,173
558,29465904,84,149,85,172
575,29887170,86,108,83,149
615,32338007,60,129,107,139
570,35250706,44,161,101,154
567,30328820,70,135,96,171
583,30971627,67,127,99,165
610,31511627,62,128,100,129
614,29466444,101,160,117,105
649,30449964,127,114,148,122
618,29576313,125,101,110,146
594,31752296,61,136,99,164
579,29674846,74,141,129,167
642,31061459,91,122,119,127
572,31160080,61,153,92,169
639,31278919,92,117,136,119
654,29987005,109,172,129,136
606,28932240,103,110,97,171
634,31668820,72,135,93,127
620,29713681,100,144,62,142
609,29250771,115,147,140,156
595,29458136,110,120,107,107
634,30856112,93,119,127,136
589,29093681,121,153,62,178
641,31207170,91,117,89,123
635,30004252,125,122,137,158
589,29874846,84,133,127,155
608,29718136,102,137,102,107
601,30361823,92,117,127,166
578,28557700,101,171,63,178
587,29609559,87,174,63,166
632,31267492,71,158,132,130
632,31057653,93,126,127,134
618,31671627,65,121,93,128
605,29088271,104,141,127,161
596,30337653,81,119,128,160
601,29262756,84,124,105,158
604,29638136,95,122,95,102
604,30707492,62,174,127,137
611,31163473,69,148,128,139
633,32052893,72,114,106,122
620,29293506,116,104,100,134
618,29357700,121,165,60,151
592,28336259,106,131,104,166
622,32478007,60,128,114,131
632,29628271,103,145,132,134
616,29956488,109,128,63,151
622,29437700,114,167,60,134
641,31364266,86,112,103,135
593,29076313,97,102,102,174
577,29212407,102,117,96,174
626,30380130,84,136,134,137
586,29498864,93,189,129,165
588,29554164,77,99,117,170
611,30080130,86,140,139,159
622,31067492,71,159,136,133
632,30267059,105,117,128,130
638,31304266,83,117,82,131
613,31816314,57,178,102,128
611,31486280,67,128,130,136
652,30555311,116,117,89,124
651,30535311,127,110,103,135
606,30384284,90,133,108,107
599,29108933,111,98,108,175
601,28913506,105,108,112,165
603,30245540,88,141,63,164
592,28536129,95,130,106,160
579,29485478,88,145,91,179
597,31175798,72,117,111,163
569,29601459,79,122,92,181
619,30007059,106,116,133,161
607,32572964,55,165,81,133
554,30636314,58,147,83,174
635,30417754,102,109,62,124
585,31572296,61,130,103,181
604,30022630,92,152,133,152
637,29737700,129,154,62,131
626,31463473,69,146,140,140
642,29910771,104,153,129,128
603,29130771,100,158,130,156
621,29724252,103,123,144,133
593,29496488,104,123,61,163
590,29358136,106,138,94,106
591,30237653,88,124,134,172
637,30298738,89,102,99,123
598,29841545,75,101,96,163
608,29473681,105,143,58,154
611,31612893,68,110,112,156
597,28436259,112,131,102,160
631,29679218,113,97,117,142
576,28517700,105,173,58,185
595,28477525,126,128,97,172
623,30329559,76,157,63,125
600,29891674,93,173,42,166
606,30305540,92,143,61,151
591,29456488,126,134,61,173
636,30024252,108,123,129,146
588,29629559,86,182,63,163
592,29317472,85,110,110,162
633,29973681,120,133,61,132
629,29076259,97,131,86,135
601,29181490,90,131,98,157
640,30104252,119,119,127,138
624,31872893,65,115,95,131
633,29156259,109,131,112,110
635,30569559,84,171,62,140
639,30084252,108,122,129,134
593,30930086,70,120,92,166
589,30889184,71,125,128,160
609,29572425,96,128,116,104
564,32584823,49,179,94,170
592,29228698,112,122,127,173
638,29748271,115,144,135,127
598,28853506,108,109,83,168
609,32218007,61,129,75,127
603,31616314,61,172,90,153
581,30207091,77,127,102,106
642,31384266,83,115,91,141
593,28672240,114,110,96,168
649,31285904,92,118,98,134
649,30495311,110,111,119,133
574,28513618,108,138,91,188
600,29881545,91,99,92,154
629,29822756,90,128,94,134
565,30454532,67,129,78,187
595,28712240,107,110,119,153
625,30685540,85,139,63,137
586,30474105,69,138,96,157
578,29232407,122,117,92,185
618,30987492,70,175,135,133
596,29635232,107,131,109,106
588,30387492,66,192,133,178
624,32352296,61,135,111,121
564,28232352,96,174,86,178
598,30145540,88,155,62,174
572,29321545,75,97,81,174
625,29559218,104,100,81,136
607,29613691,109,124,116,108
634,29257525,113,130,104,120
636,30278738,89,108,90,131
602,30457653,91,127,127,175
627,30009964,104,110,131,132
604,31636314,58,173,102,129
614,29916488,114,122,59,176
560,29505904,73,127,111,174
613,29072240,140,110,90,157
591,28434863,96,131,112,166
576,29298864,74,171,129,179
600,28812240,119,110,94,171
633,30287059,108,115,136,120
587,29128698,95,141,130,165
590,30427492,72,173,132,153
579,28487005,95,170,132,167
593,29729559,90,173,63,171
589,29504449,89,102,82,171
586,31112893,66,117,96,164
573,29681459,92,113,100,176
654,30150771,116,151,127,129
562,29703000,73,138,90,179
599,30331252,92,129,63,165
606,31229184,67,136,128,140
601,34126987,48,164,90,132
617,31094105,71,136,108,130
601,30647492,66,170,136,137
581,31658007,60,134,109,157
582,29825540,90,138,57,178
640,31187170,88,116,113,132
600,28893506,96,107,103,154
565,30856314,60,163,100,180
637,30209964,99,117,128,131
604,29068271,119,144,128,170
620,30817653,73,129,130,154
595,30527492,72,168,134,165
629,30049964,108,112,131,134
567,29561459,78,120,96,177
629,29884252,114,117,132,138
566,30308820,68,137,92,162
594,29268698,104,127,127,161
634,31224266,92,112,105,138
623,29353506,100,109,90,139
629,29708933,105,101,106,132
607,30400557,80,147,133,159
621,29733681,113,146,44,156
648,30505793,118,122,135,114
576,29389559,82,150,63,184
651,31160193,93,136,115,126
587,30169996,84,131,111,108
622,30616112,81,123,129,149
570,28834045,94,128,116,164
637,29633506,110,109,116,139
564,28714045,98,120,104,174
597,31496314,60,177,100,149
587,29132425,99,144,96,102
588,31632296,59,145,89,157
609,30807492,69,151,130,158
592,29001490,82,131,108,171
603,29699402,105,117,100,107
594,29122756,75,122,106,165
575,29294164,86,100,103,175
604,30344284,84,134,92,105
611,29944449,89,97,101,146
599,29780279,92,103,101,160
603,30687492,67,175,128,152
612,29299218,118,102,101,168
615,29516313,97,94,94,149
588,30514105,71,141,107,172
572,30510086,69,121,95,179
636,29855047,116,103,95,144
600,29313681,111,151,62,157
621,30605540,85,134,59,145
575,29405478,85,145,102,180
574,29665540,85,137,63,179
594,30507492,72,174,129,163
595,30076112,85,123,127,161
597,31893562,61,121,112,138
590,33906987,48,152,114,147
570,30470086,66,120,112,171
580,28493506,97,105,104,174
587,30683473,69,135,132,153
563,29565904,84,135,103,181
649,30368698,95,131,127,136
591,30447492,70,167,134,161
616,30947492,70,169,128,136
564,30591627,69,119,95,175
609,29239218,99,102,112,162
631,31118919,84,117,127,131
583,29438864,81,180,127,163
558,28984212,86,157,98,180
620,31792893,69,107,105,126
592,29309964,106,113,129,153
599,29849559,92,179,62,170
604,30421823,92,114,127,145
561,30374532,71,124,98,194
644,29773506,104,109,119,120
565,31495103,56,125,106,177
614,32712964,55,178,107,123
575,31695103,60,136,92,177
645,31121459,88,111,98,128
597,28636129,101,130,97,157
644,31267170,88,117,103,138
624,29784252,107,115,134,142
604,29150771,111,154,129,162
633,29553506,106,108,98,147
627,29853681,122,133,61,141
589,28839218,106,96,99,179
610,29679392,125,136,62,149
568,30752893,70,115,99,185
575,29685540,90,155,60,174
583,28237525,103,130,84,179
592,29107710,94,141,79,104
593,30289996,93,132,113,107
628,31871627,70,126,118,125
626,30937653,77,134,132,129
596,30105540,90,149,59,168
636,30789244,93,124,100,137
605,29367710,97,144,115,106
563,30414532,66,127,101,188
606,31431627,66,130,102,148
600,29070771,107,137,132,159
644,29877700,117,157,58,128
633,30288453,89,109,118,146
625,31443473,72,138,132,140
633,29707667,109,103,103,132
642,30144252,95,124,130,130
588,30830086,70,124,83,174
587,30263544,71,101,89,164
587,29798303,87,159,109,105
620,30576112,84,123,128,138
605,29815232,127,121,109,108
562,29545904,73,143,103,184
611,32496369,60,116,113,133
645,29897700,106,170,62,130
591,28316259,99,131,104,151
599,29039218,106,102,94,166
589,29259392,108,132,60,160
589,30131252,89,124,51,178
579,31775103,60,119,120,170
605,31656314,60,162,104,140
582,28953681,102,152,57,172
572,31872964,55,182,111,167
619,29377700,119,167,60,146
636,30189964,109,110,141,135
577,28537700,96,183,63,164
580,30670086,68,121,107,166
580,30187091,86,126,118,108
631,30489559,91,156,60,136
631,29432240,94,110,102,147
597,28903222,106,107,107,169
606,29589964,107,117,133,157
585,29088698,100,123,129,180
613,30758919,90,108,128,157
621,30289559,92,159,56,146
603,29373681,97,136,57,161
623,30177754,115,108,63,135
641,29397525,119,129,109,132
594,30950086,72,121,84,178
579,28473506,97,108,99,188
626,30696112,83,120,130,116
563,30248820,68,135,77,171
584,29458864,84,186,130,174
602,29667059,97,112,127,165
652,30156118,114,161,103,136
566,31439273,61,116,91,163
594,30231252,93,131,60,174
623,29530771,125,151,130,143
632,30034947,102,122,62,121
605,29658136,96,143,85,107
612,30182630,89,148,128,142
616,29506444,119,164,117,107
622,29744252,108,119,127,142
633,30129964,96,117,144,140
595,29458738,88,108,96,183
587,28982756,78,130,96,172
595,29536488,102,125,63,161
628,31630086,70,124,99,126
625,30851252,89,130,57,141
626,29097525,95,129,115,128
619,31134105,70,142,107,141
623,29037525,107,130,114,150
592,29082756,92,130,74,165
637,30026029,108,102,112,129
599,29115047,112,103,99,156
581,31257580,61,143,90,164
597,29882630,86,160,134,169
628,29776313,99,102,107,141
614,29339218,125,101,86,155
613,29729964,105,114,128,162
650,30304252,137,124,132,132
624,30656112,87,124,130,138
602,31110086,72,119,111,150
655,30924212,92,162,93,123
581,31492296,58,150,94,159
636,29697952,111,103,76,137
614,29838738,79,109,116,163
604,29638738,93,109,71,152
634,30238738,85,109,103,129
637,29810771,114,147,130,136
597,29485793,101,133,131,165
638,29757700,118,165,60,121
587,29834846,86,153,127,167
619,28957525,95,129,68,152
593,30277653,89,122,130,158
631,29924252,95,117,134,131
621,29408271,100,139,132,128
597,31450967,58,155,129,154
603,32098007,61,142,97,140
615,29359218,94,97,76,146
593,30487492,64,175,127,165
622,31751627,72,137,102,144
612,30109559,93,170,63,163
595,30970086,72,123,96,160
568,31313562,60,122,104,173
620,32438007,60,131,98,127
601,29744449,93,96,96,165
595,29624449,89,102,97,176
563,28212352,101,166,76,194
580,29378864,81,184,128,170
624,30349559,77,176,61,139
629,30207059,96,117,128,127
628,31503473,67,133,127,138
650,30116118,106,169,72,131
612,30591252,91,133,63,123
599,29525793,118,123,130,165
588,31955103,60,126,95,164
626,29833681,108,145,63,151
591,28879218,100,100,91,173
584,28587005,100,174,130,168
589,29002986,96,134,131,176
626,29497952,119,103,105,141
623,31214105,70,145,101,140
587,28552240,98,110,98,174
626,30156488,122,129,62,145
626,30705540,83,125,60,136
592,29467059,101,105,129,168
604,28657525,105,130,104,146
580,31390406,61,161,114,106
619,30249559,73,163,57,146
619,29192240,97,110,106,133
640,30279392,109,131,61,124
600,29059218,109,100,103,172
594,31272893,71,117,110,159
630,31227492,71,182,135,132
585,30045550,77,123,107,107
632,30509559,82,164,63,129
632,30500130,84,141,134,135
629,30057472,77,110,92,149
586,28297525,110,129,83,175
592,29153681,113,138,57,178
561,29525904,77,123,97,176
625,31336605,68,157,124,123
619,29622756,93,127,107,144
633,30529559,77,169,52,124
607,30491252,86,134,62,139
633,29623222,117,109,91,132
564,28871141,106,123,84,194
565,30136605,68,153,106,155
601,29493691,110,124,90,108
636,29683222,126,106,96,124
603,29327710,108,142,112,108
577,33646987,46,160,107,153
594,29749559,86,161,63,174
592,30016112,93,122,129,171
596,29556488,105,118,63,168
650,30672407,102,116,87,140
586,30955798,72,113,111,154
588,30596605,68,143,91,172
625,29661490,82,131,90,141
626,31786280,71,134,139,128
601,29656488,103,123,60,172
578,32631752,53,125,95,177
601,29499392,118,130,62,160
636,30006029,108,102,101,152
561,28172352,94,166,90,187
601,29090771,102,144,130,156
635,31041823,85,110,132,134
598,28937952,106,103,84,178
594,29523183,90,103,97,143
599,28968271,109,143,127,152
645,31363000,93,131,89,126
595,30843473,72,143,129,158
593,30447091,83,135,96,97
626,29999392,99,125,53,133
564,31712964,55,175,85,181
630,29588271,107,140,139,132
624,28976259,115,131,91,147
616,31074105,65,144,93,149
633,31971627,71,124,99,129
597,28917952,103,103,94,160
576,30147492,67,191,132,165
653,29967005,130,164,128,144
600,31556314,60,179,100,162
627,29782756,85,125,103,141
602,29755232,97,133,96,106
593,29418738,91,104,90,172
573,30214105,67,140,105,181
634,29896313,117,97,107,140
627,32096314,61,162,82,134
612,31475798,71,116,79,154
628,29523222,103,109,121,121
598,29820130,79,144,128,161
585,28277525,97,130,91,172
608,29787059,111,111,133,161
585,29177472,89,110,91,177
643,30487059,103,109,131,129
621,30837653,74,129,127,121
570,28433618,109,138,105,180
587,31935103,60,125,106,152
606,28697525,107,129,106,160
605,28912240,102,110,90,161
640,29788271,109,140,130,127
566,28911141,98,130,94,167
619,29076129,101,129,111,144
634,30307059,122,117,127,134
596,29136313,101,98,120,159
586,29356488,97,122,63,179
653,30409600,131,121,112,122
618,31430086,69,124,78,131
648,30076118,102,159,116,127
629,29893681,99,128,51,129
619,29857472,79,110,107,138
586,30556605,66,148,113,180
622,31383473,67,142,128,135
587,30810086,72,119,102,163
596,33224823,50,171,106,136
593,30201823,84,117,128,169
583,30414105,70,140,112,173
629,29568271,101,140,133,131
600,29796498,104,111,124,107
634,29677700,105,168,63,133
577,29055311,114,115,83,173
586,29520279,80,103,106,165
640,30660130,80,143,127,132
637,31157653,90,124,135,117
591,29378136,100,131,125,105
566,28588334,102,137,97,174
626,31147492,72,172,131,123
627,31483473,67,144,129,125
625,30442630,90,162,132,130
584,28866444,99,167,81,108
600,30309632,92,139,48,103
591,28955047,116,103,99,174
590,30870086,71,117,104,174
623,32016314,61,159,97,123
614,29749964,96,113,131,150
625,31609184,69,130,130,125
578,29547978,82,150,118,177
585,29960557,78,141,131,173
617,33493018,55,109,95,129
600,29636488,101,118,58,158
655,30007005,131,175,127,131
600,31109184,71,139,131,166
608,30787492,65,167,133,134
618,31752893,70,110,102,128
601,29161096,107,166,131,98
656,30027005,125,178,133,125
636,30580130,92,143,131,122
614,30697653,82,124,127,153
584,28176259,107,131,109,179
603,32808945,52,130,105,125
635,31327492,71,177,129,133
594,29008933,112,102,112,163
583,28567005,97,168,133,161
584,29238136,113,133,106,108
605,31043473,70,141,140,143
589,31652296,60,148,95,141
626,29508271,102,143,128,138
565,31172296,61,138,110,185
607,30325540,88,142,62,145
574,28995311,100,116,92,178
589,32528945,54,146,92,151
610,29592425,94,142,125,97
612,29381096,132,169,131,103
584,28993681,109,131,62,187
559,31612964,53,175,105,189
618,32792964,53,178,83,139
590,29985540,90,137,63,176
576,29035311,101,116,71,175
613,29457384,121,124,95,171
577,31050967,58,155,129,171
597,30357653,91,128,127,166
608,30577653,87,130,127,137
595,29696498,95,108,100,108
584,31072893,70,117,104,171
613,29652425,112,148,93,108
617,29337700,100,164,63,139
607,30316112,90,124,131,149
588,30020557,91,128,127,170
582,29198738,88,107,101,173
631,30097472,91,110,115,116
602,29519392,109,129,63,161
650,30033618,115,145,119,130
595,30736605,72,157,124,171
632,31394105,72,145,106,134
587,29621545,88,101,87,170
611,30637653,90,120,130,163
570,29944266,81,114,96,187
643,29857700,105,170,62,128
651,30242986,108,141,132,129
628,30745540,86,148,57,149
607,29776488,118,137,57,171
580,32032964,55,171,116,175
637,30219392,103,119,56,125
586,28779218,108,100,74,183
603,31250450,71,113,130,149
643,31120557,85,132,131,129
598,29507187,88,110,114,176
618,31196605,72,155,97,140
589,29338136,95,126,102,108
633,30610825,91,132,61,136
565,30692893,70,114,107,175
610,29758738,83,101,87,132
618,32555103,60,125,100,139
591,29996112,93,120,134,163
595,30329996,77,126,119,106
600,31311627,70,126,108,150
619,29343222,99,107,101,150
614,31223473,66,150,130,133
626,29579218,105,100,114,141
585,30287091,85,123,80,103
576,29741459,80,123,89,176
578,31992964,54,157,104,176
603,29775232,120,120,97,108
573,28773681,95,133,58,177
642,31100557,89,146,131,135
584,29072425,112,157,82,105
579,30334105,70,145,92,159
599,29992956,88,176,129,104
583,30496605,72,142,86,179
652,30864212,91,166,97,129
600,30185540,90,136,63,161
656,30153618,120,145,70,128
639,30649559,85,172,61,121
620,31343473,72,142,133,139
639,31197653,91,132,137,124
639,29850771,112,140,133,148
598,29429964,95,117,135,171
580,30992893,69,113,97,162
603,29618136,127,133,94,105
575,30336605,63,156,100,181
607,30557653,90,134,133,156
602,29909559,86,159,62,149
604,31234532,66,138,109,144
647,31327170,87,116,98,135
611,29968817,88,98,132,153
591,30174898,69,103,104,161
624,29563586,98,99,128,128
593,28919218,112,98,98,173
634,30316488,110,128,62,120
605,30042630,91,146,128,169
582,29900557,74,130,128,166
609,29396313,112,100,108,164
650,30515311,123,113,111,126
591,31773562,59,119,99,166
601,32452964,55,158,116,139
619,31323473,70,142,141,134
615,30024449,88,99,121,144
589,28966444,95,163,120,108
606,29844449,73,102,89,165
641,30036313,108,94,88,114
588,31798007,60,134,104,157
555,29772839,71,169,110,162
605,30239569,89,151,111,107
634,29739218,102,96,100,131
616,29789964,98,115,128,136
580,30354105,66,141,105,165
600,29627059,99,113,127,172
640,29693506,100,109,98,128
618,29495047,114,103,110,149
632,29953681,99,140,54,134
599,29861545,91,102,98,165
601,29079218,98,102,108,168
603,30558919,87,113,128,164
607,29407710,109,138,105,102
612,30500557,76,137,128,146
576,32268945,55,149,116,167
581,28933681,97,136,63,186
628,31795798,69,116,108,133
618,29348271,112,144,128,131
562,35090706,43,178,118,172
632,30117472,93,110,100,126
604,29347710,99,145,106,100
591,30249996,81,137,108,107
654,30549964,139,111,130,130
595,28877952,110,103,114,162
604,31023473,71,147,129,153
610,30376112,82,117,133,144
606,29013506,109,107,88,160
625,29979392,104,129,50,151
590,29443183,83,103,109,168
607,29619392,114,128,63,163
613,29818738,93,107,114,138
587,28956313,102,102,91,177
595,29116313,105,101,108,167
608,29718738,81,101,119,129
619,32418007,57,138,112,114
578,32308945,54,151,99,160
616,30661823,86,117,130,141
620,29642756,89,129,101,124
624,30038738,91,109,109,139
585,28697700,106,157,63,181
600,29479392,99,131,61,170
635,30876112,74,120,127,128
579,30298186,71,160,63,185
602,29600658,97,117,62,166
588,30024284,92,152,112,108
595,32332964,55,167,108,147
620,31470086,70,124,125,135
592,28899218,112,100,89,175
587,31612296,60,137,107,165
599,30325550,89,122,111,106
581,31815103,61,119,103,172
605,29658738,81,108,100,157
614,33110211,53,122,115,122
582,30476605,71,158,107,175
611,32092296,56,133,105,114
570,31832964,55,172,108,175
643,30329964,116,117,127,134
581,30037653,80,120,132,152
583,31613562,59,121,88,159
581,29489559,88,173,63,183
609,29447710,107,140,84,107
579,31618007,58,129,112,160
562,32544823,49,166,88,171
569,31252296,61,147,88,175
630,30776112,84,123,127,125
627,29675047,102,103,95,138
598,28796608,111,110,133,170
620,31666280,66,120,129,138
630,29670771,114,163,127,127
578,29075311,96,115,81,183
580,28507005,99,164,128,161
652,30676488,130,128,63,124
598,29030771,108,160,128,158
590,30308347,93,138,55,169
592,29056313,111,102,112,171
649,31524266,90,114,98,142
603,29037952,100,103,91,157
589,30686930,71,178,112,104
562,32860805,51,139,114,163
598,29603183,82,103,84,170
590,28612240,96,110,103,163
609,28992240,110,110,100,153
604,29384252,101,122,129,163
612,32278007,58,137,79,137
583,29845540,89,143,62,194
632,30521545,79,102,103,132
562,31435103,59,122,96,191
593,29418136,95,128,96,103
638,29819218,112,100,97,127
592,29700130,75,138,129,168
606,29433681,107,140,59,170
643,29919218,118,99,94,130
605,31972296,58,147,110,147
558,30148820,70,132,98,183
627,29610771,119,167,132,138
613,29248271,113,132,127,152
591,30890086,71,118,110,174
639,29673506,100,109,75,136
626,31629184,69,128,128,143
590,29669559,84,158,62,193
573,29132407,94,117,103,176
589,29731260,86,102,112,172
606,29678136,109,133,110,102
587,31778007,59,134,91,160
594,28494863,98,131,121,166
578,31755103,61,138,105,172
612,30994105,67,144,94,134
587,30621952,63,166,61,167
643,30954846,85,129,137,129
632,30198738,90,106,113,132
590,30229996,90,120,112,108
604,29723183,90,103,108,166
569,29924266,87,112,105,153
598,29596488,114,140,63,173
635,31688820,72,133,102,120
623,31726280,69,129,130,126
647,29973618,105,139,114,130
582,28547005,97,176,127,166
592,30558186,68,180,59,161
633,29472240,104,110,114,140
597,30291252,90,151,62,167
584,30307492,70,174,127,162
617,29233506,104,100,85,143
620,30124449,89,97,105,147
623,29702756,92,128,91,135
641,29817700,109,168,60,125
586,29980557,90,134,128,171
568,31792964,53,181,94,165
592,30467492,67,167,128,172
587,30975798,64,117,123,173
608,29464252,117,124,131,147
574,30316605,72,138,103,182
591,28797952,103,103,91,182
631,29933681,101,148,62,136
632,29217525,113,130,98,128
600,29869559,77,166,59,161
576,31952964,52,168,90,168
583,29218738,82,102,103,171
595,30411262,85,111,91,107
600,30351252,74,120,61,160
607,29356313,98,101,108,171
602,29353681,117,155,63,163
587,29631674,90,170,37,173
652,29947005,110,178,127,139
548,34008542,45,154,77,174
605,29727059,109,110,131,176
607,32736730,52,148,92,129
612,31796314,61,170,93,136
631,29197525,106,129,104,127
651,30565793,109,137,131,123
618,32747617,52,177,132,125
564,31152296,58,138,95,172
600,29216313,113,102,105,161
595,32648945,54,144,111,159
603,30010825,91,135,59,150
635,29277525,113,126,119,122
600,32432964,55,166,100,145
582,30358186,72,161,56,150
623,31530086,69,117,100,138
652,30389600,129,123,108,133
604,29949559,92,165,62,166
572,32744823,50,168,106,175
632,29710771,134,151,128,134
579,30009996,78,124,126,106
598,29587059,94,117,128,138
633,30836112,88,120,130,130
608,29427710,98,144,98,102
631,31247492,67,164,129,132
618,29172240,96,110,120,148
616,30189559,88,173,61,131
589,29980737,68,108,97,174
566,30390086,69,124,89,179
614,28857525,101,130,101,149
585,28512240,110,110,107,167
634,31031252,85,139,62,127
612,31183473,71,142,139,139
583,28846444,103,161,93,108
562,30551627,69,124,112,176
567,30410086,71,114,80,167
596,30990086,71,123,92,163
638,30484449,90,99,110,126
584,28815047,105,103,73,192
584,29549559,88,159,58,170
599,30569613,89,116,61,161
624,29373506,110,109,95,157
584,29068698,108,137,127,173
609,31250086,70,121,97,136
595,28959218,105,101,115,172
624,30340130,92,136,130,142
614,31836314,58,153,118,146
568,30671627,63,135,105,193
617,30516112,79,121,131,126
619,29938738,93,108,88,143
604,29804449,92,100,107,149
565,31732964,55,176,99,173
624,31423473,70,139,129,141
638,30002756,86,126,91,119
598,28948271,100,137,133,150
564,33386987,48,156,109,158
602,28933506,115,109,101,164
620,29616313,106,101,107,160
587,30157653,92,127,127,162
621,29313506,104,107,106,155
558,30716314,61,179,94,174
647,30718864,91,159,129,129
611,29847059,109,108,129,135
633,29637952,117,103,120,132
618,29829964,101,116,139,144
637,29717952,103,103,118,130
607,29033506,115,108,101,149
608,29639392,99,124,54,159
636,29216259,119,131,84,143
555,30656314,61,165,106,174
604,31952296,58,151,104,140
615,29613681,110,132,63,152
588,29152425,100,144,80,107
619,31007492,70,182,127,134
617,29556313,101,102,104,147
633,29964252,101,124,128,132
610,32476369,61,115,80,142
561,30776314,59,167,99,169
606,31355798,66,107,117,153
622,30300130,88,145,133,125
637,29868933,116,100,97,126
605,29404252,117,123,127,164
646,30825478,87,134,87,112
586,29060405,108,100,93,106
565,30611627,65,131,117,155
622,31832893,67,113,117,136
584,30516605,70,150,99,162
582,28856313,98,102,83,180
573,29447978,85,150,108,178
599,28476259,114,131,117,169
607,31696314,61,170,92,154
643,30765478,93,137,99,127
601,31530967,57,184,128,139
626,30320279,86,103,111,144
608,31103473,66,130,129,138
564,30434532,66,133,95,175
599,29776498,106,116,95,107
634,31178919,92,113,131,128
586,32152964,55,161,74,143
625,29742756,76,126,96,126
613,34366987,48,166,105,134
579,29358864,93,158,127,163
571,28453618,95,143,68,183
598,29202756,78,129,110,169
598,29176313,112,96,80,160
591,30488357,90,115,90,108
585,30935798,66,114,100,171
611,29533681,118,137,62,160
634,31021823,89,115,130,126
624,30978919,87,117,129,114
652,31345904,92,125,83,128
616,29624252,100,112,127,140
590,35164524,45,143,88,142
572,28955311,112,117,97,185
616,33234657,54,128,110,117
633,30218738,91,104,87,136
625,29969964,109,113,129,145
593,31497580,59,145,94,150
638,30229964,104,115,132,135
571,29092407,113,114,96,173
601,30371252,92,133,63,163
630,29904252,114,123,134,133
594,29357472,81,110,110,170
627,30725540,82,146,63,133
568,32431752,55,127,112,179
604,29221096,120,162,128,108
649,29977700,126,156,62,130
593,28437525,108,130,87,165
566,30631627,66,128,86,168
605,30484648,82,146,130,104
589,31975103,61,122,100,169
597,29409964,96,115,128,154
640,30113681,115,135,61,134
605,29241096,102,175,128,101
612,29798738,85,108,109,156
635,30169964,125,116,130,118
585,29094947,95,118,62,173
586,29601545,83,99,74,171
606,29747059,109,117,128,157
590,30636605,72,156,108,162
633,29719218,100,97,103,117
591,28808271,97,144,129,179
598,29439392,97,126,59,167
652,30028271,117,145,135,124
607,31210086,63,113,116,145
633,30139392,96,128,62,136
608,29301096,95,171,134,107
567,30094105,63,144,109,166
618,31114105,68,143,112,129
607,29199218,117,99,83,169
605,32295103,60,127,100,144
624,31550086,69,124,102,128
622,30164449,93,102,88,131
601,30607091,86,138,115,108
590,30141823,82,114,127,171
599,28957952,114,103,113,163
557,28574045,97,135,98,174
587,28633506,94,107,98,170
606,29255047,131,103,86,175
557,29812839,65,170,103,177
590,29161361,93,128,119,167
630,30077472,76,110,88,134
589,30407492,68,171,129,146
576,31392296,57,130,102,171
583,28882986,104,143,131,172
603,29119218,107,100,107,165
589,29640130,81,140,130,173
625,29393506,101,109,100,136
607,29767059,99,112,131,161
610,30069559,92,158,63,158
601,28597525,107,129,103,168
595,29061466,101,142,62,171
609,29738136,119,135,114,102
553,28884212,81,157,105,187
604,29640658,118,116,63,163
619,30731252,80,133,63,129
566,36075570,42,195,107,166
621,28916259,99,131,112,131
611,30396112,92,123,129,163
616,29536313,116,99,112,151
596,29478738,91,109,107,160
563,30816314,61,147,116,171
621,29899392,112,133,61,141
592,29319392,98,135,57,182
565,28649600,95,122,93,167
575,29015311,114,112,77,188
622,31549184,71,144,127,134
615,30242630,86,161,127,136
594,29077384,105,119,84,172
626,30244449,89,102,116,135
610,29341096,96,158,127,100
638,30239392,101,124,62,134
599,29449964,97,116,133,156
605,31820080,59,146,111,144
602,29118966,121,144,63,170
618,31595798,69,113,110,137
586,31915103,61,139,117,162
558,31592964,55,181,92,173
617,29317952,97,103,79,140
627,30183183,92,103,90,136
629,31815798,69,111,98,122
